tropical fruit,long life bakery product,meat,sugar,rolls/buns,semi-finished bread,whole milk,citrus fruit,candy,napkins
whole milk,butter,female sanitary products,pot plants,other vegetables,tropical fruit,root vegetables,whole milk,shopping bags,chocolate,chocolate,coffee,hygiene articles
pip fruit,sausage,frankfurter,pork,other vegetables,white wine,long life bakery product,fruit/vegetable juice,flour,hygiene articles
rolls/buns,rolls/buns,canned beer,bottled beer,ham,coffee,whole milk,liquor,yogurt,white wine,meat,citrus fruit,hamburger meat,pickled vegetables,salty snack,domestic eggs,soda,canned beer,newspapers,pasta,soda,butter milk,white bread,soda,fruit/vegetable juice,chocolate marshmallow
other vegetables,other vegetables,butter milk,tropical fruit,brown bread,chicken,bottled water,pork,berries,soda,processed cheese,dessert,shopping bags
pot plants,dessert,root vegetables,sausage,chicken,fruit/vegetable juice,chicken,butter,citrus fruit,tropical fruit,berries,pip fruit,vinegar,newspapers,other vegetables,skin care,chewing gum,whipped/sour cream,rolls/buns
citrus fruit,whole milk,whipped/sour cream,root vegetables,whole milk,mustard,rolls/buns,whole milk,brown bread,whole milk,pot plants,flour,rolls/buns,pastry
beef,root vegetables,hamburger meat,pastry,citrus fruit,bottled beer,onions,root vegetables,whole milk,beef,specialty bar,pip fruit,specialty chocolate,cream cheese ,soda,liquor (appetizer),whole milk,yogurt,waffles,chocolate,bottled beer,dessert,pastry,cling film/bags,candy,sliced cheese,whole milk
frankfurter,frankfurter,citrus fruit,cleaner,ham,soda,berries,canned beer,bottled water,pip fruit,pip fruit,newspapers,white bread,processed cheese,pastry,bottled beer,shopping bags,beverages,pickled vegetables,brown bread,soda
chicken,beef,tropical fruit,oil,other vegetables,waffles,pip fruit,whipped/sour cream,margarine,pickled vegetables,brown bread
butter,beef,other vegetables,pastry,other vegetables,soda,onions,yogurt,seasonal products,curd,UHT-milk
fruit/vegetable juice,citrus fruit,pastry,whole milk,tropical fruit,hamburger meat,root vegetables,pip fruit,pastry,soft cheese,other vegetables,root vegetables,yogurt,semi-finished bread,specialty chocolate,softener,rolls/buns,pot plants,bottled water
chocolate,sausage,abrasive cleaner,candy,frankfurter,sausage,bottled beer,pastry,citrus fruit,yogurt,whole milk,whole milk,other vegetables,margarine,frozen vegetables,shopping bags,rolls/buns,long life bakery product,other vegetables,canned vegetables,UHT-milk
specialty bar,sausage,yogurt,whipped/sour cream,napkins,bottled beer,other vegetables,sparkling wine,bottled beer,chocolate
other vegetables,fruit/vegetable juice,sugar,soda,ham,tropical fruit,sausage,photo/film,cat food,seasonal products,seasonal products,sausage,other vegetables,onions,whole milk,butter,domestic eggs,cream cheese ,butter,soups,candy,chewing gum,shopping bags,seasonal products,cream cheese ,yogurt
butter milk,frankfurter,sausage,root vegetables,meat,sausage,root vegetables,curd,pip fruit,citrus fruit,butter,soda,frozen meals,frozen meals,whipped/sour cream,salty snack,long life bakery product
whole milk,chicken,butter,turkey,bottled water,soft cheese,other vegetables,chicken,bottled water,shopping bags,other vegetables,citrus fruit,canned beer,salty snack,canned vegetables
tropical fruit,sausage,pork,hamburger meat,rolls/buns,white bread,coffee,sauces,yogurt,sliced cheese,butter,rolls/buns,coffee,whipped/sour cream
yogurt,tropical fruit,packaged fruit/vegetables,chicken,soda,rolls/buns,tropical fruit,liquor,root vegetables,herbs,chewing gum,domestic eggs,cream cheese ,salty snack,soda,yogurt
other vegetables,curd,canned beer,salty snack,domestic eggs,syrup,rolls/buns,hygiene articles,newspapers,cat food,oil
brown bread,other vegetables,other vegetables,whole milk,meat,spread cheese,citrus fruit,photo/film,butter,canned beer,rolls/buns,yogurt,fruit/vegetable juice
hamburger meat,bottled beer,cling film/bags,sausage,rolls/buns,beef,other vegetables,other vegetables,bottled beer,curd,whipped/sour cream,yogurt,chewing gum,whole milk,rice,UHT-milk,other vegetables,specialty fat,chocolate,coffee,kitchen towels
root vegetables,berries,frankfurter,pork,citrus fruit,pork,pastry,pork,waffles,other vegetables,herbs,pastry,yogurt,pork,canned vegetables,syrup,cat food,specialty cheese,fruit/vegetable juice,herbs,long life bakery product
pastry,bottled water,sugar,chicken,sausage,dishes,whole milk,whole milk,whole milk,bottled beer,shopping bags,canned beer
canned beer,pip fruit,canned beer,shopping bags,frozen vegetables,dessert,long life bakery product,dessert,dish cleaner,candy,processed cheese,canned vegetables
citrus fruit,whole milk,frankfurter,ham,pip fruit,soft cheese,red/blush wine,soda,whole milk,rolls/buns,other vegetables,brown bread,canned fish,salty snack,specialty chocolate,whipped/sour cream,yogurt
sausage,dessert,ice cream,cream cheese ,butter,meat,specialty bar,newspapers,bottled beer,rolls/buns,soda,yogurt,frozen meals,bottled water,whipped/sour cream,brown bread,whipped/sour cream
tropical fruit,tropical fruit,pork,UHT-milk,bottled beer,cream cheese ,beverages,UHT-milk,rice,newspapers,seasonal products,newspapers,butter milk,bottled water
berries,frankfurter,ham,pork,vinegar,margarine,specialty cheese,whole milk,yogurt,other vegetables,frozen vegetables,butter,UHT-milk,brown bread,newspapers,domestic eggs,brown bread
canned beer,other vegetables,citrus fruit,rolls/buns,butter,root vegetables,hygiene articles,rolls/buns,dessert,condensed milk,fruit/vegetable juice,bottled water,seasonal products,margarine,baking powder,fruit/vegetable juice,skin care,hygiene articles,fruit/vegetable juice
coffee,whole milk,berries,margarine,soda,napkins,domestic eggs,cat food,other vegetables,grapes,whole milk,cream cheese ,other vegetables,UHT-milk,specialty chocolate,soda,whole milk,margarine,whole milk,pastry,other vegetables,bottled water,pastry,meat spreads,domestic eggs,cat food,pickled vegetables
pastry,meat,citrus fruit,soda,other vegetables,condensed milk,UHT-milk,tropical fruit,rice,other vegetables,brown bread,newspapers,specialty bar,tropical fruit,white bread,sugar,chocolate marshmallow
rolls/buns,liver loaf,margarine,chicken,other vegetables,citrus fruit,whipped/sour cream,newspapers,bottled water,canned beer,candy,soda,baking powder,white wine
misc. beverages,tropical fruit,root vegetables,dish cleaner,rolls/buns,sausage,pip fruit,frozen vegetables,other vegetables,kitchen towels,soda,beverages,butter,other vegetables,condensed milk
root vegetables,canned beer,frozen fish,pork,brown bread,soda,bottled water,coffee,coffee,pastry,long life bakery product,canned beer,pastry
canned beer,pastry,bottled water,canned beer,chicken,root vegetables,meat,whole milk,soda,other vegetables,domestic eggs,cat food,whole milk,butter milk,newspapers
ham,chewing gum,sausage,whole milk,chicken,meat,pasta,condensed milk,other vegetables,beverages,hygiene articles,other vegetables,UHT-milk,pot plants,liquor,frozen dessert,whipped/sour cream,sugar,pip fruit
turkey,citrus fruit,whole milk,root vegetables,whole milk,sugar,frozen meals,yogurt,cat food,soda,canned beer,processed cheese,other vegetables,spread cheese,canned fish
whole milk,tropical fruit,soda,whipped/sour cream,beef,beverages,root vegetables,Instant food products,fruit/vegetable juice,hard cheese,chocolate,dessert,bottled beer,margarine
whole milk,root vegetables,chicken,root vegetables,specialty chocolate,sausage,sausage,frozen vegetables,whole milk,frozen vegetables,canned beer,curd cheese,snack products,frozen fish,chocolate
packaged fruit/vegetables,cereals,ice cream,chewing gum,beef,ham,frozen vegetables,yogurt,condensed milk,canned beer,soda
ham,chicken,other vegetables,rolls/buns,citrus fruit,canned beer,other vegetables,cream cheese ,flour,other vegetables,napkins
rolls/buns,canned vegetables,canned beer,candy,chocolate marshmallow,butter,tropical fruit,other vegetables,chewing gum,frozen meals,yogurt,long life bakery product,margarine
other vegetables,frankfurter,whole milk,sausage,whole milk,other vegetables,brown bread,onions,seasonal products,grapes,hard cheese,soda,fruit/vegetable juice,waffles,dental care
sausage,meat,pork,ham,citrus fruit,pastry,butter,other vegetables,brown bread,processed cheese,specialty bar,frozen fish,canned beer,salty snack
sausage,sausage,pip fruit,soda,bottled beer,frankfurter,butter,onions,hygiene articles,whole milk,bottled water,other vegetables,chicken,other vegetables,ice cream,soda
frankfurter,bottled beer,whole milk,beef,grapes,canned beer,butter,fruit/vegetable juice,yogurt,semi-finished bread
rolls/buns,pork,tropical fruit,onions,yogurt,butter,yogurt,tropical fruit,whole milk,soft cheese,herbs,rolls/buns,rolls/buns
whole milk,pork,domestic eggs,frozen meals,meat,citrus fruit,sausage,other vegetables,beef,rolls/buns,rolls/buns,root vegetables,coffee,whipped/sour cream,butter,pot plants,frozen meals,long life bakery product,whole milk,sugar,frozen vegetables,fruit/vegetable juice,frozen vegetables,canned vegetables
curd cheese,meat,other vegetables,whole milk,yogurt,herbs,bottled water,fruit/vegetable juice,mayonnaise,tea,zwieback
red/blush wine,bottled beer,canned beer,bottled beer,curd cheese,yogurt,pip fruit,brown bread,whole milk,red/blush wine,bottled water,mustard,napkins,margarine
sausage,whole milk,berries,whole milk,pastry,tropical fruit,whole milk,tropical fruit,seasonal products,misc. beverages,hygiene articles,soda,berries,long life bakery product,dish cleaner,specialty bar,domestic eggs,yogurt,fruit/vegetable juice,soda,coffee,bottled water
red/blush wine,canned beer,root vegetables,sausage,soft cheese,whole milk,dessert,other vegetables,other vegetables,soda,other vegetables,yogurt,whole milk,bottled water,soda,pastry,whole milk,canned beer,yogurt,bottled water,rolls/buns
whole milk,root vegetables,specialty chocolate,bottled beer,frankfurter,soda,bottled beer,newspapers,canned beer,margarine,shopping bags,soda,bottled water,oil,domestic eggs,rolls/buns,shopping bags
frankfurter,misc. beverages,butter,zwieback,other vegetables,whole milk,margarine,liquor,newspapers,bottled water,bottled water
frozen potato products,citrus fruit,flour,pastry,tropical fruit,bottled water,frankfurter,grapes,frankfurter,bottled beer,pip fruit,rolls/buns,brown bread,cream cheese ,citrus fruit,red/blush wine,dessert,whole milk,roll products ,grapes,other vegetables,cat food,chocolate,bottled beer,pickled vegetables,misc. beverages,frozen vegetables,detergent,salt
other vegetables,whole milk,yogurt,curd,rolls/buns,hygiene articles,yogurt,hard cheese,shopping bags,margarine,frozen vegetables,skin care,bottled beer
citrus fruit,root vegetables,tropical fruit,frankfurter,yogurt,bottled water,salty snack,white bread,processed cheese,newspapers,canned beer,yogurt,white wine,beverages
flour,yogurt,pork,pork,yogurt,butter,whipped/sour cream,shopping bags,whipped/sour cream,brown bread,hard cheese
sugar,beverages,rolls/buns,canned vegetables,whole milk,grapes,flour,sausage,white bread,bottled water,popcorn,rolls/buns,salty snack
frozen meals,canned beer,canned beer,whole milk,chicken,frankfurter,whipped/sour cream,white bread,whole milk,domestic eggs,whole milk,flour,flour,bottled beer,sugar
chocolate,newspapers,pork,pip fruit,soda,citrus fruit,oil,rolls/buns,whole milk,white bread,other vegetables,grapes,bottled water,UHT-milk,waffles,frozen vegetables
root vegetables,finished products,fruit/vegetable juice,sausage,specialty vegetables,cream cheese ,other vegetables,root vegetables,curd,yogurt,UHT-milk,pastry
root vegetables,rolls/buns,whole milk,newspapers,whole milk,liquor,packaged fruit/vegetables,frozen vegetables,whole milk,whole milk,domestic eggs,specialty chocolate,hygiene articles,shopping bags,whipped/sour cream,seasonal products,domestic eggs,softener
herbs,frankfurter,sausage,rolls/buns,pork,fruit/vegetable juice,beef,cat food,curd cheese,sugar,hard cheese,white wine,other vegetables,hard cheese,whole milk,other vegetables,yogurt,newspapers,soft cheese,rolls/buns,long life bakery product,UHT-milk,candy
bottled water,butter,yogurt,chicken,processed cheese,whipped/sour cream,whole milk,whole milk,fruit/vegetable juice,rolls/buns,frozen vegetables
sausage,bottled beer,coffee,whole milk,turkey,sausage,pip fruit,herbs,tropical fruit,grapes,packaged fruit/vegetables,spread cheese,chocolate,frozen vegetables
coffee,root vegetables,fish,mayonnaise,other vegetables,sausage,sausage,ham,specialty chocolate,bottled water,rolls/buns,other vegetables,misc. beverages,whole milk,cream cheese ,soda,mayonnaise,herbs,napkins,rolls/buns,flower (seeds),Instant food products
pork,pip fruit,tropical fruit,sausage,beverages,whole milk,grapes,chicken,frozen vegetables,condensed milk
soda,yogurt,curd cheese,yogurt,coffee,root vegetables,rolls/buns,semi-finished bread,roll products ,oil
fruit/vegetable juice,root vegetables,soda,sausage,hamburger meat,ham,white bread,whole milk,pasta,sugar,pip fruit,condensed milk,rolls/buns,bottled beer,rolls/buns,chewing gum
citrus fruit,sausage,soda,beef,tropical fruit,white bread,salty snack,herbs,pork,oil,curd,other vegetables,curd,whole milk,softener,bottled water,Instant food products
detergent,white wine,pork,misc. beverages,tropical fruit,frankfurter,chicken,long life bakery product,shopping bags,whole milk,cake bar,liquor,soft cheese,soda,fruit/vegetable juice,brown bread,cake bar
grapes,sausage,chicken,butter,chicken,newspapers,whole milk,tropical fruit,pip fruit,spread cheese,whipped/sour cream,meat spreads,butter
sausage,sausage,whole milk,cocoa drinks,frankfurter,pork,pip fruit,soda,shopping bags,root vegetables,other vegetables,beef,frozen meals,bottled water,bottled water,fruit/vegetable juice,root vegetables,berries,other vegetables,yogurt,specialty bar,misc. beverages,rolls/buns,sweet spreads
whole milk,frozen fish,bottled beer,liver loaf,root vegetables,frankfurter,beef,brown bread,yogurt,tropical fruit,processed cheese,fruit/vegetable juice,curd,whipped/sour cream,mustard,brown bread
citrus fruit,citrus fruit,frankfurter,chicken,citrus fruit,rolls/buns,bottled water,candy,chocolate,sugar,yogurt
soda,frankfurter,soda,butter milk,sausage,citrus fruit,whole milk,butter milk,other vegetables,vinegar
sausage,sausage,root vegetables,whole milk,whole milk,whole milk,bottled beer,detergent,butter,whole milk,rolls/buns,tropical fruit,rolls/buns,newspapers,cat food,yogurt,waffles
frankfurter,soda,frankfurter,bottled beer,chicken,whole milk,oil,yogurt,hamburger meat,soda,yogurt,citrus fruit,whole milk,white bread,herbs,yogurt,newspapers,shopping bags,specialty chocolate
sausage,sausage,citrus fruit,root vegetables,bottled water,whole milk,root vegetables,soda,pip fruit,citrus fruit,chocolate marshmallow,coffee,cream cheese ,bottled water,sugar,bottled water
soda,misc. beverages,whole milk,UHT-milk,pork,whole milk,spread cheese,sugar,soda,soda,oil,pickled vegetables
rolls/buns,ice cream,cat food,sausage,hamburger meat,shopping bags,whole milk,curd,pip fruit,nuts/prunes,bottled beer,whipped/sour cream,shopping bags,brown bread,white bread,yogurt,newspapers
beef,whole milk,bottled beer,citrus fruit,waffles,root vegetables,citrus fruit,citrus fruit,liver loaf,yogurt,whole milk,waffles,chewing gum,whole milk,coffee,shopping bags
whole milk,citrus fruit,soda,yogurt,berries,margarine,butter,pip fruit,coffee,cream cheese ,root vegetables,waffles,salty snack,fruit/vegetable juice
whole milk,grapes,beef,frankfurter,chocolate,pastry,turkey,turkey,packaged fruit/vegetables,cream cheese ,rolls/buns,meat spreads,specialty bar,canned beer,brown bread,pastry,curd,kitchen towels,long life bakery product,UHT-milk,rolls/buns,sugar,domestic eggs,long life bakery product
berries,bottled water,hamburger meat,specialty bar,fruit/vegetable juice,whole milk,cream cheese ,tropical fruit,white bread,chewing gum,tropical fruit,whipped/sour cream,whipped/sour cream,root vegetables,bottled water,napkins,soda
citrus fruit,tropical fruit,specialty chocolate,citrus fruit,whole milk,pip fruit,chocolate,yogurt,whole milk,pip fruit,soda,canned beer,other vegetables,brown bread
tropical fruit,other vegetables,grapes,pastry,beef,whole milk,finished products,chocolate marshmallow,beef,grapes,yogurt,rolls/buns,red/blush wine,sliced cheese,chocolate,bottled beer,newspapers,brown bread,pasta,frozen dessert,pastry
hamburger meat,hygiene articles,butter,UHT-milk,canned fish,meat spreads,pork,soda,tropical fruit,citrus fruit,specialty cheese,salty snack,shopping bags,napkins
packaged fruit/vegetables,pip fruit,root vegetables,dessert,pip fruit,root vegetables,tropical fruit,sliced cheese,white wine,pip fruit,mustard,tidbits,salty snack,frozen fruits,whipped/sour cream,shopping bags,white bread
misc. beverages,frankfurter,pork,whole milk,frankfurter,bottled beer,rolls/buns,tropical fruit,pastry,pip fruit,other vegetables,other vegetables,ham,other vegetables,hard cheese,pip fruit,canned fruit,pip fruit,cream cheese ,onions,brown bread,semi-finished bread,soda,shopping bags,coffee,bathroom cleaner,brown bread,other vegetables,domestic eggs,soda,bottled beer
frankfurter,other vegetables,rolls/buns,citrus fruit,butter,shopping bags,pastry,margarine,soda,UHT-milk,soda,roll products 
sparkling wine,whole milk,rolls/buns,pork,whole milk,beef,zwieback,frozen vegetables,root vegetables,canned beer,dessert,whole milk,root vegetables,canned beer,salt,margarine,frozen dessert,fruit/vegetable juice,salty snack,shopping bags,shopping bags,cream cheese ,oil,soda
specialty bar,pork,canned beer,candy,bottled water,shopping bags,root vegetables,frozen meals,other vegetables,ice cream,tidbits,newspapers,curd,hard cheese
curd cheese,ham,sausage,whipped/sour cream,sausage,root vegetables,chocolate,tropical fruit,bottled water,margarine,newspapers,berries,napkins,whipped/sour cream,pastry,root vegetables,cream cheese 
frankfurter,ham,yogurt,frankfurter,ham,liquor,whole milk,tropical fruit,white bread,domestic eggs,berries,pastry,butter milk,meat spreads,long life bakery product
whole milk,whipped/sour cream,herbs,bottled beer,coffee,rolls/buns,beverages,cake bar,rolls/buns,shopping bags
berries,onions,whole milk,sausage,berries,tropical fruit,candy,beef,butter,root vegetables
curd,pastry,beef,bottled beer,soda,soda,soda,soft cheese,salty snack,hamburger meat,soda,berries,sweet spreads,other vegetables,bottled water,spices,rolls/buns,chocolate,fruit/vegetable juice,pastry,house keeping products,fruit/vegetable juice,detergent
tropical fruit,root vegetables,beverages,yogurt,sausage,chicken,oil,sausage,ham,whole milk,rolls/buns,citrus fruit,soda,butter,pastry,whole milk,sliced cheese
soda,meat,canned beer,sparkling wine,citrus fruit,coffee,frozen meals,specialty bar,canned beer,bottled water,curd,dessert
rolls/buns,rolls/buns,frankfurter,nuts/prunes,rolls/buns,pastry,root vegetables,pip fruit,fruit/vegetable juice,mayonnaise
canned beer,salty snack,grapes,rolls/buns,butter,tropical fruit,dessert,other vegetables,whole milk,pastry,dessert,root vegetables,fruit/vegetable juice,semi-finished bread,curd,dishes,whole milk,bottled water
canned beer,dishes,grapes,frankfurter,beef,pip fruit,rolls/buns,rolls/buns,bottled beer,yogurt,yogurt,soda,yogurt,ice cream,pip fruit,soda,chocolate
frankfurter,pip fruit,frankfurter,citrus fruit,UHT-milk,bottled water,rolls/buns,frozen meals,fruit/vegetable juice,canned fish,dishes
other vegetables,sausage,citrus fruit,whole milk,ham,root vegetables,pip fruit,pastry,domestic eggs,yogurt,rolls/buns
whole milk,grapes,rolls/buns,tropical fruit,coffee,other vegetables,yogurt,margarine,baking powder,bottled water,condensed milk,pastry,pastry
whole milk,pip fruit,pip fruit,frankfurter,beverages,ham,rolls/buns,pip fruit,tropical fruit,semi-finished bread,salty snack,dessert,tropical fruit,other vegetables,cream cheese ,napkins,onions,ham,pickled vegetables,white bread,candy,pudding powder,salty snack,pip fruit,rice,flour,waffles,frozen dessert
citrus fruit,bottled water,bottled beer,canned beer,yogurt,other vegetables,rolls/buns,mustard,pastry,whole milk,butter,pasta,shopping bags,whole milk
frankfurter,rolls/buns,UHT-milk,butter,specialty bar,finished products,butter,tropical fruit,specialty bar,salty snack,other vegetables,yogurt,whole milk,domestic eggs,margarine,specialty bar
butter milk,whole milk,soda,citrus fruit,ham,domestic eggs,bottled beer,shopping bags,domestic eggs,detergent
hamburger meat,soda,sausage,pork,root vegetables,frozen meals,margarine,soft cheese,tropical fruit,soda,bottled water,curd,misc. beverages,canned beer,pickled vegetables,fruit/vegetable juice,chocolate marshmallow
pasta,frankfurter,hamburger meat,sausage,whole milk,soda,sauces,rolls/buns,red/blush wine,curd,root vegetables,rolls/buns,abrasive cleaner,misc. beverages,coffee,flower (seeds),seasonal products,cat food
other vegetables,frankfurter,cream cheese ,root vegetables,tropical fruit,pip fruit,tropical fruit,baking powder,root vegetables,other vegetables,pastry,soft cheese,bottled beer,specialty chocolate,softener,shopping bags
sausage,citrus fruit,long life bakery product,frankfurter,chicken,white bread,beef,yogurt,other vegetables,whole milk,whole milk,butter,napkins,margarine,cake bar
rolls/buns,canned beer,whole milk,butter,other vegetables,white bread,bottled beer,bottled beer,other vegetables,herbs,tropical fruit,curd,napkins,canned beer,canned beer,spread cheese,brown bread,chewing gum,whipped/sour cream,bottled beer,specialty chocolate,onions,rolls/buns,red/blush wine,candles,fruit/vegetable juice,fruit/vegetable juice,salad dressing,misc. beverages
grapes,sausage,ham,chicken,canned beer,sausage,tropical fruit,frozen dessert,tropical fruit,frozen meals,fruit/vegetable juice,sugar,pip fruit,sparkling wine,detergent
root vegetables,hamburger meat,ham,bottled water,citrus fruit,sugar,ice cream,yogurt,napkins,ice cream,whole milk,shopping bags,chocolate marshmallow,specialty bar,candy,fruit/vegetable juice,frozen vegetables,rice,canned beer
coffee,sausage,frozen dessert,whole milk,other vegetables,shopping bags,specialty bar,herbs,sliced cheese,fruit/vegetable juice,red/blush wine,brown bread
popcorn,ham,frankfurter,ham,soda,oil,pork,pork,onions,margarine,beverages,other vegetables,misc. beverages,rolls/buns,bottled beer,curd,beef,soda,shopping bags,butter,margarine,rolls/buns,yogurt,whole milk
tropical fruit,chocolate,finished products,detergent,other vegetables,cream cheese ,pork,pastry,beef,flower (seeds),oil,beverages,baking powder,berries,softener,white wine,butter milk,rolls/buns,specialty bar,soda,bottled beer,hygiene articles
canned beer,soda,flower (seeds),pork,pastry,tropical fruit,frozen vegetables,margarine,honey,UHT-milk,fruit/vegetable juice,newspapers,ketchup
finished products,canned beer,detergent,sausage,ice cream,honey,red/blush wine,frozen meals,other vegetables,cream cheese ,salt,hamburger meat,beverages,soda,soda,bottled water,white bread,canned beer,cereals,sugar,frozen dessert,whipped/sour cream,ready soups
beverages,canned beer,beef,cream cheese ,meat,domestic eggs,whole milk,other vegetables,other vegetables,domestic eggs,pip fruit,tropical fruit
hamburger meat,curd,pip fruit,whole milk,beverages,shopping bags,frozen vegetables,rolls/buns,pip fruit,root vegetables,root vegetables,margarine,soda,candles
whole milk,rolls/buns,root vegetables,whipped/sour cream,pasta,whole milk,waffles,citrus fruit,bottled water,shopping bags
finished products,citrus fruit,napkins,rolls/buns,bottled water,pip fruit,grapes,root vegetables,shopping bags,other vegetables,sliced cheese
ham,liquor,sausage,whole milk,bottled beer,chicken,whole milk,yogurt,whole milk,brandy,photo/film,specialty chocolate,margarine,whole milk,curd,fruit/vegetable juice,canned beer,whipped/sour cream
other vegetables,pastry,canned beer,whole milk,soda,whole milk,chocolate,other vegetables,margarine,rolls/buns,shopping bags,instant coffee,coffee
curd,sausage,cream cheese ,sausage,curd,butter,misc. beverages,yogurt,whole milk,pip fruit,whole milk,yogurt,pastry
whole milk,canned beer,ice cream,rolls/buns,hard cheese,yogurt,whole milk,frozen vegetables,frozen vegetables,coffee
dessert,whole milk,citrus fruit,citrus fruit,yogurt,citrus fruit,beef,sausage,soda,chocolate,grapes,hard cheese,rolls/buns,napkins,margarine,whole milk,cream cheese ,yogurt
other vegetables,pip fruit,canned beer,newspapers,pip fruit,cream cheese ,butter milk,other vegetables,cake bar,butter
other vegetables,condensed milk,whole milk,hamburger meat,dish cleaner,white wine,canned fish,other vegetables,soda,rolls/buns,other vegetables,soups,flour,whole milk,condensed milk,rolls/buns,yogurt,shopping bags,Instant food products,frozen vegetables,waffles,cling film/bags,domestic eggs
soda,pickled vegetables,whole milk,whole milk,hamburger meat,organic sausage,zwieback,other vegetables,root vegetables,specialty bar,packaged fruit/vegetables,yogurt,detergent,baking powder
frankfurter,sugar,citrus fruit,white wine,berries,shopping bags,seasonal products,soda,newspapers,bottled beer
rolls/buns,bottled water,beef,citrus fruit,processed cheese,citrus fruit,butter milk,root vegetables,beef,cereals,other vegetables,other vegetables,other vegetables,spices,whole milk,butter,yogurt,napkins,chocolate,shopping bags
frankfurter,whole milk,pip fruit,rolls/buns,root vegetables,beef,whole milk,whole milk,pastry,chocolate marshmallow
other vegetables,margarine,UHT-milk,beverages,whipped/sour cream,tropical fruit,curd,domestic eggs,tropical fruit,bottled water,yogurt,yogurt,candy
dog food,sausage,whole milk,pip fruit,rolls/buns,berries,canned beer,whipped/sour cream,pip fruit,pork,bottled beer,specialty cheese,sliced cheese,canned vegetables,dessert,pastry,soda,onions,white bread,sugar,snack products
soda,canned beer,abrasive cleaner,newspapers,whole milk,berries,coffee,yogurt,cat food,shopping bags,frozen meals
beef,sausage,sausage,pork,rolls/buns,frozen vegetables,whole milk,UHT-milk,cat food,cling film/bags,fruit/vegetable juice,candles
canned beer,berries,pork,soda,yogurt,grapes,white bread,chewing gum,domestic eggs,rolls/buns,flour
pork,soda,coffee,tropical fruit,frozen vegetables,rolls/buns,rolls/buns,yogurt,napkins,yogurt,onions,other vegetables,newspapers
sausage,frankfurter,citrus fruit,other vegetables,other vegetables,bottled water,bottled beer,whole milk,long life bakery product,fish,tropical fruit,other vegetables,newspapers,soda,frozen potato products,long life bakery product,domestic eggs,whipped/sour cream,vinegar,rolls/buns,soda,pot plants,long life bakery product
canned beer,frankfurter,pip fruit,sausage,canned beer,berries,bottled water,UHT-milk,other vegetables,shopping bags,shopping bags
specialty chocolate,root vegetables,pip fruit,pastry,tropical fruit,flour,sweet spreads,whipped/sour cream,whipped/sour cream,oil
whole milk,pork,berries,brown bread,dessert,ham,beef,tropical fruit,curd,root vegetables,hygiene articles,yogurt,soda,frozen vegetables,shopping bags,bottled water
pork,root vegetables,turkey,ham,grapes,frankfurter,curd,tropical fruit,white bread,whole milk,citrus fruit,dishes,ketchup,processed cheese,pastry,soda
citrus fruit,liver loaf,citrus fruit,chicken,beef,shopping bags,onions,misc. beverages,rolls/buns,misc. beverages,spread cheese,specialty fat,rolls/buns,newspapers,whole milk,rolls/buns,shopping bags,newspapers,pastry,semi-finished bread
rolls/buns,onions,butter,hamburger meat,tropical fruit,softener,bottled water,soda,chocolate,candy
butter,frankfurter,bottled water,other vegetables,rolls/buns,tropical fruit,onions,soda,rolls/buns,rolls/buns,rolls/buns,cream cheese ,pastry,root vegetables,root vegetables,hard cheese,yogurt
sausage,beef,whipped/sour cream,whole milk,rolls/buns,bottled water,soda,meat,sausage,berries,soda,frozen potato products,whole milk,whole milk,long life bakery product,domestic eggs,cereals,white bread,domestic eggs,newspapers
beverages,bottled beer,pip fruit,bottled beer,whole milk,soda,sausage,whole milk,rolls/buns,canned fish,soft cheese,cake bar,cream cheese ,soda,shopping bags,frozen vegetables,sugar,brown bread,mayonnaise,shopping bags
beverages,soda,UHT-milk,tropical fruit,rolls/buns,other vegetables,curd,soft cheese,bottled water,oil,chocolate,rolls/buns,baking powder
cleaner,pastry,citrus fruit,liver loaf,beef,whole milk,other vegetables,chewing gum,specialty bar,vinegar,specialty bar,sliced cheese,whole milk,white bread
sausage,onions,other vegetables,curd,spread cheese,house keeping products,meat,oil,tea,onions,tropical fruit,brown bread,whole milk,cat food,hygiene articles,curd,hard cheese,bottled beer,cat food
newspapers,soda,pip fruit,beef,pastry,citrus fruit,sausage,beef,citrus fruit,pastry,citrus fruit,shopping bags,candy
sausage,frankfurter,sausage,pip fruit,sausage,pastry,pip fruit,seasonal products,root vegetables,soda,pastry,soda,curd,rolls/buns,pasta,white wine,whole milk,napkins,white wine,long life bakery product,waffles
sausage,zwieback,detergent,chicken,beverages,shopping bags,tropical fruit,ice cream,kitchen towels,bottled water,soda,margarine
meat,soft cheese,whole milk,frozen meals,canned beer,domestic eggs,rolls/buns,pip fruit,other vegetables,red/blush wine,canned beer,newspapers,newspapers,domestic eggs,whole milk,whipped/sour cream,napkins
frankfurter,brown bread,UHT-milk,fruit/vegetable juice,other vegetables,domestic eggs,pastry,butter,rolls/buns,bottled water
ice cream,beef,chicken,beef,chicken,frozen dessert,berries,pork,root vegetables,rolls/buns,frozen meals,tropical fruit,newspapers,sugar,fruit/vegetable juice,frozen meals,frozen dessert,liquor,white bread,newspapers,dish cleaner
tropical fruit,pork,sliced cheese,sausage,berries,frozen meals,meat,beef,butter milk,whole milk,soda,bottled water,yogurt,rolls/buns,liquor,sliced cheese,chocolate,male cosmetics,shopping bags,fruit/vegetable juice
meat,beef,semi-finished bread,frankfurter,whole milk,other vegetables,oil,frozen vegetables,brown bread,oil,long life bakery product,instant coffee,instant coffee,other vegetables,hygiene articles
whole milk,cookware,soda,chicken,specialty bar,curd,cream cheese ,butter,whole milk,dog food,rolls/buns,rolls/buns,cream cheese 
whole milk,curd,other vegetables,UHT-milk,whipped/sour cream,frozen meals,other vegetables,bottled water,other vegetables,other vegetables
citrus fruit,sausage,canned beer,rolls/buns,hygiene articles,liquor,yogurt,tropical fruit,bottled water,shopping bags,tropical fruit,bottled beer,sugar
citrus fruit,chocolate,pork,other vegetables,frozen vegetables,brown bread,rolls/buns,whipped/sour cream,semi-finished bread,shopping bags,rice,margarine,frozen vegetables,brown bread,shopping bags
frankfurter,soap,shopping bags,long life bakery product,soda,root vegetables,tropical fruit,rum,curd,canned vegetables,instant coffee,domestic eggs
hard cheese,beef,citrus fruit,specialty bar,pastry,white bread,soda,vinegar,long life bakery product,domestic eggs
cream cheese ,brown bread,sausage,canned beer,hard cheese,pork,meat,tropical fruit,sausage,long life bakery product,other vegetables,soda,newspapers,root vegetables,beverages,salty snack,curd,other vegetables,butter,shopping bags,whole milk,fruit/vegetable juice,newspapers
turkey,other vegetables,tropical fruit,pastry,citrus fruit,pip fruit,curd,soda,whole milk,detergent,syrup
whole milk,whole milk,root vegetables,canned beer,soda,frozen dessert,white bread,grapes,rolls/buns,baking powder,brown bread,frozen vegetables,detergent,curd cheese,whipped/sour cream,cream cheese ,coffee
ice cream,newspapers,onions,berries,pip fruit,hamburger meat,root vegetables,whole milk,root vegetables,whole milk,dish cleaner,specialty bar,yogurt,specialty cheese,rolls/buns,butter,newspapers
pip fruit,beef,UHT-milk,whole milk,soda,candles,flower soil/fertilizer,yogurt,newspapers,salty snack,coffee
root vegetables,frankfurter,beef,sausage,rolls/buns,canned beer,soda,rolls/buns,other vegetables,condensed milk,other vegetables,rolls/buns,cream cheese ,white wine,waffles,fruit/vegetable juice,chocolate
soda,meat,citrus fruit,pip fruit,dish cleaner,ham,whole milk,processed cheese,root vegetables,grapes,frozen vegetables,ketchup,canned beer
chocolate,cream cheese ,whipped/sour cream,other vegetables,pet care,sausage,soda,root vegetables,flower soil/fertilizer,fruit/vegetable juice,pip fruit,root vegetables,rolls/buns,whipped/sour cream,meat,long life bakery product,misc. beverages,shopping bags,soda,processed cheese,pastry,rolls/buns
fruit/vegetable juice,rolls/buns,hamburger meat,pip fruit,whole milk,salty snack,bottled beer,rolls/buns,dishes,dessert
bottled water,tropical fruit,curd,pork,pip fruit,pork,rolls/buns,berries,white wine,frozen meals,rolls/buns,salty snack,condensed milk,yogurt,yogurt,bottled beer,other vegetables,newspapers
frankfurter,photo/film,root vegetables,whole milk,brown bread,soda,rolls/buns,other vegetables,shopping bags,cream cheese 
tropical fruit,chicken,sausage,frankfurter,fruit/vegetable juice,soda,waffles,snack products,pastry,dessert,rolls/buns,rolls/buns
tropical fruit,newspapers,cat food,beverages,sausage,rum,beef,tropical fruit,chocolate,other vegetables,whipped/sour cream,flour,kitchen towels
citrus fruit,grapes,other vegetables,pork,onions,frankfurter,other vegetables,rolls/buns,pot plants,grapes,rolls/buns,curd,brown bread,other vegetables,domestic eggs,salty snack,domestic eggs,newspapers,shopping bags,domestic eggs,domestic eggs
hamburger meat,curd,citrus fruit,bottled water,butter,dessert,other vegetables,pastry,butter milk,soda,newspapers,salt
chicken,whole milk,hamburger meat,bottled water,yogurt,frozen fish,flower (seeds),baking powder,hair spray,domestic eggs,sugar,frozen vegetables,dessert,honey,fruit/vegetable juice,processed cheese
chicken,white bread,beef,hamburger meat,pork,tropical fruit,whole milk,pastry,beef,frozen meals,yogurt,whole milk,specialty bar
frankfurter,shopping bags,cat food,other vegetables,pork,soda,fruit/vegetable juice,seasonal products,curd,sparkling wine,hard cheese,root vegetables,coffee,root vegetables,rolls/buns,hard cheese,whipped/sour cream,newspapers
canned beer,meat,sausage,domestic eggs,whole milk,soda,whole milk,butter milk,whipped/sour cream,UHT-milk,newspapers,beverages
pasta,whole milk,butter,other vegetables,hard cheese,chocolate,root vegetables,yogurt,whole milk,root vegetables,whipped/sour cream,rolls/buns,soda,shopping bags,specialty bar,sauces
citrus fruit,tropical fruit,chicken,whole milk,butter,whole milk,hamburger meat,nut snack,bottled water,spices,long life bakery product,sliced cheese,rolls/buns,photo/film
canned beer,citrus fruit,dessert,hamburger meat,root vegetables,citrus fruit,canned fish,long life bakery product,whole milk,margarine,dish cleaner,shopping bags,white bread,cling film/bags,rolls/buns,specialty cheese
citrus fruit,pastry,mayonnaise,sausage,turkey,frankfurter,tropical fruit,rolls/buns,pet care,napkins,domestic eggs,soda,canned fish
liquor (appetizer),whole milk,canned beer,white wine,beef,whole milk,sliced cheese,hard cheese,root vegetables,pork,whole milk,candy,oil,oil,yogurt,pastry,domestic eggs,fruit/vegetable juice,rolls/buns,hygiene articles,candy,canned vegetables
citrus fruit,UHT-milk,sausage,other vegetables,yogurt,specialty chocolate,other vegetables,bottled water,liquor,soda,dishes,waffles,condensed milk,soda,mustard,bottled water,white bread,whipped/sour cream,kitchen towels,rolls/buns,chocolate,salty snack,rum,soups,shopping bags,bottled beer,pet care
sausage,pork,meat,tropical fruit,bottled beer,coffee,onions,brown bread,whole milk,bottled beer,whole milk,frozen meals,liquor,UHT-milk,root vegetables,pip fruit,domestic eggs,domestic eggs,whole milk,waffles,bottled water,jam,long life bakery product,pastry,house keeping products
chicken,canned vegetables,chocolate marshmallow,onions,pip fruit,whole milk,yogurt,oil,curd,detergent
hamburger meat,other vegetables,pork,pet care,rolls/buns,pork,frozen vegetables,onions,whole milk,photo/film,whole milk,pasta,cream cheese 
citrus fruit,canned beer,ice cream,hamburger meat,rolls/buns,onions,tropical fruit,sausage,citrus fruit,whole milk,oil,misc. beverages,bottled beer,whipped/sour cream,brown bread,whipped/sour cream,newspapers,yogurt,rolls/buns,shopping bags
UHT-milk,UHT-milk,meat,whole milk,tropical fruit,berries,butter milk,root vegetables,shopping bags,butter,shopping bags,napkins
frankfurter,berries,domestic eggs,coffee,bottled beer,whipped/sour cream,dishes,UHT-milk,other vegetables,butter milk,candy,house keeping products,hygiene articles,newspapers
canned beer,whole milk,ham,soda,rolls/buns,soda,tropical fruit,berries,napkins,salt,frozen vegetables,semi-finished bread,cat food,napkins,candy
bottled beer,pastry,other vegetables,butter,photo/film,whole milk,yogurt,chocolate,frozen meals,pastry,cream cheese 
onions,chicken,frankfurter,chicken,grapes,rolls/buns,whole milk,rolls/buns,butter,yogurt,root vegetables,pot plants,curd cheese,other vegetables,other vegetables,frozen vegetables,soups,soda,chocolate,coffee,napkins
tropical fruit,finished products,pork,onions,canned beer,pasta,tropical fruit,soda,hygiene articles,pastry
sausage,ham,other vegetables,other vegetables,beef,specialty bar,ice cream,soda,whole milk,whole milk,canned beer,frozen meals,rolls/buns,domestic eggs,kitchen towels,whole milk,candy,fruit/vegetable juice
hair spray,liver loaf,whole milk,frankfurter,dessert,chocolate,whipped/sour cream,spread cheese,newspapers,herbs,rolls/buns,detergent,artif. sweetener
chicken,hamburger meat,root vegetables,pot plants,chicken,other vegetables,rolls/buns,rolls/buns,salt,Instant food products
pork,beef,packaged fruit/vegetables,tropical fruit,soda,root vegetables,whole milk,liquor,sweet spreads,yogurt,rolls/buns,shopping bags
bottled water,oil,other vegetables,tropical fruit,ice cream,chocolate,coffee,pork,shopping bags,salt,jam
sausage,canned beer,napkins,pot plants,other vegetables,napkins,root vegetables,detergent,hard cheese,margarine,whipped/sour cream,chocolate,sugar,specialty cheese,hygiene articles,white wine
domestic eggs,organic sausage,tropical fruit,yogurt,other vegetables,chewing gum,white bread,hamburger meat,whole milk,soda,bottled beer,baking powder,brown bread,butter,soda,yogurt,fruit/vegetable juice,oil,rolls/buns,waffles
rolls/buns,pastry,pork,herbs,whole milk,beverages,root vegetables,chewing gum,margarine,meat,sliced cheese,grapes,sauces,yogurt,rum,bottled water,domestic eggs
tropical fruit,bottled water,sausage,whole milk,yogurt,soda,beverages,hamburger meat,rolls/buns,other vegetables,white bread,frozen meals
berries,finished products,dessert,condensed milk,rolls/buns,herbs,whipped/sour cream,brown bread,waffles,dish cleaner
tropical fruit,butter,pork,curd,coffee,meat,other vegetables,citrus fruit,whole milk,oil,domestic eggs,white wine,cream cheese ,yogurt,chocolate,specialty chocolate,specialty bar,vinegar
ham,instant coffee,other vegetables,pork,packaged fruit/vegetables,whole milk,chewing gum,margarine,other vegetables,specialty bar,other vegetables,shopping bags,whipped/sour cream
yogurt,tropical fruit,citrus fruit,citrus fruit,sliced cheese,margarine,newspapers,sweet spreads,whipped/sour cream,shopping bags
soda,nuts/prunes,whole milk,domestic eggs,chicken,sausage,pork,brown bread,root vegetables,bottled beer,yogurt,red/blush wine,bottled water,hygiene articles,newspapers,brown bread
yogurt,pork,frozen potato products,pet care,pip fruit,female sanitary products,pastry,whole milk,frozen meals,cake bar,whole milk,other vegetables,fruit/vegetable juice,other vegetables,curd,berries,frozen vegetables,fruit/vegetable juice,bottled beer
soda,chicken,frankfurter,onions,rolls/buns,citrus fruit,canned vegetables,cream cheese ,pip fruit,hygiene articles,napkins,white wine,specialty cheese,margarine,white bread,whipped/sour cream,pasta,domestic eggs
sausage,bottled water,soda,ice cream,chicken,curd,frozen meals,domestic eggs,rolls/buns,red/blush wine,onions,yogurt,instant coffee,fruit/vegetable juice,newspapers
citrus fruit,curd,pip fruit,pip fruit,chocolate,frozen vegetables,sugar,salty snack,margarine,whole milk,margarine,pastry
newspapers,sausage,photo/film,other vegetables,yogurt,sausage,brown bread,chicken,beverages,other vegetables,sugar,rolls/buns,soda,domestic eggs,pip fruit,soda,newspapers
frankfurter,pork,tropical fruit,other vegetables,citrus fruit,soda,whole milk,yogurt,salty snack,pickled vegetables,other vegetables,soda,fruit/vegetable juice
sausage,canned beer,meat,canned beer,whipped/sour cream,root vegetables,bottled water,yogurt,rolls/buns,shopping bags,candy,nut snack,whole milk,butter,hard cheese
frankfurter,berries,bottled water,pastry,citrus fruit,tropical fruit,soda,margarine,whipped/sour cream,seasonal products,cake bar,berries,napkins,butter,bottled beer
beef,soda,whole milk,other vegetables,hamburger meat,hamburger meat,citrus fruit,dish cleaner,white wine,chocolate,curd,coffee,beverages,coffee,mayonnaise,newspapers,pip fruit,margarine
whole milk,sausage,pork,other vegetables,other vegetables,UHT-milk,soda,sliced cheese,soda,red/blush wine,beverages,yogurt,rolls/buns,frozen vegetables,shopping bags
frozen vegetables,pork,whole milk,bottled water,salt,sausage,other vegetables,root vegetables,cling film/bags,pastry,yogurt,liquor,bottled water,yogurt,soda,bottled water,soft cheese,brown bread,curd,whole milk,bottled beer,dishes,domestic eggs,rolls/buns,sweet spreads
rolls/buns,pip fruit,citrus fruit,root vegetables,soft cheese,whipped/sour cream,syrup,cling film/bags,fruit/vegetable juice,baking powder,pickled vegetables
frankfurter,frankfurter,beef,sausage,whole milk,soda,curd,white bread,whole milk,soda,whipped/sour cream,rolls/buns
yogurt,sausage,herbs,yogurt,whole milk,berries,margarine,hygiene articles,soft cheese,rolls/buns,chocolate
other vegetables,hamburger meat,soda,bottled water,brown bread,baking powder,root vegetables,UHT-milk,yogurt,coffee,salty snack,seasonal products,canned beer
berries,chicken,soft cheese,pork,grapes,citrus fruit,white bread,fruit/vegetable juice,onions,sugar
berries,rolls/buns,whipped/sour cream,tropical fruit,detergent,UHT-milk,dessert,bottled beer,butter milk,UHT-milk,misc. beverages,berries,dessert,newspapers
rolls/buns,curd,root vegetables,pip fruit,canned beer,turkey,other vegetables,curd,coffee,butter,hygiene articles,coffee,fruit/vegetable juice,pickled vegetables,cat food,domestic eggs
ham,sausage,rolls/buns,canned beer,pip fruit,canned beer,other vegetables,male cosmetics,detergent,rolls/buns,salty snack,newspapers,cake bar,napkins,yogurt
tropical fruit,canned beer,sausage,pork,curd,seasonal products,whole milk,whole milk,white wine,butter milk,yogurt,flour,vinegar,domestic eggs
butter milk,pork,soda,other vegetables,bottled beer,soft cheese,candles,frozen fish,whole milk,skin care,chocolate,berries,pot plants
newspapers,sausage,sausage,pip fruit,tropical fruit,salty snack,salty snack,root vegetables,pasta,rum,rolls/buns,beverages,salty snack,bottled water,margarine,canned fish,brown bread
bottled beer,bottled beer,cat food,root vegetables,tropical fruit,other vegetables,rolls/buns,onions,whole milk,tidbits,butter,napkins,other vegetables,photo/film
onions,whole milk,pastry,rolls/buns,chicken,bottled beer,canned beer,tropical fruit,citrus fruit,citrus fruit,grapes,pastry,mustard,seasonal products,root vegetables,other vegetables,yogurt,fruit/vegetable juice,whole milk,chewing gum,salty snack,bottled beer,frozen vegetables,margarine
hamburger meat,tropical fruit,yogurt,pip fruit,sausage,tropical fruit,rolls/buns,yogurt,domestic eggs,brown bread,other vegetables,hamburger meat,brown bread,tea,nut snack,shopping bags
hard cheese,meat,canned beer,soda,chicken,pork,root vegetables,root vegetables,whole milk,fish,whipped/sour cream,domestic eggs,domestic eggs,coffee,white bread,white bread
sausage,sauces,rolls/buns,root vegetables,tropical fruit,bottled water,other vegetables,soda,whipped/sour cream,other vegetables,red/blush wine,brown bread,waffles,canned fish,cream cheese 
hamburger meat,cat food,other vegetables,root vegetables,newspapers,rolls/buns,fruit/vegetable juice,rolls/buns,soda,cat food,domestic eggs
yogurt,dessert,other vegetables,citrus fruit,pet care,rolls/buns,chicken,other vegetables,frozen dessert,whole milk,coffee,brown bread,soda,soda,shopping bags
soda,waffles,onions,tropical fruit,pip fruit,bottled beer,shopping bags,bottled beer,soda,specialty cheese,domestic eggs,frozen vegetables,frozen meals,cream cheese ,baking powder,fruit/vegetable juice,whipped/sour cream,canned fish,whipped/sour cream,curd
sliced cheese,pip fruit,frozen meals,frankfurter,root vegetables,dessert,white bread,brown bread,whipped/sour cream,whipped/sour cream,cream cheese ,specialty bar,fruit/vegetable juice,pastry
domestic eggs,whole milk,tropical fruit,citrus fruit,onions,fruit/vegetable juice,rolls/buns,domestic eggs,rolls/buns,sugar,mustard,rolls/buns
whole milk,salty snack,pork,pastry,meat,white wine,whole milk,liquor,butter milk,mayonnaise,popcorn
meat,packaged fruit/vegetables,citrus fruit,canned beer,other vegetables,whole milk,pip fruit,specialty chocolate,dessert,brown bread,whole milk,bottled water,specialty bar,coffee
dish cleaner,whole milk,whole milk,bottled beer,pastry,whole milk,whole milk,margarine,butter,hard cheese,whole milk,chocolate,canned vegetables
other vegetables,chicken,yogurt,organic sausage,dessert,tropical fruit,whipped/sour cream,other vegetables,rolls/buns,butter,soft cheese
whole milk,rolls/buns,sausage,frankfurter,hygiene articles,bottled beer,specialty bar,pork,soda,pasta,canned fish,chocolate,fruit/vegetable juice,shopping bags,soups,pasta
other vegetables,onions,pip fruit,other vegetables,hard cheese,sausage,canned fish,pip fruit,rolls/buns,pip fruit,grapes,other vegetables
tropical fruit,canned beer,frankfurter,whole milk,citrus fruit,beef,meat,rolls/buns,waffles,rolls/buns,fruit/vegetable juice,whole milk,whole milk,cat food,brown bread,curd,white bread,shopping bags,frozen meals,processed cheese,pastry,sugar
baking powder,chicken,chicken,whole milk,turkey,beef,other vegetables,canned beer,soda,chocolate,shopping bags
specialty bar,bottled water,sugar,tropical fruit,sausage,yogurt,tropical fruit,other vegetables,tropical fruit,pastry,curd,semi-finished bread,tropical fruit,soda,white bread,mayonnaise,butter
other vegetables,whole milk,root vegetables,other vegetables,pip fruit,photo/film,tropical fruit,root vegetables,red/blush wine,frozen vegetables,frozen meals,pastry,soda,root vegetables,newspapers,UHT-milk,specialty chocolate,margarine
citrus fruit,grapes,whole milk,whole milk,whole milk,sliced cheese,spread cheese,ice cream,other vegetables,pastry,butter,ice cream,soda,coffee,root vegetables,specialty bar,yogurt,red/blush wine,fruit/vegetable juice,spices,curd,whipped/sour cream
sausage,canned beer,white bread,other vegetables,margarine,other vegetables,brown bread,flour,yogurt,shopping bags,flour,other vegetables,flour,seasonal products
domestic eggs,whole milk,frankfurter,rolls/buns,pip fruit,pip fruit,bottled beer,newspapers,tropical fruit,other vegetables,yogurt,soda,frozen meals,soups,yogurt,UHT-milk
specialty cheese,ham,hard cheese,tropical fruit,bottled beer,dessert,sliced cheese,rolls/buns,whole milk,white bread,liquor (appetizer),bottled water
other vegetables,root vegetables,bottled beer,newspapers,beef,citrus fruit,pastry,canned beer,yogurt,curd,semi-finished bread,fruit/vegetable juice
chicken,tropical fruit,pip fruit,mayonnaise,other vegetables,meat,frozen dessert,whole milk,citrus fruit,roll products ,coffee,napkins,frozen meals,newspapers,rolls/buns,salty snack
whole milk,tropical fruit,ham,root vegetables,bottled beer,pastry,sausage,other vegetables,tropical fruit,citrus fruit,whole milk,yogurt,other vegetables,rolls/buns,sugar,zwieback,sugar,condensed milk,domestic eggs,tropical fruit,margarine,curd,baking powder,domestic eggs,flour,whole milk,rolls/buns,bathroom cleaner,whole milk,onions,pastry,waffles,canned beer,newspapers,margarine,sugar
root vegetables,pork,rolls/buns,yogurt,rolls/buns,yogurt,whipped/sour cream,canned fish,shopping bags,canned beer
pastry,ice cream,sausage,whole milk,meat spreads,meat,rolls/buns,soda,pip fruit,domestic eggs,sugar,bottled water
tropical fruit,brown bread,rolls/buns,chocolate,hygiene articles,citrus fruit,citrus fruit,frozen fish,cat food,white bread,chocolate
salty snack,citrus fruit,hamburger meat,rolls/buns,whole milk,bottled beer,frozen vegetables,cream cheese ,newspapers,flower (seeds),white bread,whole milk,curd,napkins
bottled water,liquor (appetizer),whole milk,frankfurter,sausage,yogurt,sausage,soda,other vegetables,whipped/sour cream,rolls/buns,whole milk,instant coffee,berries,chocolate,pot plants,packaged fruit/vegetables,soda,pastry,yogurt,pork,bottled beer,other vegetables,bottled water,pip fruit,shopping bags,white bread,flower (seeds),bottled beer,soda,pudding powder,shopping bags,brown bread
citrus fruit,frankfurter,berries,soda,pastry,pet care,newspapers,soda,onions,berries,flower (seeds),other vegetables
bottled water,bottled beer,root vegetables,whole milk,other vegetables,tropical fruit,pip fruit,dessert,fruit/vegetable juice,napkins,rolls/buns,whisky
onions,beef,bottled beer,sausage,citrus fruit,onions,beef,whole milk,dessert,cat food,whole milk,other vegetables
beef,ham,fish,sausage,citrus fruit,rolls/buns,whole milk,butter,cream cheese ,bottled beer,whipped/sour cream,whole milk,newspapers,yogurt
rolls/buns,other vegetables,beef,canned beer,rolls/buns,ice cream,citrus fruit,soda,curd,herbs,soda,whipped/sour cream,butter,margarine
soda,ham,soda,margarine,pip fruit,cake bar,bottled beer,spread cheese,bottled water,cereals
coffee,whole milk,ham,sausage,bottled water,whole milk,other vegetables,whole milk,dessert,cream cheese ,whole milk,ketchup,bottled beer,baking powder,soda,chewing gum
rolls/buns,zwieback,misc. beverages,frankfurter,whole milk,whole milk,frozen vegetables,waffles,whole milk,napkins,yogurt,bottled beer,salty snack
soda,sausage,chicken,photo/film,root vegetables,specialty bar,frozen fish,yogurt,whipped/sour cream,bottled water,soups,domestic eggs,fruit/vegetable juice,decalcifier
beef,sausage,citrus fruit,root vegetables,root vegetables,hamburger meat,ice cream,chocolate,other vegetables,root vegetables,mayonnaise,chewing gum,popcorn,root vegetables,candy,white bread,beverages,seasonal products,rolls/buns,whole milk,brown bread,bottled water,waffles
tropical fruit,frankfurter,canned beer,frankfurter,pork,baking powder,curd,root vegetables,whole milk,root vegetables,long life bakery product,processed cheese,whole milk,root vegetables,frozen potato products,whipped/sour cream,whipped/sour cream,specialty bar,margarine,rolls/buns,snack products,sugar,rolls/buns
herbs,other vegetables,tropical fruit,tropical fruit,tropical fruit,rolls/buns,root vegetables,instant coffee,citrus fruit,citrus fruit,beef,butter milk,whole milk,other vegetables,fruit/vegetable juice,butter milk,shopping bags,flower (seeds),brown bread
yogurt,meat,frozen meals,sausage,root vegetables,salty snack,newspapers,bottled beer,whole milk,domestic eggs,specialty cheese,whole milk,napkins,rolls/buns,sugar
Instant food products,pip fruit,whole milk,root vegetables,tropical fruit,pip fruit,bottled water,UHT-milk,margarine,cream cheese 
coffee,canned beer,frozen meals,rolls/buns,pork,pot plants,soda,napkins,root vegetables,beef,canned beer,root vegetables,fruit/vegetable juice,frozen vegetables,root vegetables,dessert,yogurt,whole milk,coffee,pastry,yogurt,coffee
bottled beer,pip fruit,tropical fruit,bottled water,frozen potato products,soda,sweet spreads,chocolate,bottled beer,napkins,yogurt,candles,seasonal products,sparkling wine,canned fish
whole milk,pastry,soda,tropical fruit,frozen potato products,hard cheese,tropical fruit,other vegetables,whole milk,other vegetables,domestic eggs,sugar,curd cheese,bottled water
frankfurter,frankfurter,whole milk,tropical fruit,white wine,meat,spread cheese,sausage,salt,bottled beer,onions,whole milk,pip fruit,mayonnaise,yogurt,semi-finished bread,misc. beverages,waffles
frankfurter,citrus fruit,frankfurter,canned beer,hygiene articles,berries,ham,canned beer,frozen vegetables,pork,yogurt,pork,rolls/buns,tropical fruit,rolls/buns,soft cheese,bottled beer,rolls/buns,other vegetables,yogurt,whole milk,grapes,herbs,rolls/buns,onions,chocolate marshmallow
other vegetables,citrus fruit,other vegetables,tropical fruit,misc. beverages,salty snack,citrus fruit,whole milk,whole milk,pip fruit,mustard,domestic eggs,canned beer,chewing gum,domestic eggs,sliced cheese
frankfurter,frozen meals,citrus fruit,canned fish,soda,ham,chocolate,specialty chocolate,pastry,rolls/buns,soda,roll products 
whole milk,frankfurter,whole milk,root vegetables,rolls/buns,bottled water,canned beer,canned beer,coffee,specialty chocolate,frozen vegetables,domestic eggs,soda,napkins,salty snack
frankfurter,packaged fruit/vegetables,butter,whipped/sour cream,light bulbs,pork,house keeping products,whole milk,newspapers,frozen vegetables,mustard,napkins
hamburger meat,beef,sausage,canned beer,berries,organic sausage,candy,UHT-milk,rolls/buns,domestic eggs,coffee
whole milk,citrus fruit,beverages,margarine,hard cheese,beef,packaged fruit/vegetables,rolls/buns,root vegetables,canned beer,bottled beer
frankfurter,finished products,pork,whole milk,other vegetables,citrus fruit,rolls/buns,rolls/buns,white wine,misc. beverages,chocolate marshmallow,herbs,coffee,white bread,beverages,other vegetables,rolls/buns,whipped/sour cream,soda
dessert,salty snack,rolls/buns,misc. beverages,bottled beer,tropical fruit,bottled water,decalcifier,semi-finished bread,soda
ham,bottled water,pork,root vegetables,whipped/sour cream,specialty chocolate,candy,rolls/buns,yogurt,whole milk,chewing gum,domestic eggs,butter milk,coffee
specialty bar,sausage,tropical fruit,whole milk,canned beer,cream cheese ,beef,pip fruit,UHT-milk,newspapers,whole milk,candy,herbs,white bread,semi-finished bread,rolls/buns,salty snack,shopping bags,pickled vegetables,rolls/buns,frozen meals,brandy,pickled vegetables
brown bread,whipped/sour cream,condensed milk,finished products,sausage,meat,yogurt,tropical fruit,yogurt,whole milk,bottled beer,processed cheese,soda,bottled water,roll products ,waffles
rolls/buns,soda,chicken,pork,other vegetables,fruit/vegetable juice,soda,root vegetables,newspapers,whole milk,napkins,yogurt
bottled beer,tropical fruit,berries,coffee,pip fruit,whole milk,whole milk,curd,pip fruit,UHT-milk,pastry,ice cream,oil,Instant food products,cake bar
pet care,chicken,rolls/buns,coffee,tropical fruit,pastry,dish cleaner,beef,citrus fruit,hygiene articles,baking powder,yogurt,other vegetables,curd
white wine,meat,frankfurter,beef,citrus fruit,tropical fruit,yogurt,dishes,yogurt,rolls/buns
pip fruit,coffee,whole milk,sausage,tropical fruit,other vegetables,whole milk,yogurt,tidbits,yogurt,cake bar,cake bar,yogurt,female sanitary products,chocolate,soda
sugar,whole milk,butter,sausage,chocolate,citrus fruit,hamburger meat,canned fish,other vegetables,fruit/vegetable juice,detergent,baking powder,yogurt,pickled vegetables,pickled vegetables,pickled vegetables,butter,cat food,brown bread,bottled water,pot plants
whole milk,tropical fruit,butter milk,UHT-milk,root vegetables,root vegetables,salt,whole milk,specialty cheese,soda,shopping bags,waffles
tropical fruit,rolls/buns,brown bread,root vegetables,fruit/vegetable juice,meat,pastry,yogurt,canned beer,sausage,liquor (appetizer),soda,specialty cheese,detergent,pip fruit,dessert,yogurt,rolls/buns,yogurt,snack products
white bread,chocolate,yogurt,chicken,napkins,tropical fruit,herbs,bottled water,whole milk,whole milk,cat food,flour,chocolate,detergent,white bread
brown bread,bottled water,rolls/buns,whole milk,other vegetables,frankfurter,chicken,yogurt,curd,bottled water,yogurt,newspapers,butter milk,soda,fruit/vegetable juice,bottled water,whole milk,pet care,herbs
tropical fruit,whole milk,whole milk,sausage,rolls/buns,pip fruit,pip fruit,ham,pip fruit,pip fruit,hard cheese,bottled beer,rolls/buns,pastry,hard cheese,frozen fish,shopping bags,pot plants,root vegetables
domestic eggs,frankfurter,meat,bottled water,chicken,whole milk,whole milk,pastry,yogurt,brown bread,newspapers,whole milk,shopping bags,detergent,margarine,waffles,specialty bar
bottled beer,fish,ham,chicken,chicken,bottled beer,tropical fruit,rolls/buns,hamburger meat,UHT-milk,canned vegetables,other vegetables,cream cheese ,newspapers,coffee,root vegetables,hard cheese
other vegetables,condensed milk,tropical fruit,pip fruit,canned beer,yogurt,beef,curd,processed cheese,turkey,whole milk,rolls/buns,whole milk,rolls/buns,fruit/vegetable juice,brown bread,rolls/buns,salty snack,candy
sparkling wine,bottled water,flower soil/fertilizer,pork,beef,canned beer,frozen dessert,rolls/buns,rolls/buns,misc. beverages,roll products ,root vegetables
citrus fruit,tropical fruit,other vegetables,napkins,other vegetables,tropical fruit,pastry,specialty bar,spices,frozen meals
packaged fruit/vegetables,butter milk,sausage,chocolate,tropical fruit,whole milk,yogurt,pastry,other vegetables,beverages,pip fruit,curd cheese,other vegetables,whipped/sour cream,whipped/sour cream,root vegetables,bottled water,butter,sugar
other vegetables,beef,white bread,pastry,rolls/buns,chocolate marshmallow,pip fruit,soda,instant coffee,margarine
citrus fruit,sausage,pip fruit,yogurt,ice cream,root vegetables,other vegetables,beef,whole milk,fruit/vegetable juice,pip fruit,beef,butter,whipped/sour cream
misc. beverages,fruit/vegetable juice,semi-finished bread,instant coffee,flower (seeds),ketchup,oil,detergent,shopping bags,candy
white bread,pip fruit,tropical fruit,hamburger meat,rolls/buns,pip fruit,popcorn,sliced cheese,domestic eggs,whipped/sour cream,instant coffee,dishes,sparkling wine,softener
tropical fruit,other vegetables,sausage,pork,citrus fruit,tropical fruit,frozen meals,soda,hygiene articles,rolls/buns
frankfurter,ham,chocolate,rolls/buns,root vegetables,citrus fruit,pip fruit,pip fruit,whole milk,whole milk,rolls/buns,tropical fruit,bottled beer,rolls/buns,ice cream,bottled water,rolls/buns,chewing gum,specialty fat,whipped/sour cream,sugar,red/blush wine,bottled beer
frankfurter,pork,bottled water,canned beer,pastry,beverages,chocolate marshmallow,brown bread,shopping bags,meat,onions,herbs,frozen dessert,cat food,flour,pastry,soda
frankfurter,sausage,photo/film,UHT-milk,candles,shopping bags,bottled water,frozen vegetables,bottled beer,chewing gum,grapes,bottled beer,artif. sweetener,other vegetables,bottled beer,margarine,fruit/vegetable juice,butter,seasonal products
yogurt,whole milk,tropical fruit,margarine,liquor,yogurt,shopping bags,frozen vegetables,UHT-milk,bottled water,UHT-milk,coffee,newspapers
pip fruit,sausage,citrus fruit,chicken,whole milk,pastry,brown bread,mustard,bottled water,rolls/buns,rolls/buns,other vegetables
root vegetables,frankfurter,chicken,hygiene articles,hamburger meat,other vegetables,citrus fruit,pork,other vegetables,soft cheese,pickled vegetables
onions,beef,sausage,domestic eggs,whole milk,white wine,coffee,other vegetables,specialty cheese,yogurt
photo/film,beverages,frankfurter,pork,other vegetables,frozen meals,butter,cat food,curd,butter,rolls/buns,rolls/buns,canned beer,yogurt,white bread
curd,pork,whole milk,condensed milk,curd,tropical fruit,condensed milk,pip fruit,butter,waffles,oil
butter,bottled beer,canned beer,whole milk,butter,popcorn,herbs,margarine,mustard,domestic eggs,curd
other vegetables,chicken,canned beer,cream cheese ,cream,root vegetables,frankfurter,rolls/buns,whole milk,whole milk,liquor,sugar,soda,other vegetables,UHT-milk,grapes,white wine
whole milk,chicken,citrus fruit,cream cheese ,whole milk,meat spreads,onions,cereals,margarine,root vegetables,pastry,yogurt,soda,waffles,chewing gum,shopping bags,napkins
soda,beverages,butter,butter milk,yogurt,whole milk,frozen dessert,red/blush wine,onions,whole milk
fruit/vegetable juice,citrus fruit,shopping bags,root vegetables,root vegetables,butter,hard cheese,bottled water,rolls/buns,yogurt
pip fruit,whole milk,frozen vegetables,specialty chocolate,zwieback,yogurt,flour,yogurt,pickled vegetables,hard cheese,pasta,pastry
frozen vegetables,pip fruit,sausage,pasta,berries,sausage,citrus fruit,chicken,pip fruit,male cosmetics,tropical fruit,hard cheese,shopping bags,sliced cheese,dishes
newspapers,soda,chicken,whole milk,processed cheese,soda,berries,processed cheese,roll products ,soda,curd
rolls/buns,rolls/buns,tropical fruit,other vegetables,sausage,shopping bags,cereals,pork,chicken,long life bakery product,pip fruit,candy,specialty fat,salty snack,bottled water,shopping bags,root vegetables,napkins,house keeping products
hamburger meat,frankfurter,canned beer,berries,specialty chocolate,soda,root vegetables,whole milk,brown bread,pudding powder,rolls/buns,herbs,bottled water,processed cheese,candles,rolls/buns,hygiene articles,soda
canned beer,hamburger meat,pip fruit,root vegetables,whole milk,soap,citrus fruit,yogurt,pip fruit,spread cheese,whipped/sour cream,candy
root vegetables,whole milk,beef,pip fruit,meat,yogurt,tropical fruit,tropical fruit,liquor (appetizer),coffee,newspapers,waffles,whipped/sour cream,soda,fruit/vegetable juice
citrus fruit,ham,whole milk,newspapers,root vegetables,whole milk,chocolate,other vegetables,rolls/buns,butter,napkins,newspapers,fruit/vegetable juice
cling film/bags,bottled water,meat,liver loaf,yogurt,sausage,other vegetables,pip fruit,beef,beef,berries,other vegetables,white bread,yogurt,other vegetables,butter,grapes,berries,whipped/sour cream,whole milk,bottled water,pastry,whipped/sour cream,newspapers
frankfurter,whole milk,sausage,pork,specialty chocolate,beef,beef,turkey,citrus fruit,turkey,root vegetables,yogurt,yogurt,whole milk,frozen vegetables,root vegetables,brown bread,canned beer,whole milk,grapes,shopping bags,yogurt,soda,shopping bags,condensed milk,salty snack,yogurt,sliced cheese,bottled water,dental care
whole milk,chocolate,pastry,whole milk,whole milk,herbs,soda,Instant food products,chocolate,soda
chicken,white bread,frankfurter,soda,rolls/buns,beef,other vegetables,whole milk,whole milk,curd cheese,curd,flour,soda,Instant food products
whipped/sour cream,frozen chicken,soda,yogurt,other vegetables,tropical fruit,dessert,whole milk,coffee,margarine
root vegetables,pork,frankfurter,finished products,canned beer,hamburger meat,yogurt,other vegetables,salty snack,packaged fruit/vegetables,whipped/sour cream,curd,sweet spreads,whole milk,white bread
rolls/buns,canned beer,liver loaf,pasta,canned beer,root vegetables,cream cheese ,fruit/vegetable juice,grapes,other vegetables,other vegetables,flower (seeds),fruit/vegetable juice
frankfurter,frankfurter,grapes,ham,newspapers,specialty chocolate,butter,brown bread,zwieback,red/blush wine,canned beer,domestic eggs
coffee,tropical fruit,sausage,ham,root vegetables,citrus fruit,turkey,pastry,pasta,soda
canned beer,butter,hamburger meat,sausage,waffles,rolls/buns,beverages,dessert,butter,sausage,whole milk,newspapers,whole milk,whole milk,curd,whole milk,domestic eggs,yogurt,soda,whipped/sour cream,nuts/prunes,curd,whipped/sour cream,canned beer,condensed milk,decalcifier,meat spreads,coffee,semi-finished bread
canned beer,canned beer,other vegetables,root vegetables,whole milk,semi-finished bread,hamburger meat,condensed milk,hard cheese,ice cream,pastry,pastry,Instant food products
canned beer,specialty chocolate,frankfurter,rolls/buns,misc. beverages,onions,bottled beer,citrus fruit,candy,dessert,other vegetables,specialty bar,brown bread,specialty chocolate
pip fruit,canned beer,tropical fruit,frankfurter,pork,whole milk,pip fruit,ham,citrus fruit,softener,berries,instant coffee,other vegetables,coffee,whole milk,grapes,yogurt,yogurt,rolls/buns,dish cleaner,chocolate,other vegetables,bottled water
pip fruit,pork,cat food,pot plants,sausage,long life bakery product,other vegetables,salty snack,rolls/buns,other vegetables,yogurt,root vegetables,ketchup,specialty chocolate,cream cheese 
sausage,butter,canned beer,whole milk,root vegetables,packaged fruit/vegetables,specialty chocolate,chicken,chewing gum,turkey,chewing gum,Instant food products,specialty cheese,root vegetables,whole milk,popcorn,margarine,margarine,soups,white bread
tropical fruit,sausage,packaged fruit/vegetables,canned vegetables,other vegetables,sausage,pasta,pudding powder,pasta,curd,yogurt,shopping bags,coffee,pudding powder
other vegetables,pip fruit,root vegetables,rolls/buns,frozen vegetables,rolls/buns,other vegetables,rubbing alcohol,rolls/buns,pastry,specialty chocolate,candy
beef,sausage,semi-finished bread,yogurt,onions,sausage,bottled water,liquor,other vegetables,butter,pastry
meat,ham,soda,frankfurter,sausage,sausage,pip fruit,red/blush wine,meat,rolls/buns,UHT-milk,whole milk,soda,domestic eggs,pastry,other vegetables,soda,rolls/buns,fruit/vegetable juice,yogurt
meat,citrus fruit,soda,sausage,frankfurter,frankfurter,soda,hamburger meat,coffee,salty snack,oil,packaged fruit/vegetables,bottled water,frozen vegetables,yogurt
bottled water,brown bread,chicken,soda,frankfurter,berries,UHT-milk,tropical fruit,ice cream,rolls/buns,whole milk,whole milk,shopping bags,beverages,red/blush wine,fruit/vegetable juice
rolls/buns,beef,sausage,chocolate,tropical fruit,napkins,other vegetables,whipped/sour cream,bottled water,rum,pork,baking powder,rolls/buns,yogurt,beverages,frozen vegetables,brown bread
pip fruit,ice cream,canned beer,sausage,bottled beer,whole milk,whole milk,whole milk,sausage,whole milk,meat,tropical fruit,soda,oil,rolls/buns,margarine,whole milk,hygiene articles,pip fruit,baking powder,specialty cheese,brown bread,ice cream,pot plants,soda
beef,pork,seasonal products,butter,other vegetables,napkins,oil,seasonal products,soda,domestic eggs,liquor (appetizer),coffee,cookware,long life bakery product,pasta
rolls/buns,sausage,sausage,pork,frankfurter,bottled water,oil,mustard,misc. beverages,bottled beer,root vegetables,bottled beer
citrus fruit,whipped/sour cream,sausage,sausage,frankfurter,salty snack,tropical fruit,citrus fruit,waffles,other vegetables,brown bread,other vegetables,flour,white bread,frozen meals,candy,candles,fruit/vegetable juice
meat,yogurt,hygiene articles,pip fruit,tropical fruit,curd,pork,root vegetables,brown bread,other vegetables,shopping bags,newspapers,cream cheese ,pasta
beverages,sausage,chicken,butter milk,dessert,finished products,rolls/buns,margarine,flower soil/fertilizer,pickled vegetables,root vegetables,butter,long life bakery product,other vegetables,rolls/buns,herbs,fruit/vegetable juice,butter milk,long life bakery product,white bread
ham,frankfurter,meat,meat,yogurt,chocolate marshmallow,bottled water,whole milk,cling film/bags,brown bread,soft cheese
beef,sausage,tropical fruit,other vegetables,other vegetables,whipped/sour cream,yogurt,chicken,yogurt,newspapers,pip fruit,salad dressing
root vegetables,newspapers,tropical fruit,other vegetables,rolls/buns,frozen potato products,berries,dishes,other vegetables,curd,newspapers,fruit/vegetable juice,soda,dish cleaner,roll products ,long life bakery product
tropical fruit,pip fruit,chewing gum,berries,hamburger meat,butter,whole milk,candy,other vegetables,coffee,whole milk
frankfurter,misc. beverages,whole milk,butter milk,berries,specialty bar,salty snack,rolls/buns,shopping bags,hygiene articles
canned beer,bottled beer,fish,citrus fruit,ham,frozen potato products,root vegetables,fruit/vegetable juice,sugar,sauces
rolls/buns,detergent,berries,butter,berries,beef,whole milk,salty snack,beef,newspapers,frozen fish
other vegetables,bottled water,rolls/buns,sausage,curd,whole milk,soda,white bread,tropical fruit,UHT-milk,butter milk,margarine,white bread,yogurt,whole milk,brown bread
hamburger meat,dessert,other vegetables,rolls/buns,bottled water,whole milk,other vegetables,brown bread,yogurt,berries,beverages,bottled water
tropical fruit,citrus fruit,pastry,whole milk,hamburger meat,hamburger meat,newspapers,other vegetables,sausage,yogurt,citrus fruit,rolls/buns,root vegetables,liquor,condensed milk,instant coffee,yogurt,domestic eggs,detergent,flour,tropical fruit
soda,yogurt,coffee,female sanitary products,citrus fruit,meat,other vegetables,pip fruit,other vegetables,rolls/buns,popcorn,long life bakery product,long life bakery product
frankfurter,beef,red/blush wine,hamburger meat,tropical fruit,tropical fruit,tropical fruit,dessert,frozen fish,soda,rolls/buns,whole milk,long life bakery product,rum
chicken,pork,processed cheese,beef,white wine,fruit/vegetable juice,soda,packaged fruit/vegetables,sliced cheese,beverages
coffee,other vegetables,rolls/buns,rolls/buns,berries,candy,whole milk,napkins,shopping bags,pip fruit,bottled beer
tropical fruit,other vegetables,pork,liver loaf,citrus fruit,other vegetables,whipped/sour cream,chicken,long life bakery product,margarine,white bread,spread cheese,cat food
cream cheese ,pastry,dessert,meat,whole milk,whole milk,candy,shopping bags,whipped/sour cream,onions,cooking chocolate,shopping bags
rolls/buns,meat,hamburger meat,butter,whole milk,whole milk,pip fruit,syrup,other vegetables,other vegetables,root vegetables,pickled vegetables,hygiene articles,shopping bags,yogurt,whole milk,hygiene articles,margarine,brown bread,newspapers
citrus fruit,canned vegetables,onions,liquor (appetizer),pip fruit,chicken,margarine,hygiene articles,rolls/buns,sweet spreads
ham,tropical fruit,rolls/buns,red/blush wine,hamburger meat,whole milk,tropical fruit,flour,whole milk,other vegetables,bottled water,curd,rolls/buns
frankfurter,brandy,onions,canned beer,canned fish,ham,tropical fruit,root vegetables,soda,bottled water,rolls/buns,whole milk,chocolate,artif. sweetener
domestic eggs,pork,hamburger meat,pork,beverages,pastry,soft cheese,hamburger meat,whipped/sour cream,beef,frozen fish,hard cheese,root vegetables,rolls/buns,other vegetables,chewing gum,butter milk,canned beer,oil,specialty chocolate,other vegetables,butter,napkins
bottled water,sugar,photo/film,dessert,frozen vegetables,fruit/vegetable juice,soda,frozen meals,rolls/buns,seasonal products
frankfurter,citrus fruit,rolls/buns,herbs,beef,citrus fruit,sausage,white wine,tea,curd,citrus fruit,whipped/sour cream,other vegetables,candy,dishes,bottled beer,whole milk,UHT-milk,pip fruit,semi-finished bread,whole milk,domestic eggs,rolls/buns,chocolate,whole milk,potato products,hygiene articles,chocolate
pork,frozen vegetables,rolls/buns,tropical fruit,sausage,vinegar,whole milk,dessert,soda,dessert,spread cheese,newspapers,brown bread
whole milk,rolls/buns,ham,root vegetables,yogurt,whole milk,butter,curd,pickled vegetables,dog food,pastry,bottled beer
beef,frankfurter,bags,liver loaf,citrus fruit,tropical fruit,domestic eggs,other vegetables,rolls/buns,pip fruit
root vegetables,rolls/buns,whole milk,newspapers,pastry,bottled water,brown bread,other vegetables,rolls/buns,chocolate,salty snack,brown bread,other vegetables,domestic eggs,pastry,whisky
whole milk,ham,chicken,sausage,rolls/buns,chocolate marshmallow,citrus fruit,brown bread,soda,frozen meals,soda
rolls/buns,pip fruit,pip fruit,newspapers,pork,onions,whole milk,misc. beverages,pastry,rolls/buns,yogurt,newspapers,abrasive cleaner
house keeping products,onions,chicken,brown bread,misc. beverages,root vegetables,whole milk,rolls/buns,napkins,shopping bags,white bread,newspapers,soda,soda
yogurt,hamburger meat,sausage,yogurt,specialty bar,soda,yogurt,whole milk,frozen vegetables,whipped/sour cream,bottled water,napkins,newspapers,long life bakery product,hard cheese,newspapers,dental care
tropical fruit,chewing gum,whole milk,tropical fruit,canned beer,whole milk,pastry,soda,whole milk,newspapers,butter,soda,pastry,dessert
tropical fruit,onions,frankfurter,sausage,frankfurter,butter,whole milk,whole milk,cream cheese ,UHT-milk,beef,oil,coffee,yogurt,whipped/sour cream,sliced cheese,shopping bags
whole milk,pastry,meat,whole milk,dessert,tropical fruit,whole milk,tropical fruit,pastry,whole milk,whole milk,domestic eggs
other vegetables,chocolate,chicken,yogurt,margarine,butter milk,citrus fruit,UHT-milk,liquor (appetizer),liquor,root vegetables,yogurt,bottled water,yogurt,domestic eggs,hard cheese,semi-finished bread,frozen potato products
rolls/buns,chicken,whole milk,root vegetables,pip fruit,rolls/buns,white bread,coffee,yogurt,onions,bottled water,coffee,napkins,UHT-milk,bottled water
frankfurter,bottled beer,chicken,hamburger meat,root vegetables,citrus fruit,rolls/buns,canned beer,whole milk,margarine,salt,yogurt,other vegetables,white wine
bottled water,coffee,other vegetables,dessert,UHT-milk,margarine,domestic eggs,whole milk,rolls/buns,dog food
rolls/buns,brown bread,other vegetables,rolls/buns,flower (seeds),other vegetables,whipped/sour cream,whole milk,newspapers,flower (seeds)
whole milk,root vegetables,grapes,pickled vegetables,pip fruit,white bread,whole milk,soda,long life bakery product,yogurt,bottled beer,whole milk,other vegetables,coffee,hygiene articles
chicken,beef,beef,other vegetables,citrus fruit,yogurt,tropical fruit,newspapers,bottled beer,whole milk
tropical fruit,root vegetables,frozen meals,soda,rolls/buns,brown bread,sliced cheese,dental care,bottled water,female sanitary products,shopping bags,sliced cheese
frankfurter,canned beer,whipped/sour cream,tropical fruit,misc. beverages,pastry,butter,pastry,shopping bags,red/blush wine,napkins,white bread,hard cheese
rolls/buns,beef,sparkling wine,citrus fruit,rolls/buns,pip fruit,butter milk,misc. beverages,root vegetables,brandy,canned fish,pastry,fruit/vegetable juice
canned beer,whole milk,turkey,root vegetables,yogurt,whipped/sour cream,whole milk,processed cheese,other vegetables,root vegetables,white bread,other vegetables,berries,domestic eggs,tropical fruit,margarine,rolls/buns,chewing gum,newspapers,salty snack,pasta,shopping bags
yogurt,waffles,grapes,root vegetables,whole milk,long life bakery product,butter milk,pudding powder,hard cheese,white bread,cat food,hard cheese
whipped/sour cream,canned beer,sausage,whipped/sour cream,meat,beef,whole milk,soda,pastry,yogurt,whole milk,specialty chocolate,sugar,whole milk,curd
rolls/buns,frankfurter,other vegetables,pip fruit,yogurt,sausage,pip fruit,specialty chocolate,tropical fruit,other vegetables,whole milk,liquor,herbs,butter milk,whole milk,rolls/buns,male cosmetics,packaged fruit/vegetables
beverages,chicken,ham,rolls/buns,canned beer,newspapers,oil,sugar,chocolate,tropical fruit,packaged fruit/vegetables,white bread,hard cheese,candy,popcorn
rolls/buns,sausage,bottled beer,chicken,other vegetables,pip fruit,grapes,roll products ,curd,bottled beer,instant coffee,whole milk,whole milk,sugar,rolls/buns,canned vegetables,pastry,shopping bags
rolls/buns,butter,canned beer,newspapers,pork,root vegetables,herbs,detergent,baking powder,other vegetables,margarine,rolls/buns,salty snack
bottled beer,chicken,whole milk,sausage,other vegetables,tropical fruit,waffles,whole milk,salt,long life bakery product,other vegetables,processed cheese
pastry,processed cheese,root vegetables,citrus fruit,condensed milk,root vegetables,whole milk,rolls/buns,bottled water,Instant food products,other vegetables,hard cheese,canned fish,butter milk,mayonnaise
packaged fruit/vegetables,pet care,canned beer,butter,hamburger meat,canned beer,spread cheese,butter milk,citrus fruit,pastry,brown bread
whole milk,meat,other vegetables,citrus fruit,beef,whole milk,pip fruit,rolls/buns,other vegetables,oil
meat,frankfurter,sausage,whole milk,spread cheese,onions,soda,whole milk,condensed milk,other vegetables,whole milk,whipped/sour cream,specialty bar,soda,soda,root vegetables,pastry,coffee,curd,pip fruit,bottled water,yogurt,cat food
frankfurter,whipped/sour cream,pot plants,chicken,cling film/bags,soda,tropical fruit,root vegetables,coffee,specialty chocolate,domestic eggs,red/blush wine,specialty bar,oil,curd cheese,rolls/buns,hard cheese,specialty chocolate,flour,UHT-milk,domestic eggs
beef,chocolate,sliced cheese,chicken,whole milk,pip fruit,other vegetables,other vegetables,bottled water,oil,chocolate,soft cheese,bottled water,brown bread,pastry,salt
chicken,sausage,pip fruit,domestic eggs,yogurt,yogurt,frozen vegetables,other vegetables,hamburger meat,UHT-milk,rolls/buns,shopping bags
tropical fruit,frozen meals,shopping bags,semi-finished bread,chicken,pork,beef,whole milk,whole milk,chocolate
sausage,spread cheese,newspapers,pip fruit,dessert,salty snack,dishes,spread cheese,misc. beverages,soda,domestic eggs
tropical fruit,beef,citrus fruit,pork,root vegetables,soda,root vegetables,margarine,root vegetables,fruit/vegetable juice,packaged fruit/vegetables,coffee,margarine
yogurt,pip fruit,root vegetables,sausage,chicken,condensed milk,dessert,other vegetables,other vegetables,canned beer,rolls/buns,white bread,fruit/vegetable juice,hard cheese,frozen vegetables,cat food
frankfurter,specialty chocolate,organic sausage,whole milk,napkins,hamburger meat,bottled water,specialty cheese,other vegetables,bottled beer,chewing gum,citrus fruit,soda,newspapers
beverages,beverages,tropical fruit,rolls/buns,citrus fruit,beverages,rolls/buns,curd cheese,whipped/sour cream,whole milk,salty snack,white bread
curd,meat,other vegetables,whipped/sour cream,meat,hamburger meat,photo/film,photo/film,whole milk,soft cheese,other vegetables,soda,frozen fish,white bread
sausage,tropical fruit,yogurt,dessert,yogurt,rolls/buns,curd,beef,rolls/buns,ice cream,dental care,pastry,curd cheese,soda,zwieback,bottled water
other vegetables,sausage,root vegetables,whole milk,semi-finished bread,waffles,tropical fruit,other vegetables,cream,other vegetables,butter,whole milk,whole milk,processed cheese,fruit/vegetable juice
canned beer,sweet spreads,onions,whole milk,dishes,whole milk,berries,whole milk,bottled water,yogurt,sausage,root vegetables,pip fruit,other vegetables,newspapers,spread cheese,soda,root vegetables,root vegetables,sugar,specialty chocolate,flour,dish cleaner,softener,bottled water,liquor,shopping bags
coffee,frankfurter,yogurt,chewing gum,brown bread,dishes,specialty chocolate,whole milk,bottled water,tropical fruit,other vegetables,frozen dessert,yogurt,frozen vegetables,specialty bar
berries,canned beer,dessert,pet care,frozen vegetables,whipped/sour cream,pip fruit,other vegetables,whole milk,rolls/buns,margarine,white bread,margarine
pork,tropical fruit,curd,sausage,yogurt,hamburger meat,whole milk,whole milk,yogurt,hamburger meat,popcorn,popcorn,newspapers
frankfurter,sausage,female sanitary products,whole milk,whole milk,rolls/buns,cleaner,rolls/buns,yogurt,coffee,sauces,specialty vegetables
frankfurter,other vegetables,UHT-milk,whole milk,candy,whole milk,hamburger meat,bottled water,other vegetables,shopping bags,specialty fat,dishes
frozen dessert,hamburger meat,rolls/buns,berries,tropical fruit,pet care,domestic eggs,soda,pastry,oil
chicken,beef,root vegetables,specialty bar,rolls/buns,abrasive cleaner,frozen potato products,butter,domestic eggs,salty snack,newspapers
vinegar,whole milk,chicken,root vegetables,whole milk,bottled water,rolls/buns,rolls/buns,brown bread,whipped/sour cream,white wine,hygiene articles
pork,detergent,dessert,other vegetables,white wine,other vegetables,whipped/sour cream,other vegetables,pot plants,soda,whole milk,coffee,bottled water,sugar,domestic eggs,curd cheese
grapes,berries,pip fruit,domestic eggs,pip fruit,pastry,chicken,canned fish,beverages,salty snack,butter milk,bottled beer,zwieback,herbs
frankfurter,rolls/buns,dessert,bottled beer,butter,other vegetables,yogurt,whole milk,sugar,candy,bottled water,waffles
tropical fruit,other vegetables,pork,canned beer,artif. sweetener,whole milk,yogurt,pip fruit,beverages,berries,curd,soda,bottled water
other vegetables,hamburger meat,onions,semi-finished bread,butter milk,whole milk,whole milk,bottled water,bottled water,bottled water,shopping bags,pastry
ham,oil,white wine,beverages,pastry,citrus fruit,meat,citrus fruit,hard cheese,tropical fruit,coffee,ready soups,hygiene articles,canned fish,soda
curd,fruit/vegetable juice,whole milk,butter,citrus fruit,brown bread,pork,dental care,waffles,flour
sausage,frankfurter,soda,photo/film,root vegetables,whole milk,whisky,frozen potato products,mustard,curd cheese
canned beer,sugar,chicken,sausage,pork,curd,onions,fruit/vegetable juice,yogurt,soda,bottled beer,grapes,rolls/buns,curd,margarine,shopping bags
packaged fruit/vegetables,yogurt,frankfurter,whole milk,chewing gum,condensed milk,brown bread,spread cheese,light bulbs,pip fruit,soda,rolls/buns,pastry,condensed milk,waffles,citrus fruit,fruit/vegetable juice,pasta,bottled water,curd
meat,pork,pastry,berries,newspapers,herbs,whipped/sour cream,waffles,bottled beer,zwieback,napkins
whole milk,baking powder,bottled water,tropical fruit,whole milk,yogurt,other vegetables,whole milk,rolls/buns,other vegetables,cat food,salty snack,rolls/buns,domestic eggs
canned beer,citrus fruit,frankfurter,rolls/buns,coffee,tropical fruit,soda,yogurt,ice cream,hard cheese,sugar,margarine
rolls/buns,sparkling wine,chicken,butter milk,other vegetables,fruit/vegetable juice,root vegetables,root vegetables,newspapers,newspapers,whipped/sour cream,yogurt
pet care,brown bread,other vegetables,pip fruit,soda,pork,UHT-milk,beef,other vegetables,brown bread,pork,red/blush wine,whole milk,whole milk,yogurt,white bread,brown bread,rolls/buns,whipped/sour cream,cling film/bags,pickled vegetables,brown bread,pastry
root vegetables,whole milk,pip fruit,pip fruit,pip fruit,citrus fruit,root vegetables,brandy,pot plants,whole milk,bottled beer,fruit/vegetable juice,rolls/buns
frankfurter,onions,whipped/sour cream,grapes,waffles,coffee,waffles,yogurt,spread cheese,dishes,domestic eggs,oil
chicken,pork,soda,sausage,other vegetables,canned beer,meat,whole milk,sugar,root vegetables,whole milk,specialty chocolate,white bread,other vegetables,semi-finished bread,tropical fruit,soups,other vegetables,butter,butter,shopping bags,specialty bar,shopping bags,cream cheese ,instant coffee
frozen dessert,whole milk,seasonal products,dessert,root vegetables,citrus fruit,root vegetables,citrus fruit,hygiene articles,dishes,curd,frozen fruits,newspapers,pastry,shopping bags,waffles,candy
sausage,whole milk,sausage,onions,other vegetables,long life bakery product,newspapers,sliced cheese,cat food,cereals,yogurt,long life bakery product,white wine
root vegetables,waffles,pork,onions,chicken,brown bread,frozen vegetables,whole milk,salty snack,rolls/buns,other vegetables,nut snack,ketchup,other vegetables,hard cheese,soda,napkins
frankfurter,spread cheese,frankfurter,soda,canned beer,bottled beer,root vegetables,sausage,yogurt,frozen vegetables,soda,whole milk,yogurt,dog food,canned beer,frozen vegetables
hamburger meat,sausage,hygiene articles,beverages,whole milk,bottled water,dessert,canned vegetables,soda,white wine
tropical fruit,grapes,dessert,soda,turkey,coffee,onions,condensed milk,soda,rolls/buns,other vegetables,rolls/buns,canned fruit,shopping bags,white bread,soft cheese,shopping bags,processed cheese,soda,shopping bags
frankfurter,waffles,hamburger meat,pastry,bottled beer,root vegetables,other vegetables,pasta,soda,cat food,candy,soda,hard cheese
frankfurter,frozen dessert,curd,rolls/buns,white wine,pastry,butter,root vegetables,rolls/buns,long life bakery product
soda,frankfurter,brown bread,newspapers,citrus fruit,tropical fruit,domestic eggs,curd,brown bread,rolls/buns,frozen vegetables
whole milk,berries,other vegetables,pork,citrus fruit,pastry,whipped/sour cream,fruit/vegetable juice,whole milk,processed cheese,baking powder,pet care,specialty bar,margarine
pork,butter,citrus fruit,brown bread,pork,meat,pip fruit,dessert,citrus fruit,pork,shopping bags,hygiene articles,dessert,whole milk,long life bakery product,white bread,shopping bags,coffee,rolls/buns,yogurt,napkins
bottled beer,root vegetables,citrus fruit,pork,bottled water,whole milk,whole milk,citrus fruit,dish cleaner,red/blush wine,newspapers,pastry,margarine
pork,beef,sausage,pip fruit,whipped/sour cream,canned beer,sugar,tropical fruit,root vegetables,pip fruit,flour,other vegetables,candy,frozen vegetables,other vegetables,flour,dish cleaner,hard cheese,waffles
citrus fruit,herbs,chicken,rolls/buns,turkey,female sanitary products,curd,pip fruit,pastry,bottled water,frozen meals
pip fruit,UHT-milk,bottled beer,root vegetables,beef,soda,fruit/vegetable juice,other vegetables,tropical fruit,frozen vegetables,berries,shopping bags,specialty bar,canned vegetables,brandy
root vegetables,sausage,whole milk,hygiene articles,berries,other vegetables,other vegetables,pickled vegetables,other vegetables,rolls/buns,pastry,canned fish,whole milk,butter milk,cream cheese ,sliced cheese,fruit/vegetable juice
beef,pip fruit,butter milk,tropical fruit,ham,soda,brown bread,root vegetables,frozen vegetables,UHT-milk,whipped/sour cream,butter,citrus fruit,bottled water
chicken,frozen meals,cat food,rolls/buns,whole milk,other vegetables,citrus fruit,rolls/buns,rolls/buns,dessert,dish cleaner
citrus fruit,pip fruit,white wine,canned beer,whole milk,bottled beer,canned beer,newspapers,flour,napkins,cat food,newspapers
meat,soda,tropical fruit,whole milk,whole milk,beef,house keeping products,other vegetables,bottled water,curd,flour,sliced cheese,yogurt,candy
specialty bar,root vegetables,pastry,bottled water,other vegetables,fruit/vegetable juice,other vegetables,root vegetables,soda,other vegetables,ice cream,long life bakery product
citrus fruit,sausage,butter milk,napkins,meat,grapes,dessert,whipped/sour cream,soda,processed cheese,bottled beer,dishes
citrus fruit,pip fruit,sausage,frozen meals,cookware,citrus fruit,whole milk,hamburger meat,rolls/buns,yogurt,other vegetables,whole milk,whipped/sour cream,misc. beverages,bottled beer
turkey,whole milk,canned beer,soda,root vegetables,pastry,citrus fruit,onions,specialty fat,brown bread,bottled water,napkins,tropical fruit,long life bakery product
sausage,UHT-milk,frankfurter,specialty cheese,other vegetables,dessert,dessert,salt,pet care,brown bread,margarine,soda,margarine,mayonnaise,whipped/sour cream,chocolate
whole milk,pip fruit,whipped/sour cream,turkey,yogurt,beef,coffee,frozen vegetables,root vegetables,curd,other vegetables,chocolate,herbs,berries,fruit/vegetable juice
yogurt,whole milk,rolls/buns,other vegetables,whole milk,citrus fruit,cream cheese ,butter,root vegetables,bottled water,rolls/buns
bottled water,butter milk,tropical fruit,berries,berries,other vegetables,semi-finished bread,herbs,whipped/sour cream,other vegetables,onions,yogurt,detergent,newspapers,kitchen towels,napkins
berries,citrus fruit,sausage,sausage,sliced cheese,other vegetables,domestic eggs,chewing gum,citrus fruit,other vegetables,dishes
packaged fruit/vegetables,whole milk,whipped/sour cream,frozen dessert,tropical fruit,dog food,hamburger meat,pot plants,soda,snack products
whole milk,sauces,pot plants,frankfurter,frankfurter,beef,tropical fruit,domestic eggs,grapes,brown bread,detergent,cocoa drinks
other vegetables,tropical fruit,seasonal products,whole milk,citrus fruit,brown bread,pickled vegetables,pastry,whole milk,dog food
fish,meat,beverages,beef,grapes,meat,newspapers,candy,canned beer,chocolate marshmallow,dishes
coffee,chicken,citrus fruit,beverages,canned fruit,soda,coffee,other vegetables,root vegetables,other vegetables,sausage,chicken,bottled beer,pip fruit,white bread,dessert,rolls/buns,oil,bottled water,pastry,hygiene articles,bottled water,newspapers,white bread
meat,ham,frozen vegetables,sausage,hygiene articles,ham,cake bar,yogurt,sugar,bottled water,margarine,whole milk,newspapers,semi-finished bread
chicken,bottled beer,brown bread,chicken,rolls/buns,grapes,tropical fruit,pastry,pastry,brown bread,pastry,processed cheese
frozen meals,whole milk,beverages,oil,other vegetables,frozen fruits,fruit/vegetable juice,frozen potato products,soda,brown bread,butter,male cosmetics
beef,specialty cheese,pip fruit,dessert,whole milk,root vegetables,misc. beverages,butter milk,red/blush wine,yogurt
beef,frankfurter,whole milk,beef,soda,rolls/buns,berries,pip fruit,pastry,other vegetables,bottled water,ketchup,pastry,semi-finished bread
frankfurter,onions,pork,root vegetables,turkey,canned beer,whole milk,soda,soda,rolls/buns
bottled water,pip fruit,brown bread,rolls/buns,whole milk,ice cream,whole milk,pastry,other vegetables,brown bread,coffee,yogurt
root vegetables,UHT-milk,napkins,whole milk,bottled water,newspapers,butter,pork,chicken,frozen vegetables,whipped/sour cream,onions,specialty bar,bottled water,bottled water,bottled water,cream cheese 
fruit/vegetable juice,curd,tropical fruit,whole milk,instant coffee,canned fish,dishes,newspapers,whole milk,rolls/buns,misc. beverages,yogurt,coffee,oil,other vegetables,pot plants
berries,hamburger meat,other vegetables,curd,sausage,sliced cheese,whole milk,yogurt,sliced cheese,pork,bottled water,whole milk,canned vegetables
yogurt,sausage,chewing gum,whole milk,chocolate,specialty chocolate,tropical fruit,citrus fruit,zwieback,whole milk,UHT-milk,pip fruit,tropical fruit,onions,bottled beer,cat food,fruit/vegetable juice,other vegetables,oil,bottled water
beef,tropical fruit,tropical fruit,hamburger meat,cat food,frozen vegetables,chicken,other vegetables,whole milk,bottled water,canned vegetables,dishes,soda,hygiene articles,domestic eggs,tea
pork,pork,curd cheese,whole milk,bottled beer,herbs,mustard,curd,bottled water,bottled beer
potato products,beef,sausage,other vegetables,pork,beef,other vegetables,long life bakery product,rolls/buns,herbs,oil,butter,yogurt
chicken,sausage,seasonal products,tropical fruit,waffles,specialty bar,other vegetables,shopping bags,salt,citrus fruit,whole milk,bottled beer,shopping bags,meat spreads
other vegetables,sausage,tropical fruit,whole milk,processed cheese,meat,dessert,yogurt,butter,fruit/vegetable juice,frozen meals,cat food
other vegetables,bottled beer,sausage,rolls/buns,other vegetables,other vegetables,frozen vegetables,frozen fruits,whole milk,butter milk,frozen vegetables,specialty bar
tropical fruit,canned beer,rolls/buns,bottled beer,whipped/sour cream,domestic eggs,chocolate,whole milk,ice cream,pot plants,yogurt,white bread
whole milk,whole milk,citrus fruit,chicken,turkey,pork,dog food,chocolate,pip fruit,whole milk,sparkling wine,rolls/buns,whipped/sour cream,pip fruit,soda,bottled water,bottled water,shopping bags,whipped/sour cream,canned beer
whole milk,other vegetables,sausage,other vegetables,citrus fruit,candy,pork,liquor (appetizer),meat spreads,specialty bar,whipped/sour cream,domestic eggs,candles,red/blush wine
whole milk,tropical fruit,sausage,whole milk,beef,other vegetables,curd,frankfurter,rolls/buns,coffee,other vegetables,canned beer,waffles,whipped/sour cream,pastry,beef,whole milk,bottled water,candles,soda,cake bar,whole milk,sweet spreads,brown bread,flour
salty snack,yogurt,root vegetables,curd,root vegetables,shopping bags,margarine,pastry,coffee,bottled water
root vegetables,liquor,sausage,other vegetables,misc. beverages,pastry,sugar,hair spray,shopping bags,soda,canned beer
bottled water,beef,tropical fruit,pastry,whole milk,pip fruit,coffee,beverages,waffles,rolls/buns,whipped/sour cream
sausage,ice cream,onions,female sanitary products,yogurt,liquor,soda,whole milk,bottled beer,domestic eggs,dishes,whole milk,dessert,red/blush wine,shopping bags,waffles
frankfurter,sausage,chicken,meat,other vegetables,curd,cream cheese ,soda,other vegetables,processed cheese,rolls/buns,canned fish,zwieback,rolls/buns
berries,cream cheese ,tropical fruit,chocolate,finished products,rolls/buns,dessert,whole milk,whipped/sour cream,fruit/vegetable juice,rolls/buns
frankfurter,beef,canned beer,UHT-milk,rolls/buns,waffles,root vegetables,curd,margarine,salty snack,pastry,chocolate
berries,yogurt,whole milk,pastry,whole milk,beverages,dessert,other vegetables,other vegetables,white wine,ice cream,rolls/buns,whipped/sour cream,red/blush wine,soda,frozen vegetables
newspapers,frankfurter,bottled beer,onions,pip fruit,tropical fruit,yogurt,butter,canned beer,specialty bar,detergent,specialty bar
frozen fish,other vegetables,sausage,butter,pip fruit,whole milk,meat,berries,beef,yogurt,soda,whole milk,whole milk,rolls/buns,yogurt,yogurt,soda,red/blush wine
tropical fruit,pork,tropical fruit,ham,finished products,bottled water,soda,mayonnaise,candy,specialty bar,UHT-milk,soda,fruit/vegetable juice
specialty chocolate,onions,soda,rolls/buns,rolls/buns,root vegetables,canned beer,butter,baking powder,sugar,onions,flower (seeds),bottled water
photo/film,dessert,shopping bags,whole milk,pastry,butter milk,white bread,whole milk,sliced cheese,brown bread,bottled beer,whole milk,whole milk,rolls/buns,soda,jam,curd,other vegetables,seasonal products,detergent,flour
whole milk,other vegetables,ham,whole milk,pip fruit,rolls/buns,whipped/sour cream,whole milk,whole milk,whipped/sour cream
pork,sausage,whipped/sour cream,berries,whole milk,tropical fruit,candles,pastry,specialty chocolate,sauces,coffee,flour,spread cheese,mayonnaise,specialty chocolate,bottled beer
chicken,whole milk,bottled beer,detergent,domestic eggs,salty snack,fruit/vegetable juice,rolls/buns,yogurt,shopping bags
sausage,tropical fruit,chocolate,sausage,whole milk,whole milk,other vegetables,citrus fruit,other vegetables,rolls/buns,whipped/sour cream,yogurt,margarine
whole milk,pork,candles,butter milk,frozen vegetables,other vegetables,frozen meals,chewing gum,dessert,other vegetables,popcorn,oil
rolls/buns,whole milk,beef,napkins,salty snack,whole milk,fruit/vegetable juice,whole milk,fruit/vegetable juice,other vegetables,chocolate,frozen vegetables,soda,whole milk,chocolate
ice cream,baby cosmetics,frankfurter,citrus fruit,sausage,yogurt,skin care,root vegetables,pot plants,pip fruit,pip fruit,bottled water,oil,citrus fruit,spread cheese,other vegetables,oil,domestic eggs,frozen dessert,candy,bottled water,cake bar,soda,napkins
curd,other vegetables,hamburger meat,frozen potato products,root vegetables,soda,soda,whole milk,citrus fruit,waffles,cream cheese ,soda,semi-finished bread,napkins
tropical fruit,rolls/buns,berries,tropical fruit,cream cheese ,oil,shopping bags,curd,yogurt,popcorn,frozen fish
other vegetables,frankfurter,specialty chocolate,whole milk,hamburger meat,butter,soda,frozen fish,whole milk,white bread,whipped/sour cream,brown bread,pork,other vegetables,cat food,cat food,onions,bottled beer,flour,newspapers,margarine,roll products ,pastry
ice cream,canned beer,whole milk,bottled water,fish,margarine,grapes,UHT-milk,margarine,pastry,canned beer,yogurt,butter,yogurt
tropical fruit,canned beer,pip fruit,canned beer,pork,UHT-milk,domestic eggs,margarine,sliced cheese,yogurt,white wine,domestic eggs,white bread,fruit/vegetable juice
UHT-milk,soft cheese,rolls/buns,chicken,frankfurter,bottled beer,pip fruit,oil,red/blush wine,pip fruit,mayonnaise
pork,other vegetables,popcorn,other vegetables,chicken,pastry,whole milk,bottled water,photo/film,meat,whole milk,domestic eggs,dishes,herbs,canned beer,pip fruit,onions,cream cheese ,root vegetables,rolls/buns,fruit/vegetable juice,oil,margarine,butter milk,chocolate,candles,white bread,female sanitary products
sausage,beef,newspapers,pork,citrus fruit,dish cleaner,butter,soda,coffee,flour,margarine,female sanitary products
frankfurter,organic sausage,other vegetables,yogurt,whole milk,yogurt,hard cheese,bottled water,shopping bags,detergent
domestic eggs,butter,yogurt,other vegetables,newspapers,other vegetables,newspapers,white bread,cereals,syrup,salty snack,cleaner
packaged fruit/vegetables,grapes,soda,citrus fruit,bottled beer,newspapers,dishes,soda,curd,rolls/buns,hygiene articles,fruit/vegetable juice,butter,softener,waffles,bottled beer
chicken,rolls/buns,bottled water,other vegetables,finished products,berries,rolls/buns,butter,curd,pasta,soda,other vegetables,butter,yogurt,rolls/buns,pastry,yogurt,candy,soda,newspapers,citrus fruit
light bulbs,hard cheese,whole milk,curd,chocolate,onions,yogurt,liquor,nuts/prunes,yogurt,other vegetables,vinegar
citrus fruit,meat,liver loaf,root vegetables,sliced cheese,white bread,tropical fruit,whole milk,bottled water,soda,herbs,other vegetables,pastry,pastry,frozen meals,newspapers,onions
ice cream,beef,whole milk,curd,beef,curd,liquor,shopping bags,margarine,domestic eggs,specialty cheese
pork,coffee,brown bread,liquor,grapes,hamburger meat,other vegetables,brown bread,newspapers,canned beer,whole milk,detergent,frozen vegetables
pork,soda,beverages,zwieback,oil,other vegetables,rolls/buns,curd,whole milk,cream cheese ,white bread,domestic eggs
tropical fruit,salty snack,curd,sausage,pip fruit,frankfurter,yogurt,grapes,chocolate,chicken,white bread,newspapers,rolls/buns,pip fruit,soda,misc. beverages,red/blush wine,waffles
berries,whole milk,meat,citrus fruit,chicken,other vegetables,pip fruit,ham,pork,other vegetables,shopping bags,whipped/sour cream,bottled water,white bread,cereals,canned vegetables
rolls/buns,other vegetables,berries,root vegetables,white bread,other vegetables,bottled beer,whole milk,other vegetables,napkins,hygiene articles,liquor (appetizer)
coffee,whole milk,whole milk,pip fruit,brandy,tropical fruit,whole milk,frozen fish,condensed milk,condensed milk,whole milk,domestic eggs,pickled vegetables,brown bread
whole milk,chicken,shopping bags,hamburger meat,rolls/buns,curd,liquor,sausage,coffee,other vegetables,bottled water,fruit/vegetable juice,whipped/sour cream,hard cheese,newspapers,coffee
whole milk,dessert,whole milk,tropical fruit,light bulbs,pip fruit,specialty cheese,hard cheese,canned beer,specialty fat,shopping bags
citrus fruit,whipped/sour cream,oil,meat,hamburger meat,butter,bottled water,yogurt,newspapers,rolls/buns
beef,packaged fruit/vegetables,sausage,bottled water,ice cream,butter,other vegetables,liquor (appetizer),margarine,whole milk
pip fruit,root vegetables,sausage,napkins,tropical fruit,other vegetables,beef,tropical fruit,citrus fruit,whipped/sour cream,newspapers,UHT-milk,cream cheese ,yogurt,yogurt,syrup,salt,domestic eggs,sugar,spread cheese,soft cheese,flour,frozen fish,detergent,whole milk,other vegetables,cream cheese 
whole milk,rolls/buns,cat food,root vegetables,spread cheese,whole milk,frozen vegetables,soda,sliced cheese,soda
chocolate,citrus fruit,tropical fruit,onions,brown bread,UHT-milk,detergent,abrasive cleaner,rolls/buns,shopping bags
whole milk,red/blush wine,grapes,ham,bottled water,bottled beer,sausage,rolls/buns,ham,pork,bottled water,other vegetables,pip fruit,ice cream,bathroom cleaner,pastry,rolls/buns,frozen vegetables,napkins,napkins,waffles
root vegetables,soda,whipped/sour cream,sausage,canned fish,softener,whole milk,other vegetables,root vegetables,soda,yogurt,margarine,hygiene articles
onions,rolls/buns,turkey,chicken,nut snack,tea,hamburger meat,other vegetables,shopping bags,other vegetables,roll products ,bottled beer,beverages,newspapers
canned beer,whipped/sour cream,hamburger meat,rolls/buns,ham,white bread,chicken,spices,processed cheese,yogurt,soups,margarine,chocolate
pip fruit,other vegetables,soda,canned beer,bottled water,specialty chocolate,domestic eggs,other vegetables,domestic eggs,cling film/bags,bottled beer,soda,waffles,misc. beverages,instant coffee
coffee,other vegetables,specialty bar,tropical fruit,frankfurter,tropical fruit,butter milk,newspapers,yogurt,whole milk,whole milk,bottled beer,beverages,pastry,baking powder,yogurt
bottled water,specialty chocolate,other vegetables,soda,onions,beverages,soda,whipped/sour cream,brown bread,pasta
bottled beer,tropical fruit,UHT-milk,root vegetables,pip fruit,whole milk,fruit/vegetable juice,soda,beverages,pastry,soda,root vegetables,brown bread,specialty chocolate
shopping bags,sausage,citrus fruit,turkey,yogurt,root vegetables,margarine,root vegetables,soda,Instant food products,soda,whole milk,curd,canned fish,rolls/buns,soda
frankfurter,rolls/buns,instant coffee,UHT-milk,margarine,whole milk,dishes,butter,candles,liquor,yogurt,salty snack
ice cream,beef,grapes,sausage,UHT-milk,other vegetables,herbs,pastry,whole milk,dessert,yogurt,soft cheese,napkins
sausage,yogurt,male cosmetics,oil,bottled beer,tropical fruit,sugar,salt,whipped/sour cream,bottled water
root vegetables,soda,frankfurter,rolls/buns,margarine,cream cheese ,butter,newspapers,make up remover,specialty fat,domestic eggs,shopping bags
frankfurter,coffee,frankfurter,frankfurter,bottled beer,whole milk,rolls/buns,other vegetables,pip fruit,bottled water,butter,margarine,sugar,brown bread,coffee,canned beer,salty snack,newspapers,soda
butter,other vegetables,canned beer,whole milk,canned beer,pastry,newspapers,dessert,canned beer,packaged fruit/vegetables,processed cheese,flour,meat spreads
whole milk,hamburger meat,tropical fruit,pastry,butter milk,liquor,beverages,yogurt,curd,kitchen towels,soda,bottled beer
frankfurter,whole milk,sausage,sausage,citrus fruit,tropical fruit,root vegetables,onions,packaged fruit/vegetables,packaged fruit/vegetables,brown bread,oil,misc. beverages
sausage,domestic eggs,tropical fruit,rolls/buns,beef,pip fruit,other vegetables,other vegetables,citrus fruit,roll products ,condensed milk,other vegetables,white wine,syrup,pot plants,brown bread,hard cheese,soda,roll products ,newspapers
ham,canned beer,canned beer,other vegetables,other vegetables,frozen meals,tropical fruit,bottled beer,pastry,rolls/buns,shopping bags,newspapers
chewing gum,other vegetables,other vegetables,organic sausage,sparkling wine,other vegetables,frozen meals,shopping bags,specialty chocolate,rolls/buns,salty snack
beef,brown bread,whole milk,newspapers,canned beer,berries,misc. beverages,tropical fruit,instant coffee,other vegetables,other vegetables,sugar,frozen meals,yogurt,salty snack,whole milk,yogurt,rolls/buns,dish cleaner,bottled beer
beef,other vegetables,beef,chewing gum,domestic eggs,tropical fruit,mayonnaise,rolls/buns,shopping bags,coffee,butter,chocolate,napkins,brown bread,beverages
frankfurter,pork,beverages,frankfurter,beverages,sausage,domestic eggs,chocolate,hard cheese,bottled water
canned fish,pip fruit,sausage,dessert,curd,specialty bar,beverages,sausage,sausage,sugar,canned fish,soft cheese,yogurt,whole milk,rolls/buns,yogurt,other vegetables,oil,curd,whole milk,newspapers
sausage,sausage,chicken,frankfurter,pastry,fruit/vegetable juice,cling film/bags,canned beer,pot plants,rolls/buns,soda
bottled water,frankfurter,whole milk,cream cheese ,pastry,other vegetables,other vegetables,yogurt,cream cheese ,baking powder,fruit/vegetable juice,whole milk
bottled water,other vegetables,frankfurter,soda,meat spreads,whole milk,tropical fruit,light bulbs,other vegetables,other vegetables,hard cheese,canned beer,frozen vegetables,butter
frankfurter,meat,yogurt,sausage,root vegetables,tropical fruit,soda,salty snack,citrus fruit,white wine,domestic eggs,rolls/buns,frozen dessert,frozen vegetables,beverages,canned beer
chicken,liquor,specialty chocolate,white wine,sausage,nuts/prunes,curd,tropical fruit,cream cheese ,cake bar,curd,yogurt,other vegetables,frozen vegetables,salty snack
beef,bottled water,whole milk,semi-finished bread,flour,frozen vegetables,sugar,other vegetables,soda,UHT-milk,whipped/sour cream
chicken,whole milk,canned beer,canned beer,misc. beverages,citrus fruit,rolls/buns,yogurt,fruit/vegetable juice,rolls/buns,dish cleaner
specialty chocolate,tropical fruit,meat,root vegetables,whole milk,curd,frozen fish,pastry,chewing gum,ice cream,bottled beer,chocolate,UHT-milk,newspapers,shopping bags,chewing gum,cleaner,fruit/vegetable juice,soda
frankfurter,sausage,tropical fruit,whole milk,soda,herbs,domestic eggs,bottled beer,meat,grapes,brown bread,whipped/sour cream,white bread,waffles,soda,cream cheese ,bottled water
pork,whole milk,frozen vegetables,other vegetables,yogurt,bottled water,margarine,bottled beer,pip fruit,berries,soda,shopping bags,curd,root vegetables,candy,cereals,sliced cheese,soft cheese,yogurt,waffles
citrus fruit,pork,whole milk,other vegetables,bottled beer,bottled water,cat food,hard cheese,long life bakery product,bottled water
sausage,pastry,beverages,sausage,other vegetables,candy,rolls/buns,ice cream,sugar,chewing gum,butter,soda,other vegetables,coffee,oil,rolls/buns,hard cheese
frankfurter,yogurt,canned beer,detergent,citrus fruit,rolls/buns,whole milk,root vegetables,root vegetables,sliced cheese,butter milk
citrus fruit,tropical fruit,sausage,soda,citrus fruit,coffee,chicken,candy,hard cheese,curd,frozen vegetables,liquor,salt
ham,meat,rolls/buns,whole milk,tidbits,condensed milk,whole milk,margarine,fruit/vegetable juice,other vegetables,sugar,brown bread
ham,sausage,frozen meals,whole milk,butter milk,tropical fruit,fruit/vegetable juice,butter,rolls/buns,chocolate,bottled water
bottled water,hamburger meat,citrus fruit,beef,cling film/bags,pork,other vegetables,cream cheese ,red/blush wine,bottled water,butter,beef,whole milk,soft cheese,sweet spreads,candy,cleaner,spices
popcorn,sausage,condensed milk,root vegetables,rolls/buns,citrus fruit,pastry,shopping bags,margarine,margarine,rolls/buns
hamburger meat,fruit/vegetable juice,pip fruit,tropical fruit,yogurt,frozen vegetables,rolls/buns,frozen meals,soda,frozen vegetables
sausage,hamburger meat,cream cheese ,butter milk,beef,soda,berries,shopping bags,frozen vegetables,pickled vegetables,frozen vegetables,canned vegetables,pastry,bottled beer
meat,UHT-milk,whipped/sour cream,house keeping products,pasta,waffles,whole milk,other vegetables,hygiene articles,yogurt,yogurt,beverages,dishes,cat food
brown bread,pot plants,canned beer,organic sausage,citrus fruit,yogurt,liquor (appetizer),bottled beer,citrus fruit,tropical fruit,shopping bags,candy,whole milk,liquor,fruit/vegetable juice
citrus fruit,root vegetables,sausage,citrus fruit,root vegetables,misc. beverages,whole milk,pip fruit,beef,yogurt,sliced cheese,chocolate,packaged fruit/vegetables,yogurt,whipped/sour cream,brown bread,waffles,whipped/sour cream
tropical fruit,frankfurter,chocolate,other vegetables,tropical fruit,whole milk,whole milk,pip fruit,yogurt,pasta,whole milk,specialty bar,coffee,detergent,yogurt,fruit/vegetable juice
shopping bags,rolls/buns,newspapers,margarine,frozen dessert,yogurt,soda,whole milk,soda,liquor (appetizer),hard cheese,hard cheese,canned beer
grapes,yogurt,tropical fruit,whole milk,citrus fruit,citrus fruit,tropical fruit,berries,other vegetables,ketchup,whole milk,bottled beer,soda,salt,dessert,waffles,frozen meals,curd,bottled beer,newspapers,shopping bags
ham,meat,bottled water,root vegetables,waffles,other vegetables,pip fruit,whole milk,specialty chocolate,cereals
ice cream,pip fruit,canned beer,ham,onions,frozen fish,meat,bottled beer,rolls/buns,cream cheese ,yogurt,semi-finished bread,root vegetables,other vegetables,root vegetables,bottled water,whipped/sour cream,frozen meals,napkins,oil,newspapers,whole milk,soda,root vegetables,candy
tropical fruit,hygiene articles,tropical fruit,citrus fruit,spread cheese,coffee,whole milk,dessert,dessert,waffles,rolls/buns,fruit/vegetable juice
other vegetables,root vegetables,soda,brown bread,butter milk,coffee,ice cream,flour,tropical fruit,brown bread,sugar,pudding powder
misc. beverages,soda,other vegetables,other vegetables,white bread,yogurt,bottled water,snack products,shopping bags,shopping bags
other vegetables,sausage,whole milk,frozen vegetables,meat spreads,newspapers,specialty chocolate,curd,domestic eggs,bottled water,newspapers
misc. beverages,butter milk,candy,frozen potato products,meat,frozen meals,packaged fruit/vegetables,margarine,whipped/sour cream,specialty cheese
sausage,grapes,ice cream,white wine,pork,hard cheese,yogurt,root vegetables,detergent,onions,photo/film,sliced cheese,soda,margarine,whipped/sour cream,flour
meat,frankfurter,sliced cheese,pastry,vinegar,hygiene articles,rolls/buns,liquor,rolls/buns,rolls/buns
ham,beef,sausage,pastry,candy,whole milk,finished products,brown bread,pastry,fruit/vegetable juice,dessert,spread cheese,whole milk,other vegetables,whole milk,domestic eggs
citrus fruit,chewing gum,photo/film,yogurt,dishes,white wine,rolls/buns,chicken,long life bakery product,soda,whole milk,dessert,frozen potato products,rum
other vegetables,canned beer,soda,UHT-milk,beef,pip fruit,red/blush wine,dessert,napkins,whole milk,salty snack,shopping bags,frozen vegetables,soda,hygiene articles
pork,waffles,beef,salt,pip fruit,soda,citrus fruit,pastry,hamburger meat,whole milk,yogurt,semi-finished bread,beef,other vegetables,pickled vegetables,oil,soda,chocolate,yogurt,salty snack,potato products
ham,sausage,bottled beer,dessert,other vegetables,pork,brown bread,grapes,rolls/buns,rolls/buns,whipped/sour cream,salty snack,sliced cheese
grapes,herbs,meat,meat,rolls/buns,soda,frozen potato products,tropical fruit,yogurt,candles
pastry,canned beer,citrus fruit,whipped/sour cream,margarine,curd,chocolate,pastry,napkins,pastry,bottled water
citrus fruit,root vegetables,seasonal products,canned beer,root vegetables,yogurt,semi-finished bread,soups,yogurt,pastry,white wine,soda,whole milk
photo/film,dessert,whole milk,pork,sausage,rolls/buns,dishes,chewing gum,whole milk,other vegetables,rolls/buns,yogurt,pastry,shopping bags,brown bread,white bread,dishes
citrus fruit,chicken,citrus fruit,turkey,whole milk,bottled water,other vegetables,canned fish,sweet spreads,cream cheese ,specialty chocolate,oil,whipped/sour cream,UHT-milk
soda,whole milk,sausage,napkins,yogurt,bottled water,pip fruit,packaged fruit/vegetables,other vegetables,canned beer
chewing gum,butter milk,soda,frankfurter,butter,beverages,ham,sliced cheese,butter,whole milk,newspapers,sparkling wine,white bread,shopping bags,rolls/buns,frozen vegetables,hygiene articles
pork,sausage,ice cream,hamburger meat,fruit/vegetable juice,whole milk,grapes,root vegetables,sliced cheese,whole milk,coffee,berries,shopping bags,napkins
tropical fruit,tropical fruit,chicken,yogurt,frankfurter,specialty chocolate,root vegetables,hard cheese,margarine,curd,yogurt,soft cheese,candy,curd,tropical fruit,beef,rolls/buns,yogurt,sugar,margarine,whipped/sour cream,misc. beverages,other vegetables,chocolate,white bread,rolls/buns,fruit/vegetable juice,domestic eggs,rolls/buns
sausage,frozen potato products,other vegetables,ice cream,other vegetables,pork,margarine,yogurt,dog food,frozen vegetables,sugar,bottled water
other vegetables,turkey,rolls/buns,chicken,sliced cheese,whipped/sour cream,soft cheese,shopping bags,butter,pastry,male cosmetics,frozen fish,soda
bottled water,sausage,chicken,butter milk,coffee,canned fish,tropical fruit,condensed milk,fruit/vegetable juice,soda,other vegetables,frozen vegetables,white wine,berries,yogurt,whipped/sour cream,shopping bags,dessert,pickled vegetables,candles,long life bakery product,napkins
bottled water,bottled water,whole milk,beef,other vegetables,citrus fruit,hamburger meat,instant coffee,citrus fruit,spread cheese,pickled vegetables,ham,yogurt,salad dressing,dessert,newspapers,specialty bar
rolls/buns,coffee,curd,dessert,packaged fruit/vegetables,canned beer,bottled water,ice cream,pickled vegetables,pastry,cat food
specialty chocolate,other vegetables,hamburger meat,sugar,whole milk,soda,pip fruit,whole milk,cat food,bottled water,whole milk,bottled beer,turkey,artif. sweetener,shopping bags,other vegetables,cocoa drinks,packaged fruit/vegetables,bottled water,bottled water,long life bakery product
beef,pork,yogurt,bottled beer,root vegetables,whole milk,pip fruit,yogurt,whole milk,red/blush wine,butter,soda,potato products,napkins
tropical fruit,specialty cheese,chicken,meat,condensed milk,liver loaf,whole milk,specialty cheese,cat food,whole milk,bottled beer,whole milk,fruit/vegetable juice,coffee,newspapers
beef,whole milk,citrus fruit,pip fruit,whole milk,canned beer,specialty bar,butter,Instant food products,jam
berries,tropical fruit,misc. beverages,tropical fruit,whole milk,yogurt,other vegetables,nuts/prunes,yogurt,specialty chocolate,frozen dessert,margarine,long life bakery product,popcorn,coffee
sausage,citrus fruit,rolls/buns,sausage,other vegetables,whole milk,butter,mustard,pastry,dessert
chicken,sausage,soda,rolls/buns,hygiene articles,pastry,flower (seeds),cream cheese ,newspapers,margarine
yogurt,pip fruit,hard cheese,frankfurter,whole milk,other vegetables,chicken,pork,sausage,other vegetables,sausage,beef,dessert,dessert,butter,whole milk,grapes,whole milk,bottled water,chocolate,sliced cheese,white bread,soda,dessert,zwieback,rolls/buns,semi-finished bread,yogurt,root vegetables,waffles,roll products ,whole milk,pickled vegetables
rolls/buns,beef,whole milk,butter,sausage,butter,whole milk,specialty bar,other vegetables,salty snack,pastry,chewing gum,yogurt,cereals
rolls/buns,berries,tropical fruit,beef,pip fruit,soda,packaged fruit/vegetables,onions,grapes,bottled water,tidbits,shopping bags,detergent
citrus fruit,citrus fruit,herbs,citrus fruit,other vegetables,pastry,frozen dessert,onions,whole milk,whole milk,domestic eggs,processed cheese
brown bread,tropical fruit,frankfurter,sausage,chocolate marshmallow,bottled beer,bottled beer,hamburger meat,rolls/buns,zwieback,whole milk,whole milk,specialty cheese,domestic eggs,whole milk
tropical fruit,citrus fruit,hamburger meat,cream cheese ,citrus fruit,pip fruit,bottled beer,dessert,citrus fruit,root vegetables,sliced cheese
other vegetables,whipped/sour cream,sliced cheese,nuts/prunes,whole milk,pastry,yogurt,soda,butter,sauces
sausage,hamburger meat,chicken,salty snack,meat,tropical fruit,specialty bar,chicken,grapes,newspapers,brown bread,whole milk,flour,liquor,whole milk,yogurt,candy
pork,root vegetables,tropical fruit,pet care,yogurt,yogurt,beef,pork,other vegetables,rolls/buns,brandy,canned beer,soda,whole milk,beef,margarine,shopping bags,butter,beverages,soda,domestic eggs,canned fish,newspapers,frozen fish,oil,shopping bags
root vegetables,beef,root vegetables,butter,whipped/sour cream,other vegetables,frozen meals,root vegetables,frozen vegetables,butter,napkins,beverages,ice cream,pickled vegetables,shopping bags
frankfurter,other vegetables,herbs,UHT-milk,citrus fruit,tropical fruit,fruit/vegetable juice,grapes,whole milk,curd,butter,herbs
shopping bags,beef,sausage,berries,pastry,sausage,oil,candles,fruit/vegetable juice,brown bread,rolls/buns
chicken,beverages,soda,canned beer,pork,newspapers,frozen dessert,newspapers,curd,sugar,Instant food products,pastry
sausage,liver loaf,rolls/buns,pet care,newspapers,rolls/buns,photo/film,other vegetables,rolls/buns,soda,butter,packaged fruit/vegetables,flower (seeds),shopping bags
bottled beer,frankfurter,soda,whole milk,chicken,beef,whole milk,processed cheese,other vegetables,pip fruit,whipped/sour cream,rolls/buns
chicken,chicken,sausage,pork,frozen dessert,meat,brown bread,cat food,soda,salt,newspapers,domestic eggs,fruit/vegetable juice,chocolate
finished products,pastry,other vegetables,whole milk,candy,other vegetables,brown bread,whole milk,white bread,yogurt,whipped/sour cream,margarine,other vegetables,newspapers,pastry,butter
pork,whole milk,whole milk,berries,sausage,butter,pork,pip fruit,dog food,cat food,rolls/buns
root vegetables,root vegetables,pastry,pip fruit,chicken,packaged fruit/vegetables,tropical fruit,tropical fruit,berries,packaged fruit/vegetables,soda,pasta,photo/film,sugar,coffee,grapes,fruit/vegetable juice
bottled water,meat,shopping bags,pickled vegetables,domestic eggs,dessert,flower (seeds),whole milk,canned vegetables,curd cheese,decalcifier,dental care
other vegetables,hamburger meat,soda,yogurt,curd cheese,frozen meals,whole milk,chicken,brown bread,mustard,hard cheese,soda,white wine,butter,whole milk,other vegetables
sausage,whipped/sour cream,yogurt,canned beer,cooking chocolate,salty snack,onions,yogurt,shopping bags,rolls/buns,other vegetables,white bread,curd,red/blush wine,cat food,sliced cheese,mustard,chocolate
tropical fruit,flower (seeds),soda,curd,pip fruit,house keeping products,bottled beer,dessert,syrup,whipped/sour cream,rolls/buns,chewing gum
frankfurter,canned beer,cake bar,onions,whipped/sour cream,pork,newspapers,other vegetables,newspapers,pastry,whipped/sour cream,brown bread,frozen vegetables,misc. beverages,baking powder,yogurt
chicken,meat,sausage,specialty bar,soda,vinegar,liquor,frozen meals,rolls/buns,fruit/vegetable juice
rolls/buns,meat,pip fruit,photo/film,packaged fruit/vegetables,liver loaf,newspapers,chewing gum,cocoa drinks,red/blush wine
sausage,dish cleaner,canned beer,sliced cheese,whole milk,canned vegetables,whole milk,whipped/sour cream,brown bread,whole milk,canned fish,roll products ,pastry
sausage,frankfurter,root vegetables,yogurt,shopping bags,yogurt,whole milk,whole milk,shopping bags,whole milk,domestic eggs
bottled beer,rolls/buns,napkins,tropical fruit,whole milk,whole milk,seasonal products,cream cheese ,shopping bags,UHT-milk,dish cleaner,hygiene articles,shopping bags,pudding powder,frozen fish,newspapers,shopping bags,mustard
bottled beer,curd,nuts/prunes,root vegetables,sausage,long life bakery product,canned fish,whole milk,whole milk,rolls/buns,root vegetables,bottled water,brown bread,curd,hard cheese
citrus fruit,canned vegetables,sugar,whipped/sour cream,candy,whole milk,pickled vegetables,shopping bags,fruit/vegetable juice,yogurt
soda,tropical fruit,tropical fruit,yogurt,bottled beer,grapes,sausage,grapes,pip fruit,napkins,fruit/vegetable juice,beverages,rolls/buns,yogurt,curd,other vegetables,whipped/sour cream,root vegetables,sugar
canned beer,ice cream,margarine,chicken,rolls/buns,detergent,coffee,bottled beer,yogurt,rolls/buns,canned beer,zwieback
canned beer,roll products ,citrus fruit,sausage,whole milk,herbs,prosecco,whole milk,chocolate,margarine
sausage,tropical fruit,long life bakery product,sausage,other vegetables,yogurt,root vegetables,chewing gum,citrus fruit,cake bar,dog food,domestic eggs,rolls/buns
Instant food products,pip fruit,hygiene articles,whole milk,yogurt,napkins,yogurt,pip fruit,condensed milk,cat food,chocolate
oil,citrus fruit,bottled water,canned beer,other vegetables,chicken,waffles,UHT-milk,chocolate,candy,dish cleaner
chicken,margarine,other vegetables,citrus fruit,bottled beer,chicken,sausage,sausage,chicken,pork,pork,whole milk,brown bread,pork,rolls/buns,citrus fruit,specialty bar,shopping bags,baking powder,whole milk,yogurt,frozen meals,curd,other vegetables,specialty chocolate,bottled water,yogurt,whole milk,newspapers,long life bakery product,cream cheese 
chicken,citrus fruit,beef,pip fruit,hamburger meat,canned beer,chicken,rolls/buns,butter milk,pastry,butter,yogurt,whole milk,rolls/buns
whipped/sour cream,canned fruit,sausage,hamburger meat,pork,chewing gum,pip fruit,soda,detergent,whole milk,soda,soft cheese,yogurt,herbs,other vegetables
frankfurter,coffee,canned beer,liquor,semi-finished bread,whole milk,whole milk,bottled water,other vegetables,whole milk,soda,margarine,shopping bags,roll products ,long life bakery product
liver loaf,ham,tropical fruit,hard cheese,other vegetables,rolls/buns,curd,oil,misc. beverages,long life bakery product
pork,chicken,citrus fruit,root vegetables,canned fish,specialty chocolate,fruit/vegetable juice,sugar,napkins,newspapers
whipped/sour cream,curd,sausage,berries,canned beer,root vegetables,margarine,long life bakery product,pastry,bottled beer
citrus fruit,sausage,yogurt,beef,chocolate,beverages,salad dressing,specialty chocolate,herbs,other vegetables,specialty bar,oil
cream cheese ,citrus fruit,salty snack,chicken,whole milk,frozen meals,butter,kitchen towels,shopping bags,pasta,salty snack,butter
soda,brown bread,specialty chocolate,rolls/buns,sausage,citrus fruit,chocolate,rolls/buns,rolls/buns,UHT-milk,specialty bar,bottled water,frozen meals,long life bakery product,margarine,sugar
frankfurter,whole milk,fish,hamburger meat,soda,frozen meals,whipped/sour cream,fruit/vegetable juice,frozen potato products,bottled beer
sausage,oil,other vegetables,whipped/sour cream,ice cream,canned beer,bottled beer,pip fruit,canned beer,whole milk,root vegetables,cream cheese ,hygiene articles,shopping bags
oil,cat food,meat,citrus fruit,whole milk,turkey,other vegetables,onions,spread cheese,chocolate,pastry,canned beer,berries,whole milk,rolls/buns,long life bakery product
newspapers,chocolate,dessert,pastry,root vegetables,grapes,beef,root vegetables,onions,whipped/sour cream,other vegetables,coffee,pickled vegetables
dessert,root vegetables,specialty chocolate,other vegetables,bottled beer,hamburger meat,whole milk,brown bread,whole milk,canned beer,semi-finished bread,white bread,shopping bags
hamburger meat,chicken,waffles,soda,whole milk,other vegetables,pastry,frozen vegetables,rolls/buns,soda,sugar,whole milk
sausage,shopping bags,citrus fruit,beverages,sausage,beverages,dog food,frozen meals,tropical fruit,other vegetables,sugar,bottled beer,pasta,bottled water,butter,domestic eggs,chocolate
root vegetables,sparkling wine,pip fruit,hamburger meat,canned beer,other vegetables,whipped/sour cream,root vegetables,waffles,rolls/buns,bottled beer,root vegetables,meat spreads,specialty chocolate,soda,bottled water,soda
berries,soda,sausage,whole milk,hamburger meat,pip fruit,hamburger meat,white wine,pastry,whole milk,whole milk,rolls/buns,margarine,processed cheese,ice cream,bathroom cleaner
other vegetables,misc. beverages,tropical fruit,whole milk,whole milk,berries,onions,fruit/vegetable juice,whole milk,yogurt
chicken,soda,hamburger meat,pastry,fruit/vegetable juice,whole milk,yogurt,pastry,white bread,whole milk,cream cheese ,margarine,bottled water,soda,softener
whole milk,frankfurter,grapes,soda,citrus fruit,salt,napkins,rolls/buns,soda,shopping bags
sausage,grapes,salty snack,frozen fish,other vegetables,berries,dessert,soda,brown bread,vinegar
ham,whole milk,yogurt,other vegetables,photo/film,packaged fruit/vegetables,curd,spread cheese,rolls/buns,coffee,onions,pastry,shopping bags,cream cheese 
frankfurter,other vegetables,yogurt,ham,root vegetables,beef,soft cheese,other vegetables,frozen vegetables,root vegetables,soda,other vegetables,whole milk,other vegetables,butter milk,newspapers,instant coffee,nut snack,canned beer,candles,shopping bags
citrus fruit,bottled beer,soda,hygiene articles,chicken,beef,fruit/vegetable juice,margarine,other vegetables,whole milk,whole milk,canned beer,curd,whipped/sour cream,bottled beer,brown bread,soda
zwieback,pastry,whole milk,hard cheese,whole milk,tropical fruit,citrus fruit,frozen meals,margarine,newspapers,rolls/buns
butter,beef,tropical fruit,curd,onions,pickled vegetables,coffee,UHT-milk,waffles,frozen fish,bottled beer,cream cheese ,misc. beverages
ham,chicken,liver loaf,shopping bags,tropical fruit,frozen vegetables,margarine,rolls/buns,chewing gum,soda,whole milk,other vegetables,curd,mayonnaise,rice
frankfurter,rolls/buns,bottled water,other vegetables,whole milk,root vegetables,root vegetables,rolls/buns,yogurt,beverages
frankfurter,whole milk,tropical fruit,sausage,fruit/vegetable juice,yogurt,chicken,chocolate,oil,waffles
other vegetables,sausage,other vegetables,sliced cheese,canned beer,other vegetables,yogurt,zwieback,onions,long life bakery product,pastry,cream cheese ,oil,fruit/vegetable juice
yogurt,rolls/buns,dessert,white bread,misc. beverages,whole milk,newspapers,whole milk,seasonal products,shopping bags
yogurt,specialty bar,specialty chocolate,misc. beverages,citrus fruit,frankfurter,bottled water,processed cheese,condensed milk,whole milk,salt,white wine,curd,rolls/buns
oil,chicken,rolls/buns,whole milk,processed cheese,yogurt,shopping bags,newspapers,whole milk,whole milk,cereals,soda,domestic eggs
citrus fruit,frankfurter,other vegetables,frankfurter,hamburger meat,UHT-milk,ice cream,soda,canned beer,rolls/buns,whipped/sour cream,yogurt,margarine,other vegetables,sliced cheese,soda,sugar,rolls/buns,shopping bags,cake bar
dessert,onions,hamburger meat,whole milk,tropical fruit,rolls/buns,sugar,pet care,root vegetables,yogurt,flour,bottled water
oil,pip fruit,frankfurter,fish,beef,ham,hamburger meat,frozen dessert,soda,artif. sweetener,other vegetables,whole milk,newspapers,grapes,rum,cream cheese ,meat spreads,hygiene articles,whipped/sour cream
whole milk,pastry,ham,baking powder,bottled water,soda,margarine,soda,butter,yogurt,margarine,chocolate,salty snack,yogurt,pickled vegetables,curd,dishes,liquor
sausage,pip fruit,citrus fruit,chicken,pastry,frozen vegetables,chocolate,canned beer,white bread,shopping bags,brown bread,sugar
root vegetables,whole milk,citrus fruit,root vegetables,sliced cheese,whole milk,packaged fruit/vegetables,onions,whole milk,fruit/vegetable juice,seasonal products,domestic eggs,berries,semi-finished bread
sugar,brandy,salty snack,rolls/buns,bottled water,whipped/sour cream,whole milk,shopping bags,salty snack,frozen vegetables,cat food,newspapers,shopping bags,white bread
yogurt,sausage,other vegetables,white wine,citrus fruit,seasonal products,canned beer,rolls/buns,whole milk,soda,fruit/vegetable juice
pork,sausage,baking powder,canned beer,brandy,bottled water,onions,brown bread,white bread,curd,bottled beer,canned beer,soft cheese,bottled water,dishes,chocolate,sliced cheese
grapes,detergent,condensed milk,soda,root vegetables,margarine,grapes,liquor (appetizer),rolls/buns,rolls/buns,yogurt,long life bakery product,dessert,soda,zwieback
whole milk,tropical fruit,yogurt,tropical fruit,soda,fruit/vegetable juice,soda,whole milk,bottled water,soda,pickled vegetables,salty snack,dessert,bottled beer,seasonal products,long life bakery product,pastry,dishes,sugar,mustard,misc. beverages
canned beer,frankfurter,whole milk,fruit/vegetable juice,grapes,berries,hygiene articles,root vegetables,soft cheese,shopping bags,bottled beer
meat,pastry,frankfurter,sparkling wine,bottled water,whole milk,rolls/buns,other vegetables,UHT-milk,soda,shopping bags,root vegetables
soda,berries,pork,tropical fruit,tropical fruit,shopping bags,whole milk,ham,root vegetables,root vegetables,sweet spreads,pastry,yogurt,yogurt,sweet spreads,candy,whole milk,ice cream,domestic eggs,soups,white wine,rolls/buns
ice cream,long life bakery product,canned beer,misc. beverages,beef,other vegetables,chicken,male cosmetics,beef,brown bread,frozen vegetables,pip fruit,rolls/buns,rolls/buns,white wine,berries,newspapers,frozen meals,organic products,ice cream,hard cheese,other vegetables,frozen vegetables,chocolate,chocolate
grapes,margarine,whole milk,other vegetables,shopping bags,butter,citrus fruit,honey,citrus fruit,yogurt,specialty bar,canned beer,pastry,waffles,oil
beef,processed cheese,berries,yogurt,meat spreads,hamburger meat,herbs,sweet spreads,canned beer,whole milk,pot plants
brown bread,rolls/buns,cat food,chicken,flour,chicken,sugar,shopping bags,newspapers,pip fruit,dessert,hard cheese,fruit/vegetable juice
newspapers,UHT-milk,bottled beer,tropical fruit,soda,flour,domestic eggs,rolls/buns,yogurt,bottled water,candy,whipped/sour cream
brandy,root vegetables,sausage,white wine,other vegetables,root vegetables,rolls/buns,dessert,UHT-milk,semi-finished bread,cream cheese ,white bread,shopping bags,packaged fruit/vegetables
beverages,yogurt,citrus fruit,tropical fruit,canned beer,other vegetables,bottled water,white wine,white wine,ice cream,other vegetables,hygiene articles,long life bakery product,dessert,butter milk,domestic eggs,pastry,bottled beer
cream cheese ,soda,hygiene articles,whole milk,whole milk,yogurt,pastry,onions,soda,bottled beer,chocolate
hard cheese,soft cheese,onions,napkins,soda,semi-finished bread,berries,butter milk,cat food,shopping bags
canned beer,sausage,sugar,tropical fruit,whole milk,cereals,domestic eggs,pastry,specialty bar,salty snack,domestic eggs
citrus fruit,coffee,frankfurter,rubbing alcohol,other vegetables,sausage,whole milk,long life bakery product,sliced cheese,sparkling wine,waffles,whipped/sour cream,other vegetables,domestic eggs,domestic eggs,beef,hamburger meat,pip fruit,butter milk,white bread,yogurt,soda,oil
citrus fruit,brown bread,sausage,sausage,curd,chicken,rolls/buns,root vegetables,shopping bags,whole milk,yogurt,onions,soda,UHT-milk,liquor,canned beer,dessert,soda,candy,soups,misc. beverages
other vegetables,pip fruit,sausage,ham,dessert,other vegetables,beef,liquor (appetizer),frozen fish,soda,tropical fruit,jam,potato products,bottled water,soda,napkins
soda,frankfurter,salt,beef,yogurt,soda,beef,whole milk,butter,other vegetables,rolls/buns,rolls/buns,chocolate,whole milk,shopping bags,rolls/buns,soda,frozen meals,napkins,napkins,margarine
coffee,tropical fruit,yogurt,meat,curd,bottled water,whole milk,citrus fruit,citrus fruit,other vegetables,oil,chewing gum
ham,whole milk,frankfurter,whole milk,margarine,coffee,pip fruit,prosecco,pastry,whole milk,whole milk,frozen meals,berries
whole milk,whole milk,sausage,yogurt,pip fruit,whole milk,newspapers,yogurt,frozen vegetables,rolls/buns,white wine,frozen vegetables,white bread,salt
canned beer,tropical fruit,pip fruit,newspapers,soda,yogurt,citrus fruit,brown bread,tropical fruit,waffles,semi-finished bread,shopping bags,whole milk,salty snack,coffee
rolls/buns,rolls/buns,pastry,canned beer,pip fruit,frozen meals,other vegetables,rolls/buns,sugar,other vegetables,rolls/buns,brown bread,bottled water,butter milk,soft cheese,shopping bags
meat,soda,brown bread,pip fruit,soda,canned beer,frozen dessert,specialty chocolate,tropical fruit,tropical fruit,pastry,misc. beverages,whole milk,bottled water,specialty bar,other vegetables,domestic eggs
citrus fruit,cat food,beef,bottled beer,beef,meat,tropical fruit,soft cheese,snack products,whole milk,beverages,brown bread,other vegetables,margarine,rolls/buns,domestic eggs,grapes,whipped/sour cream,liquor (appetizer),long life bakery product,sugar
spices,whole milk,pastry,dog food,ice cream,butter,rolls/buns,frozen potato products,chewing gum,other vegetables,coffee
canned beer,root vegetables,citrus fruit,ham,whole milk,whole milk,pastry,whole milk,whole milk,rolls/buns,other vegetables,soda,flower (seeds),canned fruit,fruit/vegetable juice,newspapers,brown bread,coffee
rolls/buns,rolls/buns,soda,butter milk,other vegetables,bottled water,chocolate,other vegetables,yogurt,cream cheese ,frozen vegetables
onions,other vegetables,sausage,sausage,rolls/buns,root vegetables,chocolate,bottled water,domestic eggs,yogurt,waffles,whole milk,yogurt,UHT-milk,sliced cheese,soda,baking powder,sparkling wine,yogurt
napkins,frankfurter,chicken,meat,bottled beer,soda,root vegetables,sparkling wine,bottled water,frozen vegetables,other vegetables,pastry,misc. beverages,root vegetables,whole milk,butter,liquor,root vegetables,salt,detergent
chicken,rolls/buns,butter milk,whipped/sour cream,waffles,rolls/buns,other vegetables,whole milk,margarine,other vegetables,soda,salty snack,soda,rolls/buns,whipped/sour cream,UHT-milk,canned beer,shopping bags,curd
butter,beef,candy,herbs,beverages,tropical fruit,waffles,yogurt,grapes,fruit/vegetable juice,domestic eggs,whipped/sour cream
rolls/buns,other vegetables,other vegetables,popcorn,root vegetables,butter milk,soda,flour,bottled water,whipped/sour cream
onions,soda,frankfurter,tropical fruit,dessert,rum,frozen fish,syrup,yogurt,curd,mayonnaise,rolls/buns,instant coffee
citrus fruit,yogurt,citrus fruit,rolls/buns,berries,tropical fruit,whole milk,butter,zwieback,brown bread,newspapers,chocolate
domestic eggs,newspapers,citrus fruit,whole milk,tropical fruit,curd cheese,pastry,specialty bar,pastry,frozen vegetables,root vegetables,root vegetables,soda,pastry,yogurt,shopping bags,chocolate,long life bakery product
rolls/buns,rolls/buns,other vegetables,rolls/buns,frozen vegetables,sauces,bottled beer,cling film/bags,ice cream,bottled water,domestic eggs,butter milk,coffee,flour
bottled beer,whole milk,ice cream,beef,misc. beverages,chicken,rolls/buns,candy,rolls/buns,beef,salty snack,whole milk
condensed milk,whipped/sour cream,bottled water,sausage,beef,other vegetables,other vegetables,pastry,pip fruit,soap
meat,other vegetables,cookware,canned beer,canned beer,citrus fruit,root vegetables,root vegetables,frozen vegetables,butter,ice cream,bottled water,hamburger meat,newspapers,photo/film
whole milk,rolls/buns,dessert,brandy,frozen dessert,yogurt,citrus fruit,soda,soap,bottled water,chewing gum
pork,soda,pork,sausage,other vegetables,tropical fruit,tropical fruit,brown bread,whole milk,processed cheese,curd,cat food,other vegetables,fruit/vegetable juice,bottled water,shopping bags
pastry,whole milk,canned beer,bottled water,brown bread,specialty bar,sugar,yogurt,butter milk,detergent,fruit/vegetable juice
sausage,citrus fruit,yogurt,berries,pastry,berries,sparkling wine,salty snack,other vegetables,hygiene articles,canned fish,pastry,beverages,female sanitary products,waffles
processed cheese,packaged fruit/vegetables,oil,turkey,bottled water,hamburger meat,yogurt,rolls/buns,fruit/vegetable juice,shopping bags,frozen vegetables,butter milk,frozen vegetables,domestic eggs,whole milk,UHT-milk
meat,frozen vegetables,turkey,salty snack,beverages,canned beer,other vegetables,seasonal products,curd,jam,hygiene articles
citrus fruit,berries,whole milk,finished products,tropical fruit,tropical fruit,rolls/buns,frozen meals,misc. beverages,UHT-milk,other vegetables,whipped/sour cream,salty snack,pastry,other vegetables,pastry,yogurt,rolls/buns,whole milk,canned beer,dishes,shopping bags,berries,fruit/vegetable juice,domestic eggs,frozen vegetables
sausage,yogurt,herbs,herbs,beverages,pastry,whipped/sour cream,white bread,white bread,canned fish,bottled water,curd cheese
hamburger meat,sausage,coffee,sausage,cake bar,pip fruit,whole milk,packaged fruit/vegetables,whole milk,UHT-milk,salt,white wine,long life bakery product,processed cheese,soda,chocolate,pickled vegetables,yogurt,shopping bags
yogurt,white wine,soda,turkey,tropical fruit,other vegetables,cookware,canned vegetables,cream cheese ,whipped/sour cream,pastry,salt,whole milk,flour,butter
tropical fruit,other vegetables,chewing gum,chicken,frozen meals,butter,oil,coffee,margarine,instant coffee,margarine,waffles,specialty chocolate
napkins,rolls/buns,beef,tropical fruit,berries,pork,margarine,other vegetables,shopping bags,pip fruit,soda
herbs,bottled beer,other vegetables,whole milk,brown bread,root vegetables,whole milk,yogurt,canned fish,misc. beverages
pork,frankfurter,frankfurter,sausage,whole milk,soft cheese,other vegetables,curd,whole milk,packaged fruit/vegetables,rolls/buns,pot plants,sliced cheese,sliced cheese,soda,margarine
frankfurter,UHT-milk,root vegetables,pip fruit,other vegetables,pip fruit,citrus fruit,salty snack,specialty chocolate,grapes,chewing gum,pastry,pastry,yogurt,canned fruit
ice cream,root vegetables,soda,bottled water,whole milk,napkins,white bread,soda,soda,butter milk,rubbing alcohol,meat spreads,fruit/vegetable juice,domestic eggs,nut snack
frozen vegetables,frankfurter,bottled beer,sausage,seasonal products,mayonnaise,soft cheese,pastry,margarine,whole milk,rolls/buns,other vegetables,bottled beer,yogurt,rolls/buns,pastry,bottled beer,mustard,bottled water,specialty fat,instant coffee
pastry,sausage,chicken,frankfurter,Instant food products,brown bread,dish cleaner,domestic eggs,coffee,whole milk,yogurt,yogurt,sweet spreads
curd,white bread,other vegetables,sausage,root vegetables,salt,citrus fruit,ice cream,frozen potato products,hygiene articles,specialty chocolate,whole milk,onions,butter,citrus fruit,pastry,butter,domestic eggs,rolls/buns,shopping bags,dessert,mustard,butter milk,dental care
beef,sausage,citrus fruit,sparkling wine,yogurt,grapes,yogurt,other vegetables,soda,bottled water,other vegetables,rolls/buns
chicken,root vegetables,canned beer,chicken,turkey,root vegetables,pastry,whole milk,salty snack,butter milk,pastry,vinegar,bottled water,domestic eggs,curd,shopping bags,butter
detergent,long life bakery product,frankfurter,whole milk,other vegetables,rolls/buns,pip fruit,red/blush wine,pork,margarine,frozen dessert
chicken,frankfurter,whole milk,grapes,canned beer,other vegetables,bottled water,salty snack,chocolate,pot plants,sugar,dishes,hygiene articles,whole milk,dental care
ham,other vegetables,beef,bottled beer,sugar,canned fruit,soda,waffles,yogurt,butter milk,detergent,shopping bags,butter milk,photo/film
tropical fruit,whole milk,bottled beer,root vegetables,brown bread,pastry,pastry,tropical fruit,cream cheese ,dessert,red/blush wine,baking powder
meat,whole milk,root vegetables,sausage,sausage,ham,root vegetables,bottled beer,brown bread,bottled water,other vegetables,UHT-milk,sliced cheese,domestic eggs,rum,shopping bags,canned vegetables,frozen vegetables,salty snack,canned beer,white bread
soda,root vegetables,sausage,meat,jam,canned beer,pip fruit,liquor (appetizer),salt,yogurt,dessert,brown bread,dessert,beverages,yogurt
dessert,dishes,frankfurter,frankfurter,ice cream,chocolate,condensed milk,other vegetables,tropical fruit,citrus fruit,specialty cheese,coffee,butter,yogurt,whole milk
sausage,ham,butter,sausage,turkey,canned beer,fruit/vegetable juice,other vegetables,curd,bottled water,berries,brown bread,whole milk,grapes,canned beer,curd,organic sausage,other vegetables,soda,cling film/bags
pork,pip fruit,whole milk,other vegetables,bottled water,dishes,hygiene articles,waffles,UHT-milk,whole milk,specialty bar,other vegetables,cat food,house keeping products
hamburger meat,chicken,bottled beer,cream cheese ,citrus fruit,chicken,pork,citrus fruit,whole milk,pet care,packaged fruit/vegetables,napkins,condensed milk,specialty chocolate,whole milk,other vegetables
misc. beverages,root vegetables,root vegetables,salty snack,whole milk,beef,white bread,packaged fruit/vegetables,semi-finished bread,misc. beverages,other vegetables,domestic eggs,brown bread,domestic eggs,shopping bags,frozen dessert
pastry,frankfurter,rolls/buns,specialty chocolate,canned beer,sausage,napkins,waffles,ice cream,onions,rice,margarine,pasta,rolls/buns,butter milk,dental care,chocolate
soda,citrus fruit,chicken,soda,bottled beer,root vegetables,pastry,yogurt,coffee,other vegetables,bottled beer,oil
soda,canned beer,sausage,sausage,whole milk,whole milk,pickled vegetables,misc. beverages,semi-finished bread,hygiene articles,yogurt,pastry,salty snack
yogurt,berries,whole milk,sausage,grapes,pork,sugar,other vegetables,dental care,butter,pork,coffee,chewing gum,rolls/buns,seasonal products,newspapers,cling film/bags,curd cheese,canned vegetables
sausage,citrus fruit,frankfurter,rolls/buns,whole milk,beef,hamburger meat,meat,curd,butter,roll products ,rolls/buns,soft cheese,ice cream,long life bakery product,pip fruit,margarine,bottled beer
tropical fruit,hamburger meat,tropical fruit,soda,tropical fruit,soda,whipped/sour cream,rolls/buns,specialty bar,grapes,brown bread,curd,yogurt,canned vegetables,dessert,curd,whole milk,tidbits
citrus fruit,citrus fruit,frankfurter,mayonnaise,hamburger meat,whole milk,other vegetables,whipped/sour cream,pastry,specialty chocolate,chocolate,misc. beverages
canned beer,tropical fruit,sausage,sausage,hamburger meat,root vegetables,soda,whole milk,sliced cheese,pastry,soda,candles,pastry,newspapers,white bread
canned beer,citrus fruit,sausage,sausage,hamburger meat,salty snack,rolls/buns,frozen potato products,bottled beer,rolls/buns,soda
whole milk,ice cream,liquor,whole milk,yogurt,citrus fruit,shopping bags,UHT-milk,other vegetables,bottled water,whipped/sour cream,other vegetables,onions,female sanitary products,curd
pastry,citrus fruit,chicken,citrus fruit,whole milk,soda,specialty bar,soda,spread cheese,newspapers,soda,detergent,yogurt,sliced cheese,yogurt,whole milk,salty snack,other vegetables,shopping bags
frankfurter,specialty chocolate,tropical fruit,whole milk,other vegetables,root vegetables,dishes,liquor,soda,cat food,newspapers,sugar,newspapers,bottled beer,rolls/buns
sausage,frankfurter,frozen vegetables,root vegetables,specialty bar,beef,other vegetables,butter,UHT-milk,yogurt,rolls/buns,abrasive cleaner,napkins,newspapers,rolls/buns
whole milk,frankfurter,frankfurter,beef,domestic eggs,chicken,rolls/buns,canned vegetables,tropical fruit,frozen potato products,hard cheese,processed cheese,curd,shopping bags,bottled water,bottled water,root vegetables,curd,cake bar,salty snack,salt,fruit/vegetable juice,bottled water,newspapers
ham,other vegetables,pastry,canned beer,white bread,newspapers,soda,rolls/buns,sugar,brown bread,waffles
bottled water,whole milk,yogurt,soda,dog food,pip fruit,curd,other vegetables,semi-finished bread,margarine,napkins,rolls/buns,yogurt,soda,shopping bags
butter milk,shopping bags,chicken,curd,candy,tropical fruit,butter,snack products,red/blush wine,whipped/sour cream,pip fruit,whole milk,canned beer,whole milk,packaged fruit/vegetables,butter
turkey,frozen meals,frankfurter,pork,tropical fruit,newspapers,tidbits,root vegetables,curd,rolls/buns,coffee,white wine,sauces
tropical fruit,other vegetables,dessert,frozen vegetables,citrus fruit,male cosmetics,female sanitary products,herbs,yogurt,cake bar,pot plants,flour,oil,salt,domestic eggs,chocolate
frankfurter,citrus fruit,canned beer,pork,sausage,sausage,whole milk,pork,newspapers,liquor (appetizer),beverages,whipped/sour cream,waffles,root vegetables,margarine,whole milk,pickled vegetables,pastry,pastry,red/blush wine,sugar
whipped/sour cream,sausage,root vegetables,pip fruit,citrus fruit,root vegetables,specialty chocolate,other vegetables,chewing gum,condensed milk,pastry,specialty bar,pip fruit,sauces,dessert,pot plants
tropical fruit,pip fruit,frankfurter,beef,whole milk,fruit/vegetable juice,bottled beer,whole milk,whipped/sour cream,other vegetables,brown bread,specialty bar,soda,bottled beer,chocolate
sausage,other vegetables,butter,whole milk,curd,pip fruit,rolls/buns,seasonal products,dishes,margarine,bottled water
sausage,yogurt,chicken,pork,whole milk,pip fruit,hamburger meat,rolls/buns,frozen vegetables,yogurt,soda,brown bread,whole milk,whole milk,rolls/buns,oil,specialty vegetables,napkins
sausage,whole milk,citrus fruit,canned beer,other vegetables,pip fruit,pork,bottled beer,butter,other vegetables,soda,pip fruit,yogurt,herbs,red/blush wine,candy,cream cheese 
tropical fruit,bottled water,sausage,sausage,whole milk,curd,root vegetables,whole milk,long life bakery product,frozen fish,house keeping products,cocoa drinks,pip fruit,whole milk,soda,margarine,shopping bags
pip fruit,soda,grapes,beef,semi-finished bread,frozen potato products,dishes,brown bread,bottled water,other vegetables,rolls/buns,chocolate marshmallow,bottled water,soft cheese
other vegetables,sausage,butter milk,pip fruit,chocolate marshmallow,berries,hard cheese,shopping bags,frozen vegetables,whipped/sour cream,pastry,organic products,baking powder,shopping bags
ham,frozen meals,bottled beer,domestic eggs,soda,white wine,bottled water,soda,butter milk,margarine,long life bakery product,bottled water,cat food,pasta,specialty chocolate
meat,oil,specialty chocolate,whole milk,other vegetables,margarine,pasta,specialty cheese,soda,pasta,long life bakery product
sausage,beef,whole milk,tropical fruit,finished products,yogurt,margarine,butter milk,curd,tropical fruit,pastry,whole milk,fruit/vegetable juice,pip fruit,sugar,brown bread,fruit/vegetable juice,brown bread,pot plants,misc. beverages
sausage,frankfurter,beef,beef,chicken,beef,female sanitary products,salt,male cosmetics,root vegetables,salty snack
sausage,yogurt,pastry,citrus fruit,misc. beverages,pastry,bottled beer,candles,rolls/buns,curd,male cosmetics,whole milk,baking powder
sausage,frankfurter,root vegetables,frankfurter,other vegetables,root vegetables,berries,curd,citrus fruit,whole milk,soda,cat food,rolls/buns,misc. beverages,whole milk,pasta,coffee,sweet spreads,bottled beer
coffee,canned beer,brandy,root vegetables,bottled water,waffles,cat food,grapes,yogurt,soda,dishes,chocolate,light bulbs,soda
beef,ham,whole milk,root vegetables,white bread,newspapers,shopping bags,other vegetables,UHT-milk,hard cheese,frozen vegetables,cream cheese ,whipped/sour cream
berries,nuts/prunes,pip fruit,chicken,berries,ice cream,ham,butter,root vegetables,oil,white wine,white wine,salty snack,other vegetables,fruit/vegetable juice,whole milk,shopping bags,pastry,cat food,yogurt,newspapers
frozen meals,coffee,detergent,rolls/buns,ham,yogurt,other vegetables,whole milk,whole milk,chicken,pip fruit,whole milk,bottled beer,domestic eggs
rolls/buns,turkey,misc. beverages,beef,bottled beer,grapes,butter,bottled water,waffles,margarine,dessert,potato products,seasonal products,frozen vegetables
frankfurter,rolls/buns,photo/film,root vegetables,soda,grapes,bottled beer,sausage,yogurt,other vegetables,salty snack,shopping bags,specialty bar,other vegetables,Instant food products,domestic eggs,bottled water,newspapers,frozen vegetables,bottled beer
coffee,coffee,ham,canned beer,meat,dessert,root vegetables,frozen vegetables,salt,specialty bar,shopping bags,flower (seeds),bottled beer
soda,citrus fruit,whole milk,butter milk,tropical fruit,domestic eggs,soda,candy,semi-finished bread,bottled water,chewing gum,semi-finished bread,candy,artif. sweetener,ice cream
meat,pip fruit,tropical fruit,sausage,canned beer,frozen vegetables,cat food,newspapers,bottled water,waffles,soda,semi-finished bread
pip fruit,pip fruit,yogurt,hamburger meat,sliced cheese,newspapers,brown bread,dessert,cream cheese ,candy,curd,chocolate
other vegetables,other vegetables,tropical fruit,red/blush wine,rolls/buns,liquor,whole milk,whole milk,root vegetables,frozen meals,seasonal products,butter milk,canned fruit,softener
frankfurter,chicken,red/blush wine,citrus fruit,yogurt,grapes,detergent,tropical fruit,cream cheese ,chocolate,rolls/buns,other vegetables,chocolate
long life bakery product,pastry,soda,other vegetables,butter milk,liquor,fruit/vegetable juice,brown bread,dessert,shopping bags,Instant food products,chewing gum
soda,yogurt,other vegetables,rolls/buns,frozen vegetables,chocolate marshmallow,red/blush wine,domestic eggs,other vegetables,pip fruit,fruit/vegetable juice,hygiene articles
rolls/buns,margarine,shopping bags,brown bread,semi-finished bread,other vegetables,other vegetables,canned beer,pastry,bottled water,bottled beer,pastry,flower (seeds)
bags,hamburger meat,root vegetables,canned beer,specialty bar,bottled beer,yogurt,coffee,other vegetables,canned beer,misc. beverages,instant coffee,pickled vegetables,soda,yogurt,cling film/bags
whole milk,photo/film,pork,rolls/buns,grapes,whole milk,coffee,whole milk,yogurt,domestic eggs,whipped/sour cream,domestic eggs,rolls/buns,whole milk
soda,ham,frankfurter,whole milk,canned beer,soda,butter milk,domestic eggs,pastry,other vegetables,sliced cheese,canned beer,soda,misc. beverages
spread cheese,onions,UHT-milk,cream cheese ,specialty chocolate,pastry,other vegetables,canned beer,cream cheese ,rolls/buns,waffles,sugar
citrus fruit,grapes,soda,beef,beef,tropical fruit,beef,whole milk,pastry,specialty cheese,dog food,chocolate,frozen potato products,shopping bags,yogurt,candy,frozen vegetables
canned beer,bottled water,butter,sausage,yogurt,citrus fruit,rolls/buns,frozen vegetables,soda,whole milk,ice cream,soups,frozen meals,softener,oil,canned vegetables
rolls/buns,root vegetables,tropical fruit,pastry,jam,pip fruit,chocolate,detergent,cake bar,rice
pip fruit,rolls/buns,candy,whole milk,rolls/buns,yogurt,long life bakery product,cake bar,soda,canned vegetables,cat food
other vegetables,canned beer,pip fruit,long life bakery product,fruit/vegetable juice,sugar,berries,rolls/buns,UHT-milk,bottled water
frankfurter,nuts/prunes,butter,rolls/buns,other vegetables,newspapers,soda,bottled beer,citrus fruit,red/blush wine,snack products
citrus fruit,sausage,UHT-milk,white bread,tropical fruit,whole milk,tropical fruit,soda,sliced cheese,light bulbs,dishes,baking powder,rolls/buns,yogurt,rolls/buns,rolls/buns,frozen meals,frozen dessert,liquor (appetizer),sugar
frankfurter,rolls/buns,citrus fruit,canned beer,beef,soda,other vegetables,yogurt,yogurt,hamburger meat,white wine,canned beer,soft cheese,waffles,salt,cake bar
pip fruit,dessert,domestic eggs,finished products,butter,whole milk,candles,whole milk,root vegetables,canned beer
rolls/buns,whole milk,brown bread,whole milk,rolls/buns,frozen meals,sausage,beef,tropical fruit,tropical fruit,yogurt,root vegetables,misc. beverages,pastry,whole milk,herbs,yogurt,frozen vegetables,whole milk,other vegetables,domestic eggs,coffee,other vegetables,white wine,bottled beer,rolls/buns,hard cheese,misc. beverages
citrus fruit,pork,oil,whipped/sour cream,whole milk,yogurt,yogurt,other vegetables,whole milk,candy
frozen fish,frankfurter,frankfurter,pork,pip fruit,tropical fruit,root vegetables,bottled water,sugar,cat food,other vegetables,root vegetables,soda,whole milk,yogurt
tropical fruit,roll products ,sausage,whole milk,pork,rolls/buns,tropical fruit,yogurt,rolls/buns,napkins,rolls/buns
beverages,hamburger meat,beef,white bread,frozen meals,candles,whole milk,pastry,red/blush wine,white wine,whipped/sour cream
whole milk,canned beer,yogurt,honey,UHT-milk,other vegetables,soda,ketchup,salty snack,coffee,butter
sausage,coffee,bottled beer,other vegetables,dessert,domestic eggs,other vegetables,bottled beer,whole milk,other vegetables,zwieback,cream cheese ,canned beer,curd,bottled water,waffles,waffles
pastry,pork,yogurt,root vegetables,beef,brown bread,herbs,frozen vegetables,frozen meals,whole milk,whole milk,brown bread,salty snack,white bread,detergent,butter milk,bottled water
soda,pork,yogurt,sausage,pork,root vegetables,soda,whole milk,other vegetables,tropical fruit,shopping bags,white bread,yogurt,soda,other vegetables,dog food,long life bakery product,baking powder,sliced cheese
turkey,other vegetables,meat,dessert,white bread,flour,beverages,citrus fruit,whipped/sour cream,cleaner,margarine
yogurt,butter,frankfurter,frozen vegetables,beef,mustard,cleaner,beverages,coffee,kitchen towels,fruit/vegetable juice,red/blush wine
sausage,canned beer,other vegetables,sausage,organic products,frankfurter,yogurt,tropical fruit,whole milk,rolls/buns,soda,whole milk,soda,herbs,frozen dessert,rice,coffee,UHT-milk,cat food,hygiene articles,processed cheese,misc. beverages,rolls/buns
newspapers,pork,sausage,zwieback,chocolate,whipped/sour cream,ham,whole milk,specialty chocolate,sliced cheese,other vegetables,curd,cream cheese ,whole milk,salty snack,bottled beer,long life bakery product,detergent,soda
sausage,dessert,sausage,UHT-milk,canned beer,brown bread,pork,berries,canned beer,citrus fruit,other vegetables,brown bread,long life bakery product,mayonnaise,frozen vegetables,yogurt
misc. beverages,tropical fruit,beef,sausage,tropical fruit,whole milk,tropical fruit,flower (seeds),sparkling wine,long life bakery product,soda
sausage,meat,canned beer,curd,root vegetables,root vegetables,butter,whipped/sour cream,rolls/buns,whole milk,root vegetables,chocolate marshmallow,salt,yogurt,dish cleaner,other vegetables,pastry
frankfurter,tropical fruit,pip fruit,curd,cookware,packaged fruit/vegetables,whole milk,cake bar,pastry,oil,dessert,pot plants
pork,beef,pip fruit,soda,soda,tea,yogurt,whole milk,flour,beverages,cocoa drinks
cookware,photo/film,beef,white wine,ice cream,whole milk,other vegetables,rolls/buns,other vegetables,brown bread,pip fruit,canned fish,whole milk,cream cheese ,margarine,fruit/vegetable juice,sliced cheese,UHT-milk
frozen vegetables,beverages,packaged fruit/vegetables,citrus fruit,fruit/vegetable juice,popcorn,rolls/buns,jam,hygiene articles,house keeping products
chicken,citrus fruit,hamburger meat,salty snack,onions,pork,other vegetables,hamburger meat,dessert,tea,root vegetables,soda,pastry,canned fish,napkins,domestic eggs,shopping bags,fruit/vegetable juice,zwieback,shopping bags,sugar,shopping bags,oil,frozen vegetables,curd,fruit/vegetable juice
frankfurter,sausage,ice cream,yogurt,soda,margarine,chocolate,other vegetables,kitchen towels,rolls/buns,seasonal products
tropical fruit,hamburger meat,frankfurter,whipped/sour cream,specialty chocolate,bottled water,rolls/buns,root vegetables,whole milk,red/blush wine,other vegetables,coffee
root vegetables,canned beer,detergent,canned beer,rolls/buns,chicken,sausage,newspapers,other vegetables,other vegetables,chicken,dog food,long life bakery product,yogurt,other vegetables,detergent
tropical fruit,sausage,citrus fruit,whole milk,tropical fruit,brown bread,liquor,candy,yogurt,domestic eggs,margarine
whole milk,butter,frankfurter,chicken,chewing gum,tropical fruit,grapes,ice cream,soft cheese,cake bar,whole milk,rolls/buns,mustard,bottled beer,canned beer,ready soups,dish cleaner
whole milk,soda,other vegetables,canned beer,frankfurter,root vegetables,other vegetables,yogurt,beef,other vegetables,yogurt,whole milk,curd,sugar,soda,tropical fruit,bottled water,yogurt,white bread
frankfurter,processed cheese,tropical fruit,root vegetables,yogurt,whole milk,rolls/buns,onions,frozen vegetables,shopping bags,brown bread
soda,other vegetables,frozen vegetables,UHT-milk,butter,whole milk,rolls/buns,soda,whole milk,whole milk
root vegetables,flower soil/fertilizer,frankfurter,rolls/buns,frozen vegetables,yogurt,other vegetables,ice cream,UHT-milk,whipped/sour cream,pet care
citrus fruit,grapes,beef,berries,rolls/buns,brown bread,whole milk,other vegetables,soda,bottled water,condensed milk,oil,curd,seasonal products,soda,chocolate,waffles,nut snack,shopping bags
root vegetables,pip fruit,vinegar,salty snack,sausage,rolls/buns,butter,whole milk,sugar,newspapers
root vegetables,whipped/sour cream,ham,instant coffee,yogurt,frozen vegetables,bottled beer,margarine,whole milk,butter milk,beef,long life bakery product,other vegetables,dessert,bottled water,whole milk,fruit/vegetable juice,house keeping products,semi-finished bread,shopping bags
pip fruit,dessert,beverages,citrus fruit,white bread,white bread,berries,tropical fruit,tropical fruit,frozen meals,red/blush wine,pastry,soda,specialty bar,pastry,bottled water,newspapers,soda
soda,other vegetables,sausage,sausage,citrus fruit,whole milk,frankfurter,tropical fruit,bottled water,whipped/sour cream,zwieback,soda,canned beer,other vegetables,domestic eggs,brown bread,soda,whole milk,sugar,whipped/sour cream
root vegetables,tropical fruit,newspapers,domestic eggs,whole milk,rolls/buns,mustard,whole milk,root vegetables,coffee,cream cheese ,chewing gum,yogurt
sausage,other vegetables,frankfurter,whole milk,sausage,whipped/sour cream,misc. beverages,margarine,yogurt,frozen meals,rice,cat food,margarine
whole milk,frankfurter,canned beer,fruit/vegetable juice,frankfurter,onions,bottled beer,butter,whipped/sour cream,female sanitary products,domestic eggs,root vegetables,bottled beer,bottled beer,margarine,other vegetables,shopping bags,pastry
chicken,citrus fruit,hamburger meat,pork,UHT-milk,liquor,soda,soups,tropical fruit,root vegetables,pork,spread cheese,whole milk,processed cheese,chicken,shopping bags,white bread,other vegetables,other vegetables,other vegetables,flour
rolls/buns,sausage,frozen dessert,other vegetables,citrus fruit,curd,whole milk,pet care,red/blush wine,rolls/buns,dessert,specialty chocolate,white bread,candy,pastry
butter,shopping bags,pip fruit,domestic eggs,whole milk,yogurt,beef,chewing gum,frozen meals,tropical fruit,coffee,root vegetables,whole milk,bottled beer,mustard
tropical fruit,whole milk,bottled beer,ice cream,other vegetables,citrus fruit,sausage,specialty chocolate,sliced cheese,pastry,red/blush wine,butter,hard cheese,rolls/buns,whole milk,shopping bags,cream cheese 
tropical fruit,candles,other vegetables,grapes,hard cheese,citrus fruit,canned fish,rolls/buns,pickled vegetables,white wine,oil
frankfurter,finished products,whole milk,beef,dessert,UHT-milk,other vegetables,cling film/bags,pastry,butter milk,hard cheese,sweet spreads
whipped/sour cream,frozen meals,finished products,pork,chocolate,frozen meals,other vegetables,whole milk,liquor,packaged fruit/vegetables,long life bakery product,napkins,salty snack
soda,other vegetables,chewing gum,chocolate,red/blush wine,pip fruit,processed cheese,yogurt,yogurt,shopping bags
other vegetables,frankfurter,citrus fruit,soda,whole milk,grapes,whole milk,whole milk,berries,coffee,rolls/buns,root vegetables,sugar,hygiene articles
liver loaf,sliced cheese,cream cheese ,dessert,soda,sliced cheese,pip fruit,coffee,cat food,shopping bags
bottled water,sausage,root vegetables,ham,root vegetables,white bread,other vegetables,bottled water,coffee,margarine
pip fruit,sausage,whole milk,tropical fruit,meat,berries,brown bread,whipped/sour cream,frozen vegetables,other vegetables,other vegetables,shopping bags,mayonnaise,dessert,shopping bags,UHT-milk
turkey,other vegetables,soda,meat,whole milk,root vegetables,sugar,whole milk,tropical fruit,curd,margarine,yogurt,whole milk,cat food,soda
ham,whole milk,skin care,beef,frankfurter,yogurt,berries,beverages,root vegetables,yogurt,fruit/vegetable juice,pastry
yogurt,light bulbs,frozen vegetables,liquor,citrus fruit,ham,bottled beer,butter,chewing gum,cream cheese ,rolls/buns,whipped/sour cream,soda,light bulbs
chicken,bottled water,tropical fruit,citrus fruit,ham,onions,white bread,brown bread,bottled water,rolls/buns,yogurt,specialty chocolate,soda,pickled vegetables
beverages,citrus fruit,berries,popcorn,shopping bags,tropical fruit,other vegetables,dishes,whole milk,fruit/vegetable juice
bottled beer,sausage,misc. beverages,liquor,sausage,meat,packaged fruit/vegetables,berries,pot plants,root vegetables,rolls/buns,liquor (appetizer),frozen vegetables,beverages,other vegetables,cream cheese ,coffee
root vegetables,whole milk,yogurt,hamburger meat,other vegetables,red/blush wine,white bread,other vegetables,butter,specialty chocolate
chicken,frankfurter,coffee,whole milk,chicken,dessert,cream cheese ,brown bread,butter,brown bread,bottled beer
other vegetables,pip fruit,yogurt,sausage,other vegetables,long life bakery product,citrus fruit,dental care,yogurt,UHT-milk,soda,shopping bags
root vegetables,sausage,soda,pork,yogurt,soda,specialty chocolate,pastry,bottled water,ice cream
tropical fruit,meat spreads,whole milk,citrus fruit,whole milk,chewing gum,pork,rolls/buns,frozen fish,bottled beer,white bread,rolls/buns,root vegetables,cream cheese ,margarine,frozen vegetables,sugar,hygiene articles,roll products 
other vegetables,packaged fruit/vegetables,meat,zwieback,sausage,pot plants,rolls/buns,packaged fruit/vegetables,root vegetables,butter milk,rice,butter,bottled water,napkins,frozen meals,soft cheese,jam,yogurt
frozen vegetables,citrus fruit,sausage,frankfurter,citrus fruit,bottled beer,frozen potato products,red/blush wine,specialty chocolate,bottled water,yogurt,cream cheese ,domestic eggs,salt,napkins,whipped/sour cream,coffee,brown bread,chewing gum,pot plants
sausage,other vegetables,cream cheese ,yogurt,yogurt,whole milk,whole milk,tea,whole milk,waffles,curd,fruit/vegetable juice,curd,grapes,bottled water,margarine,hygiene articles
citrus fruit,canned beer,frozen meals,pot plants,dessert,other vegetables,sliced cheese,roll products ,long life bakery product,brown bread,spread cheese,frozen fish,hygiene articles,pasta,sweet spreads,other vegetables,curd cheese,butter milk,rolls/buns
hard cheese,other vegetables,nuts/prunes,rolls/buns,frozen vegetables,soda,citrus fruit,whole milk,coffee,rolls/buns,canned beer,curd cheese
hygiene articles,bottled water,beef,butter,soda,grapes,other vegetables,soda,condensed milk,ice cream,vinegar,other vegetables,coffee,whole milk
soups,tropical fruit,other vegetables,whole milk,bottled water,hygiene articles,brandy,waffles,domestic eggs,newspapers
onions,frankfurter,other vegetables,margarine,whipped/sour cream,other vegetables,pickled vegetables,rolls/buns,hard cheese,cream cheese 
ice cream,domestic eggs,brown bread,misc. beverages,dishes,yogurt,chocolate,bottled water,misc. beverages,canned beer,coffee
herbs,rolls/buns,bottled beer,soda,soda,coffee,pasta,pastry,brown bread,shopping bags,oil,brown bread,soda,napkins,napkins,chocolate
white bread,rolls/buns,semi-finished bread,pork,frankfurter,cream cheese ,nuts/prunes,dessert,yogurt,yogurt,butter milk,margarine
misc. beverages,soda,frozen meals,herbs,canned beer,soda,pip fruit,seasonal products,yogurt,dishes,yogurt,mayonnaise,flower (seeds)
beef,ice cream,hamburger meat,hamburger meat,candy,rolls/buns,butter,butter milk,shopping bags,pip fruit,whole milk,baking powder,red/blush wine,mustard,soft cheese,canned fish
canned beer,hamburger meat,sausage,frankfurter,soda,UHT-milk,brown bread,pork,other vegetables,bottled beer,domestic eggs,root vegetables,coffee,chewing gum,pastry,rolls/buns,misc. beverages,semi-finished bread,margarine,soda,soda,salty snack
shopping bags,rolls/buns,tropical fruit,pork,misc. beverages,frozen meals,butter milk,beef,soft cheese,yogurt,bottled water
pork,grapes,sausage,liquor,pip fruit,chicken,citrus fruit,dessert,photo/film,waffles,Instant food products,root vegetables,white wine,rolls/buns,cling film/bags,margarine
bottled water,beverages,liver loaf,candy,whole milk,beverages,bottled beer,canned beer,canned beer,cling film/bags,whipped/sour cream,cake bar,newspapers,candy,baking powder
berries,frozen fish,canned beer,sausage,yogurt,rolls/buns,other vegetables,chocolate,flour,rolls/buns,whole milk,light bulbs,flower (seeds),domestic eggs,long life bakery product
sausage,chicken,long life bakery product,sausage,frankfurter,rolls/buns,beef,pastry,rolls/buns,white bread,liquor (appetizer),tidbits,bottled beer,coffee,pip fruit,butter,meat spreads,white wine,hygiene articles
white bread,frankfurter,margarine,frankfurter,meat,root vegetables,Instant food products,cream cheese ,chocolate,whole milk,newspapers,misc. beverages
whole milk,photo/film,chocolate marshmallow,butter milk,butter,bottled water,whole milk,soda,butter,sugar,photo/film
pork,yogurt,domestic eggs,other vegetables,yogurt,whole milk,rolls/buns,yogurt,herbs,root vegetables
mustard,sausage,sausage,rolls/buns,sweet spreads,rolls/buns,curd,root vegetables,instant coffee,fruit/vegetable juice,long life bakery product,shopping bags,detergent,spices,shopping bags,frozen fish
root vegetables,tropical fruit,UHT-milk,cream cheese ,whipped/sour cream,dessert,soda,cream cheese ,waffles,brown bread
UHT-milk,root vegetables,sausage,citrus fruit,frozen vegetables,citrus fruit,domestic eggs,onions,onions,canned beer,chocolate
beef,root vegetables,other vegetables,frankfurter,fruit/vegetable juice,hamburger meat,waffles,pip fruit,bottled water,sparkling wine,whole milk,other vegetables
pip fruit,pastry,other vegetables,chicken,chicken,soda,soda,yogurt,dish cleaner,onions,beef,rolls/buns,soft cheese,candles,spices,other vegetables,oil
frankfurter,yogurt,rolls/buns,pastry,tropical fruit,curd,processed cheese,bottled water,soda,sugar,yogurt,soda,ice cream
canned beer,misc. beverages,white bread,red/blush wine,canned beer,citrus fruit,coffee,yogurt,salty snack,berries,male cosmetics,fruit/vegetable juice
whole milk,other vegetables,root vegetables,rolls/buns,other vegetables,other vegetables,soda,grapes,yogurt,frozen meals,whole milk,frozen potato products,shopping bags
whole milk,canned beer,ice cream,bottled beer,red/blush wine,frozen vegetables,newspapers,pastry,hard cheese,cream cheese ,soda,bottled beer,domestic eggs
sausage,red/blush wine,other vegetables,butter milk,butter,specialty bar,bottled water,frozen vegetables,rolls/buns,beverages
brown bread,curd,canned beer,root vegetables,yogurt,frankfurter,canned beer,tropical fruit,pip fruit,soda,whole milk,packaged fruit/vegetables,whole milk,tropical fruit,pip fruit,whole milk,brown bread,domestic eggs,tropical fruit,canned vegetables,frozen dessert,fruit/vegetable juice,bottled water,pickled vegetables,cling film/bags,whole milk
other vegetables,oil,specialty chocolate,onions,curd,salt,soda,long life bakery product,canned beer,salty snack
onions,ham,beef,beef,herbs,root vegetables,ketchup,whole milk,long life bakery product,UHT-milk,chicken,berries,sweet spreads,canned beer,root vegetables,rolls/buns,soups,candles
chicken,yogurt,pastry,whole milk,ham,pip fruit,pastry,soda,margarine,waffles,candy,kitchen towels,seasonal products
whole milk,meat,soda,pork,sugar,whole milk,UHT-milk,tropical fruit,turkey,onions,beef,butter milk,soda,processed cheese,pip fruit,margarine,napkins,semi-finished bread,soda,frozen vegetables,whole milk,pastry,curd
whole milk,sausage,sausage,hamburger meat,sausage,pip fruit,chicken,chewing gum,curd,citrus fruit,onions,curd,newspapers,whole milk,margarine,bottled water,instant coffee,pastry,yogurt,whipped/sour cream,frozen vegetables,soda,misc. beverages
pork,frankfurter,pork,frankfurter,bottled water,tropical fruit,frozen fish,ice cream,waffles,napkins,frozen potato products,fruit/vegetable juice,rolls/buns
berries,sausage,other vegetables,sausage,pip fruit,tropical fruit,pip fruit,shopping bags,rolls/buns,brown bread,whole milk,liquor (appetizer),sauces,soda
ham,rolls/buns,whole milk,other vegetables,citrus fruit,pork,cleaner,beverages,butter milk,soda,hard cheese,white bread,tropical fruit,other vegetables,other vegetables,misc. beverages,sugar,hard cheese,sugar,cream cheese 
pastry,sausage,whole milk,sausage,soda,soda,rolls/buns,soda,sliced cheese,liquor (appetizer),domestic eggs,salty snack
whole milk,rolls/buns,tropical fruit,newspapers,soda,other vegetables,cake bar,rolls/buns,citrus fruit,whole milk,curd
bottled beer,pasta,root vegetables,pip fruit,other vegetables,newspapers,dessert,rolls/buns,candy,shopping bags,frozen vegetables
whole milk,baking powder,frankfurter,yogurt,citrus fruit,whole milk,other vegetables,bottled water,pet care,pip fruit,yogurt,dessert,soda,yogurt,whole milk,other vegetables,hamburger meat,frozen vegetables,herbs,margarine,UHT-milk,pastry
ham,bottled beer,canned beer,beef,other vegetables,root vegetables,rolls/buns,soda,processed cheese,other vegetables,margarine,specialty chocolate,ready soups,whole milk,pastry,curd,baking powder,soups,pastry
bottled beer,meat,pip fruit,condensed milk,citrus fruit,pot plants,whole milk,cling film/bags,soda,soap,shopping bags,shopping bags
sausage,sausage,domestic eggs,pork,tropical fruit,dish cleaner,rolls/buns,other vegetables,other vegetables,long life bakery product,soda,napkins
sausage,oil,other vegetables,whipped/sour cream,beef,pork,butter milk,shopping bags,canned beer,specialty cheese,tropical fruit,soda,brown bread,whole milk,yogurt,domestic eggs,yogurt,beverages,cat food,rolls/buns,pastry
sausage,root vegetables,frankfurter,citrus fruit,whole milk,root vegetables,butter milk,soft cheese,yogurt,salty snack,dessert,whole milk,specialty chocolate
pork,meat,beef,beef,cooking chocolate,rolls/buns,other vegetables,butter milk,bottled water,tropical fruit,salty snack,flour,chewing gum,baking powder,root vegetables,specialty bar,whipped/sour cream,instant coffee,newspapers,rolls/buns,bottled water
root vegetables,whole milk,meat,pastry,other vegetables,dog food,bottled water,yogurt,bottled water,domestic eggs,soda
other vegetables,sausage,beef,whole milk,prosecco,ice cream,rice,white bread,waffles,jam,frozen vegetables
UHT-milk,cat food,root vegetables,rolls/buns,pip fruit,rice,root vegetables,fruit/vegetable juice,whole milk,canned beer,rolls/buns,sliced cheese,spread cheese,misc. beverages,candy,coffee,pastry,frozen vegetables,yogurt,dishes,other vegetables,sugar,zwieback,rolls/buns
citrus fruit,sausage,tropical fruit,pork,spread cheese,other vegetables,white wine,whole milk,yogurt,root vegetables,flower (seeds),candy
whole milk,frankfurter,candles,citrus fruit,curd cheese,grapes,herbs,other vegetables,candy,pastry,bottled water,yogurt,rolls/buns
rolls/buns,canned beer,tropical fruit,salt,bottled water,butter,misc. beverages,whole milk,canned vegetables,processed cheese,domestic eggs,liqueur
sausage,tropical fruit,frankfurter,citrus fruit,tropical fruit,bottled beer,other vegetables,soda,butter,other vegetables,sugar,oil
frozen fish,beef,yogurt,sausage,whole milk,other vegetables,canned beer,yogurt,root vegetables,whole milk,shopping bags,whipped/sour cream,beverages,chewing gum,canned beer,whipped/sour cream,other vegetables
butter milk,chicken,rolls/buns,root vegetables,ham,whole milk,chicken,domestic eggs,whipped/sour cream,other vegetables,pastry,shopping bags,chewing gum,shopping bags,candles,white bread
sausage,tropical fruit,sausage,frankfurter,sausage,meat,cream cheese ,other vegetables,hard cheese,chocolate,soda,bottled water,processed cheese,cooking chocolate,flour,roll products ,instant coffee,soda
pastry,sausage,sausage,soda,rolls/buns,tropical fruit,sugar,cat food,soda,other vegetables,whole milk,hygiene articles,softener,candles
spread cheese,sausage,frankfurter,ice cream,citrus fruit,pip fruit,pork,cake bar,other vegetables,yogurt,sugar,rolls/buns
rolls/buns,frankfurter,sausage,tropical fruit,soda,whipped/sour cream,soda,yogurt,whole milk,onions,flour,specialty chocolate,soda,berries,whipped/sour cream
frankfurter,frankfurter,ham,beef,chewing gum,baby cosmetics,other vegetables,domestic eggs,artif. sweetener,root vegetables,margarine,frozen vegetables
condensed milk,canned beer,frankfurter,berries,whole milk,mayonnaise,pastry,liver loaf,root vegetables,sliced cheese,domestic eggs,rolls/buns,brown bread,bottled beer,frozen fish
frankfurter,soda,frankfurter,specialty cheese,bottled water,soda,beverages,beef,beef,beef,onions,whole milk,rolls/buns,pip fruit,other vegetables,shopping bags,berries,other vegetables,root vegetables,whole milk,rolls/buns,chocolate,softener,processed cheese,grapes,vinegar,brown bread,bottled beer,margarine,white bread,dessert
rolls/buns,tropical fruit,bottled water,bottled beer,pastry,soda,butter,processed cheese,other vegetables,other vegetables,domestic eggs,meat,whole milk,jam,chocolate,hard cheese,roll products ,butter,whole milk
citrus fruit,canned beer,hygiene articles,chicken,bottled water,bottled water,whole milk,napkins,white wine,UHT-milk,red/blush wine,domestic eggs,shopping bags
frankfurter,sausage,yogurt,canned beer,bottled water,shopping bags,root vegetables,coffee,berries,finished products,berries,yogurt,brown bread,candy,butter,newspapers,tropical fruit,soda,candles,baking powder,liquor (appetizer),bottled beer,dog food
root vegetables,white wine,beef,ham,frankfurter,frankfurter,fruit/vegetable juice,whole milk,white bread,frozen vegetables,bottled water,whole milk,citrus fruit,coffee,rolls/buns,detergent,bottled beer,butter,domestic eggs,pasta,pastry,bottled water,male cosmetics
pork,bottled water,sausage,frankfurter,other vegetables,citrus fruit,pork,salty snack,curd,flower soil/fertilizer,curd,hygiene articles,margarine
frozen vegetables,sausage,whole milk,frozen vegetables,onions,soda,rolls/buns,other vegetables,oil,frozen fish,hard cheese,shopping bags,baking powder
tropical fruit,newspapers,beef,tropical fruit,pork,domestic eggs,detergent,frozen vegetables,grapes,bottled water,frozen vegetables,processed cheese,chocolate marshmallow
frankfurter,whole milk,frozen meals,other vegetables,ham,other vegetables,canned beer,other vegetables,onions,napkins,fruit/vegetable juice,rolls/buns,fruit/vegetable juice,salty snack,rolls/buns
pork,whole milk,soda,brandy,sausage,rice,tropical fruit,rolls/buns,rolls/buns,whole milk,yogurt,frozen dessert,whipped/sour cream,soap,shopping bags
sausage,sausage,frankfurter,sausage,domestic eggs,whole milk,other vegetables,hygiene articles,shopping bags,other vegetables,margarine,shopping bags,rolls/buns
pip fruit,yogurt,liver loaf,root vegetables,pork,rolls/buns,bottled water,tropical fruit,mayonnaise,UHT-milk,curd,root vegetables,specialty bar,hard cheese,seasonal products,frozen vegetables,waffles,chocolate,Instant food products
beverages,beverages,hamburger meat,frankfurter,soda,root vegetables,butter,cream cheese ,whipped/sour cream,butter,shopping bags
liver loaf,finished products,pip fruit,hamburger meat,sausage,whole milk,bottled beer,beef,other vegetables,bottled beer,whipped/sour cream,whole milk,soda,other vegetables,white bread,whole milk,rolls/buns,newspapers,yogurt,nut snack,rolls/buns,whole milk
onions,grapes,yogurt,tropical fruit,sausage,cream cheese ,whole milk,salty snack,root vegetables,frozen dessert,pasta,yogurt,whipped/sour cream,sugar
chicken,citrus fruit,domestic eggs,beef,pork,beef,newspapers,bottled beer,fruit/vegetable juice,dessert,margarine,brown bread,newspapers
cream cheese ,curd,whole milk,root vegetables,frankfurter,citrus fruit,beverages,root vegetables,other vegetables,brown bread,whole milk,dish cleaner,mustard,pot plants,curd,yogurt,pickled vegetables,hygiene articles
bottled water,ice cream,oil,sausage,bottled beer,rolls/buns,whole milk,rolls/buns,canned beer,bottled water,waffles,tropical fruit,photo/film,cleaner,long life bakery product,frozen meals,semi-finished bread,sweet spreads
chocolate,other vegetables,chocolate,pip fruit,rolls/buns,salt,bottled water,yogurt,pasta,shopping bags,margarine,whole milk,pickled vegetables,whipped/sour cream
cream cheese ,shopping bags,pork,pork,hamburger meat,pip fruit,citrus fruit,chicken,UHT-milk,other vegetables,other vegetables,tropical fruit,yogurt,brown bread,other vegetables,curd,specialty chocolate,pastry,canned fish,whole milk,domestic eggs,root vegetables,red/blush wine,waffles,soda
whole milk,frankfurter,chicken,frankfurter,whole milk,bottled water,flour,chocolate,bottled beer,rolls/buns,rice,softener,shopping bags,rolls/buns,skin care
whole milk,whole milk,meat,whole milk,whole milk,sausage,yogurt,dessert,red/blush wine,ice cream,root vegetables,rolls/buns,cake bar,white bread,shopping bags,root vegetables,other vegetables,napkins,whipped/sour cream,cream cheese ,specialty cheese,abrasive cleaner
fruit/vegetable juice,rolls/buns,packaged fruit/vegetables,ice cream,pork,rolls/buns,pasta,margarine,pip fruit,cereals
tropical fruit,oil,chicken,beef,butter milk,pasta,butter milk,chocolate,waffles,beef,onions,cling film/bags,long life bakery product,whole milk,pastry,jam,frozen vegetables,frozen meals,yogurt,hygiene articles
frankfurter,margarine,whole milk,soda,Instant food products,margarine,brown bread,margarine,frozen vegetables,specialty chocolate
butter,whole milk,canned beer,processed cheese,liquor,canned beer,domestic eggs,ham,specialty chocolate,whole milk,other vegetables,pastry,specialty chocolate,baking powder,bottled water,fruit/vegetable juice,cream cheese ,soda,root vegetables,domestic eggs,canned fish,bottled water,shopping bags,coffee,newspapers,rolls/buns
rolls/buns,bottled beer,dishes,pip fruit,rolls/buns,whole milk,hard cheese,brown bread,soda,hard cheese,bottled water,dental care
citrus fruit,canned beer,other vegetables,fish,shopping bags,tropical fruit,frankfurter,yogurt,brown bread,soda,soda,specialty chocolate,rubbing alcohol,domestic eggs,whole milk,bottled water
tropical fruit,canned beer,grapes,root vegetables,rolls/buns,citrus fruit,yogurt,frankfurter,citrus fruit,tropical fruit,frozen vegetables,specialty chocolate,napkins,other vegetables,bottled water,shopping bags,hard cheese,whole milk,canned beer,dessert,candy,cat food,rolls/buns,cat food
whole milk,berries,canned beer,sausage,sugar,whole milk,chicken,canned beer,zwieback,beverages,UHT-milk,root vegetables,margarine
hamburger meat,rolls/buns,root vegetables,misc. beverages,whole milk,pet care,meat,sausage,spread cheese,butter milk,other vegetables,newspapers,shopping bags,yogurt,rolls/buns,grapes,oil,cat food,brown bread,cream cheese ,pastry
sausage,margarine,other vegetables,chicken,waffles,pork,UHT-milk,whole milk,root vegetables,whole milk,bottled beer,butter,whipped/sour cream,other vegetables,newspapers,soda,bottled water
bottled beer,butter,rolls/buns,tropical fruit,newspapers,coffee,whole milk,ham,other vegetables,tropical fruit,pastry,bottled beer,soft cheese,hard cheese,bottled beer,white wine,flour,detergent,mayonnaise,dishes,whipped/sour cream
pasta,frankfurter,frozen meals,brown bread,beef,long life bakery product,citrus fruit,pastry,bottled water,whipped/sour cream,specialty cheese,frozen vegetables,salt
frankfurter,root vegetables,chicken,rolls/buns,frankfurter,frozen potato products,other vegetables,onions,coffee,long life bakery product,domestic eggs,UHT-milk
rolls/buns,sausage,whole milk,pastry,herbs,curd,tropical fruit,rolls/buns,yogurt,dessert,curd,yogurt,rum,cream cheese ,brown bread,chewing gum,domestic eggs
ham,pastry,whole milk,specialty bar,ham,tropical fruit,hard cheese,yogurt,candy,Instant food products,long life bakery product,pastry,zwieback,rolls/buns,soda,brown bread
canned beer,root vegetables,whole milk,frankfurter,frankfurter,misc. beverages,ice cream,root vegetables,citrus fruit,citrus fruit,dishes,whole milk,rolls/buns,pip fruit,canned vegetables,whipped/sour cream,pork,whipped/sour cream,sauces,chewing gum,whipped/sour cream,candles,frozen vegetables,pastry,waffles,chewing gum,pot plants
pip fruit,curd,canned beer,pork,tropical fruit,bottled beer,frozen dessert,dessert,bottled water,other vegetables
tropical fruit,bottled water,other vegetables,pastry,tropical fruit,other vegetables,long life bakery product,rolls/buns,bottled water,UHT-milk,fruit/vegetable juice,curd,shopping bags,waffles,fruit/vegetable juice,brown bread
domestic eggs,specialty chocolate,sausage,bottled water,curd,other vegetables,whole milk,frozen meals,butter milk,hygiene articles,chocolate,rolls/buns,citrus fruit,ice cream
meat,beef,whole milk,other vegetables,tropical fruit,grapes,whipped/sour cream,coffee,whole milk,liquor
sausage,hamburger meat,finished products,whole milk,yogurt,pastry,margarine,sliced cheese,onions,chewing gum
meat,pork,other vegetables,other vegetables,whole milk,whole milk,root vegetables,other vegetables,pip fruit,margarine,waffles,domestic eggs,pasta,pastry,dessert,brown bread
root vegetables,canned beer,meat,UHT-milk,nuts/prunes,frankfurter,misc. beverages,newspapers,grapes,whole milk,cream cheese ,canned fish,dessert,napkins
citrus fruit,tropical fruit,UHT-milk,cat food,curd,citrus fruit,grapes,chocolate,root vegetables,rolls/buns,sweet spreads,cream cheese ,root vegetables,processed cheese,hygiene articles
dessert,sausage,bottled water,yogurt,soda,pastry,whole milk,yogurt,brown bread,pip fruit,butter,root vegetables,rolls/buns,grapes,rolls/buns,shopping bags,newspapers,butter,hygiene articles,butter,popcorn,soda,rolls/buns
beef,other vegetables,roll products ,root vegetables,chicken,white bread,waffles,yogurt,male cosmetics,grapes,brown bread,beverages
tropical fruit,sausage,beef,yogurt,beverages,dog food,frozen vegetables,long life bakery product,yogurt,cream cheese ,processed cheese,specialty fat,bottled beer,newspapers
chicken,meat,other vegetables,bathroom cleaner,chicken,processed cheese,grapes,root vegetables,fruit/vegetable juice,fruit/vegetable juice,soda,cat food
brown bread,curd,sausage,yogurt,grapes,butter milk,tea,canned beer,soups,frozen vegetables,curd,whole milk,cake bar,soda
pork,semi-finished bread,meat,whole milk,nuts/prunes,salty snack,canned beer,whole milk,butter,frozen potato products,processed cheese,ice cream,rolls/buns,cream cheese 
sausage,frankfurter,grapes,sausage,other vegetables,rolls/buns,ham,dog food,misc. beverages,napkins,artif. sweetener,whole milk,detergent,bottled water
soda,whole milk,other vegetables,bottled water,white bread,frozen meals,canned beer,onions,bottled beer,margarine,curd,cat food,whipped/sour cream
sweet spreads,berries,butter milk,pip fruit,whole milk,soda,other vegetables,fruit/vegetable juice,whole milk,sliced cheese,dish cleaner
pastry,shopping bags,dessert,rolls/buns,sliced cheese,tropical fruit,other vegetables,pork,liquor,other vegetables,bottled water,hygiene articles,dental care,napkins,pastry,bottled water,pastry,margarine
other vegetables,photo/film,frankfurter,canned beer,whole milk,frankfurter,beverages,fruit/vegetable juice,beef,pork,prosecco,meat,rolls/buns,long life bakery product,other vegetables,domestic eggs,newspapers,whole milk,brown bread,pip fruit,ice cream,soda,coffee,other vegetables,root vegetables,rolls/buns,other vegetables,whipped/sour cream,newspapers,flour,cocoa drinks,hygiene articles,cream cheese 
root vegetables,fruit/vegetable juice,flour,female sanitary products,packaged fruit/vegetables,other vegetables,tropical fruit,brown bread,candy,rolls/buns,rolls/buns,sauces,pot plants,dishes,hygiene articles,vinegar
whipped/sour cream,ham,chewing gum,frankfurter,frankfurter,rolls/buns,citrus fruit,onions,candy,bottled water,pot plants,shopping bags,bottled beer,yogurt,whole milk,chocolate,specialty cheese
whole milk,UHT-milk,canned beer,whole milk,frankfurter,coffee,house keeping products,other vegetables,pip fruit,margarine
whole milk,frankfurter,citrus fruit,pip fruit,butter,chicken,canned fruit,soft cheese,grapes,pip fruit,ice cream,margarine,whipped/sour cream,other vegetables,whipped/sour cream,flower (seeds),frozen meals
other vegetables,rolls/buns,dog food,frankfurter,whole milk,whole milk,rolls/buns,other vegetables,sausage,root vegetables,root vegetables,soft cheese,chicken,whole milk,bottled water,mayonnaise,white bread,instant coffee,root vegetables,whole milk,yogurt,other vegetables,newspapers,processed cheese,pickled vegetables,coffee,coffee,bottled water,frozen dessert,yogurt,yogurt
pork,sausage,bottled beer,beef,other vegetables,chocolate,processed cheese,chocolate,yogurt,snack products,other vegetables,frozen vegetables,margarine,rolls/buns,bottled beer,bottled water,oil,soda,flour,red/blush wine
dessert,long life bakery product,berries,sausage,mustard,root vegetables,whole milk,grapes,frozen meals,candy,soda,shopping bags,instant coffee,yogurt,root vegetables,shopping bags
pork,domestic eggs,cookware,root vegetables,canned beer,hamburger meat,root vegetables,whole milk,semi-finished bread,bottled water,oil,whole milk,pastry,curd
frankfurter,whole milk,pip fruit,meat,coffee,yogurt,butter,curd,hard cheese,specialty bar,spread cheese,other vegetables,hard cheese,shopping bags,brown bread,curd,domestic eggs,margarine,brown bread,domestic eggs,brown bread,chocolate marshmallow
liver loaf,curd cheese,chicken,whole milk,canned beer,whole milk,tropical fruit,onions,whole milk,fruit/vegetable juice,long life bakery product,frozen dessert,light bulbs,condensed milk,candy,whole milk,frozen vegetables,hard cheese,shopping bags
frankfurter,yogurt,ham,tropical fruit,misc. beverages,citrus fruit,soda,tropical fruit,sauces,photo/film,specialty chocolate,frozen fish,whole milk,salt,pastry,specialty chocolate,other vegetables
soda,hygiene articles,grapes,hamburger meat,whole milk,pudding powder,butter milk,butter,pasta,yogurt
butter,citrus fruit,margarine,white bread,yogurt,soda,whole milk,roll products ,liquor (appetizer),chewing gum,shopping bags,shopping bags
berries,yogurt,ice cream,soda,butter,white bread,whipped/sour cream,other vegetables,root vegetables,whipped/sour cream,white bread,cream cheese ,whole milk,newspapers,pastry,shopping bags
yogurt,citrus fruit,whole milk,ham,whole milk,citrus fruit,yogurt,frozen vegetables,whole milk,soda
tropical fruit,citrus fruit,frankfurter,hamburger meat,hamburger meat,spices,butter milk,UHT-milk,whole milk,seasonal products
curd,liquor,brown bread,bottled water,whipped/sour cream,whole milk,bottled beer,chewing gum,cream cheese ,whole milk,cream cheese ,other vegetables,napkins
soda,sausage,citrus fruit,pork,beef,yogurt,root vegetables,bottled beer,whole milk,dishes,curd,soda,other vegetables,rolls/buns,candy,yogurt
hamburger meat,other vegetables,sausage,whole milk,pip fruit,soft cheese,rolls/buns,UHT-milk,frozen meals,grapes,curd,soda,yogurt,other vegetables,long life bakery product,cream cheese ,flour,soda,napkins,dishes
pork,rolls/buns,domestic eggs,tropical fruit,soda,tropical fruit,bottled beer,root vegetables,other vegetables,domestic eggs,whole milk,frozen dessert,ice cream,UHT-milk,semi-finished bread,ice cream,newspapers
citrus fruit,coffee,shopping bags,soda,tropical fruit,pip fruit,berries,citrus fruit,rolls/buns,butter,soda,cream cheese ,nut snack,ham,rolls/buns,specialty cheese,other vegetables,bottled water,pet care,dessert,fruit/vegetable juice,cream cheese ,pasta,bottled beer,rolls/buns
frankfurter,citrus fruit,whole milk,canned beer,sugar,hamburger meat,shopping bags,bottled beer,rolls/buns,hygiene articles,skin care,whipped/sour cream,sugar,butter milk,newspapers
brown bread,frankfurter,beef,coffee,white bread,bottled beer,yogurt,specialty fat,bottled water,mayonnaise,liqueur
brown bread,coffee,tropical fruit,cream cheese ,berries,domestic eggs,berries,other vegetables,hygiene articles,soda,cling film/bags,margarine
cream cheese ,root vegetables,whole milk,fruit/vegetable juice,berries,fruit/vegetable juice,tropical fruit,rolls/buns,whole milk,whole milk,newspapers,shopping bags,napkins,whole milk,dessert,whole milk,bottled water,domestic eggs,cereals
beverages,UHT-milk,sausage,whole milk,whole milk,other vegetables,cat food,pastry,butter milk,pip fruit,rolls/buns,coffee,fruit/vegetable juice,rolls/buns,roll products ,bottled beer,chocolate,rolls/buns
soda,tropical fruit,sausage,bottled water,fruit/vegetable juice,pork,yogurt,oil,condensed milk,yogurt,citrus fruit,root vegetables,berries,whole milk,yogurt,whole milk,bottled beer,whipped/sour cream,napkins,frozen vegetables,rolls/buns,waffles
whole milk,sausage,beef,pastry,soda,coffee,margarine,canned beer,ice cream,pastry,pastry,rolls/buns,whipped/sour cream,other vegetables
ice cream,bottled beer,whole milk,white bread,napkins,margarine,tropical fruit,whole milk,pip fruit,white bread,white wine,domestic eggs
beverages,frozen meals,ham,frankfurter,sausage,waffles,pastry,liquor (appetizer),pastry,yogurt,soda,flour
sausage,canned beer,meat,sausage,ham,whole milk,napkins,pastry,tropical fruit,curd,other vegetables,shopping bags,brown bread,newspapers,packaged fruit/vegetables,yogurt,shopping bags
yogurt,rolls/buns,whole milk,tropical fruit,pastry,whole milk,pip fruit,bottled water,whipped/sour cream,coffee,specialty chocolate
whole milk,curd,tropical fruit,soda,cream cheese ,pasta,whole milk,berries,tropical fruit,sugar,whole milk,specialty chocolate,newspapers,flower (seeds),bottled water,soap,artif. sweetener
UHT-milk,sausage,whole milk,house keeping products,waffles,prosecco,rolls/buns,honey,other vegetables,spread cheese,specialty chocolate,waffles,shopping bags,artif. sweetener
frankfurter,citrus fruit,soda,tropical fruit,beef,soda,soda,soda,other vegetables,coffee,semi-finished bread,roll products ,domestic eggs,seasonal products,shopping bags,white wine
yogurt,whole milk,other vegetables,canned beer,berries,sausage,red/blush wine,napkins,white wine,kitchen towels,whole milk,whole milk,sugar,curd,hard cheese,UHT-milk,canned beer,soda
other vegetables,sausage,tropical fruit,butter,rolls/buns,bottled water,misc. beverages,pip fruit,UHT-milk,hamburger meat,rolls/buns,candy,specialty chocolate,yogurt,soda,shopping bags,white bread,misc. beverages
frankfurter,chicken,newspapers,other vegetables,cream cheese ,white bread,other vegetables,brown bread,other vegetables,brown bread,rolls/buns,bottled water,rolls/buns,liquor,root vegetables,beverages,zwieback,butter milk,napkins,soda,canned vegetables,newspapers,hard cheese,soda
canned beer,bottled beer,whole milk,brown bread,house keeping products,frozen fish,other vegetables,root vegetables,rolls/buns,tropical fruit,curd,root vegetables,rolls/buns,whole milk,shopping bags,yogurt,mayonnaise,bottled water
frankfurter,other vegetables,chicken,root vegetables,sliced cheese,soda,soups,onions,fruit/vegetable juice,bottled water
specialty fat,whole milk,other vegetables,brown bread,condensed milk,hamburger meat,pip fruit,margarine,chocolate,newspapers,fruit/vegetable juice
spread cheese,whole milk,curd,pastry,curd,shopping bags,rolls/buns,rolls/buns,white bread,whipped/sour cream
beef,bottled water,chicken,roll products ,citrus fruit,male cosmetics,whole milk,butter,butter,coffee,rolls/buns,hard cheese,rum,soft cheese,specialty bar
meat,frankfurter,specialty bar,liquor,coffee,white bread,soda,domestic eggs,frozen vegetables,frozen vegetables
beef,rolls/buns,tropical fruit,root vegetables,liquor,berries,semi-finished bread,soda,whipped/sour cream,root vegetables,condensed milk,canned beer,long life bakery product,yogurt,newspapers,soft cheese
pork,chicken,whole milk,rolls/buns,dog food,fruit/vegetable juice,other vegetables,other vegetables,yogurt,butter,pork,root vegetables,soda,jam,red/blush wine,brown bread,whipped/sour cream,soda,rolls/buns,domestic eggs,rolls/buns,cereals,yogurt,hygiene articles,salty snack,rolls/buns
frankfurter,tropical fruit,berries,misc. beverages,whole milk,dog food,margarine,coffee,cling film/bags,whipped/sour cream,domestic eggs,house keeping products,margarine
beef,citrus fruit,root vegetables,rolls/buns,whole milk,cat food,white bread,snack products,canned beer,soda,soda,fruit/vegetable juice
sausage,bottled beer,frankfurter,ham,yogurt,UHT-milk,pot plants,UHT-milk,shopping bags,chocolate,margarine
rolls/buns,frankfurter,sausage,ice cream,root vegetables,rolls/buns,bottled beer,salty snack,hygiene articles,coffee
whole milk,frozen meals,pastry,frankfurter,rolls/buns,pip fruit,brown bread,onions,long life bakery product,whipped/sour cream,hard cheese,butter,bottled water
whole milk,newspapers,frankfurter,beverages,tropical fruit,dishes,margarine,liquor,yogurt,shopping bags,brown bread
bottled water,other vegetables,pickled vegetables,house keeping products,sausage,rolls/buns,whole milk,root vegetables,hard cheese,rolls/buns,liquor,meat,fruit/vegetable juice,long life bakery product,salty snack,UHT-milk,bottled water,brown bread,brown bread,cream cheese ,flour,chocolate
other vegetables,frozen fish,pip fruit,yogurt,citrus fruit,sliced cheese,mustard,UHT-milk,other vegetables,soda,coffee,baking powder,soda,domestic eggs
frankfurter,pip fruit,root vegetables,newspapers,processed cheese,other vegetables,root vegetables,chewing gum,salty snack,chocolate,chocolate,margarine,yogurt
frankfurter,finished products,ice cream,oil,candy,tropical fruit,hard cheese,tropical fruit,whole milk,male cosmetics,curd,UHT-milk
whole milk,sausage,canned beer,root vegetables,other vegetables,soda,bottled beer,whole milk,herbs,other vegetables,cream cheese 
beef,yogurt,hamburger meat,grapes,tropical fruit,pip fruit,other vegetables,other vegetables,mustard,cream cheese ,butter,beverages,pastry
hamburger meat,other vegetables,pip fruit,liquor,yogurt,soda,bottled beer,vinegar,shopping bags,long life bakery product
whole milk,whole milk,other vegetables,bottled water,whole milk,tropical fruit,bottled water,newspapers,brown bread,mustard,whole milk,frozen vegetables,sugar,frozen vegetables,dessert,root vegetables,pet care,mayonnaise
rolls/buns,finished products,other vegetables,whole milk,sausage,margarine,other vegetables,white bread,bottled beer,waffles,butter,oil,whole milk,bottled water,whole milk,newspapers,chewing gum
sliced cheese,grapes,chicken,softener,root vegetables,whole milk,rolls/buns,soda,pip fruit,bottled beer,root vegetables,chocolate,yogurt,waffles,pastry,beverages
pastry,whole milk,pork,dessert,tropical fruit,other vegetables,whole milk,rolls/buns,spread cheese,mayonnaise,yogurt,shopping bags,other vegetables,instant coffee,whipped/sour cream
citrus fruit,curd,yogurt,other vegetables,canned beer,whole milk,hamburger meat,other vegetables,whole milk,soft cheese,salt,bottled beer,pastry,yogurt,rolls/buns,brown bread,shopping bags
whole milk,beef,tropical fruit,bottled water,cream cheese ,curd,root vegetables,whole milk,bottled beer,bottled water,brown bread,cream cheese ,newspapers,yogurt
citrus fruit,citrus fruit,rolls/buns,other vegetables,other vegetables,other vegetables,soda,other vegetables,other vegetables,other vegetables,whole milk,whipped/sour cream,yogurt,jam
sausage,hamburger meat,frankfurter,instant coffee,sausage,curd,other vegetables,root vegetables,whole milk,newspapers,coffee,instant coffee,flower (seeds),whipped/sour cream,whole milk,sugar,soda,house keeping products,rolls/buns,rolls/buns,canned fish,domestic eggs
sausage,herbs,sausage,soda,other vegetables,ham,whole milk,coffee,pip fruit,pot plants,beverages,flower (seeds),whole milk,white bread,whole milk,berries,specialty chocolate,chocolate,cake bar,white bread,jam
domestic eggs,tropical fruit,pork,sugar,canned beer,pip fruit,whole milk,chewing gum,cream cheese ,shopping bags,ice cream,soda,hard cheese,other vegetables,artif. sweetener,dessert,newspapers
onions,canned beer,frozen meals,whole milk,tropical fruit,brown bread,whipped/sour cream,frozen vegetables,other vegetables,cream cheese ,rolls/buns,liquor,spread cheese,red/blush wine
soda,beef,frankfurter,yogurt,sausage,whole milk,salty snack,fruit/vegetable juice,chocolate,newspapers,frozen meals,hygiene articles,candy
beef,pip fruit,pip fruit,specialty chocolate,soda,whole milk,pastry,liquor (appetizer),rolls/buns,soda,beverages,rolls/buns,fruit/vegetable juice,whole milk,specialty chocolate
bottled water,citrus fruit,root vegetables,onions,beef,specialty bar,whole milk,liquor,specialty vegetables,newspapers,rolls/buns,bottled beer,curd,soda,canned vegetables,sliced cheese
ice cream,whole milk,pip fruit,yogurt,dessert,dessert,yogurt,other vegetables,yogurt,cake bar,yogurt,bottled water,brown bread,frozen vegetables,coffee,white bread,soft cheese,oil,syrup
tropical fruit,liver loaf,hamburger meat,citrus fruit,yogurt,pip fruit,specialty chocolate,rolls/buns,onions,seasonal products,prosecco
whole milk,sausage,pastry,nuts/prunes,soda,soda,domestic eggs,bottled beer,UHT-milk,coffee,napkins,other vegetables,chocolate marshmallow
whole milk,citrus fruit,soda,cooking chocolate,whole milk,tropical fruit,other vegetables,bottled water,shopping bags,frozen fish,oil,canned beer,whole milk,margarine,shopping bags,processed cheese,ready soups,chocolate,waffles
canned beer,frankfurter,whole milk,other vegetables,napkins,pip fruit,pip fruit,sparkling wine,margarine,specialty bar,margarine
pip fruit,onions,fruit/vegetable juice,pastry,soda,specialty chocolate,pastry,chocolate,whole milk,rolls/buns,canned fruit,jam,long life bakery product,margarine,flour
citrus fruit,rolls/buns,whole milk,sausage,soda,chocolate,domestic eggs,soda,yogurt,curd,house keeping products,white bread
soda,other vegetables,yogurt,other vegetables,dessert,rolls/buns,beef,root vegetables,brown bread,shopping bags,pet care
other vegetables,rolls/buns,soda,other vegetables,pickled vegetables,whole milk,napkins,chocolate,soda,sugar,butter,fruit/vegetable juice,soft cheese,white wine,napkins
sausage,coffee,frozen meals,pastry,bottled beer,soda,rolls/buns,soda,bottled water,other vegetables,root vegetables,UHT-milk,potato products,whole milk,shopping bags,pasta,newspapers,coffee,brown bread
butter,pip fruit,whole milk,citrus fruit,misc. beverages,other vegetables,butter,white wine,pastry,frozen vegetables,shopping bags,syrup
other vegetables,margarine,ham,onions,ice cream,pip fruit,butter milk,dessert,oil,napkins,yogurt,bottled beer,white bread,brown bread
whole milk,citrus fruit,chewing gum,dessert,other vegetables,canned beer,soda,chicken,cake bar,fruit/vegetable juice,sugar,ready soups,other vegetables,napkins,oil
pork,other vegetables,whole milk,beef,root vegetables,tropical fruit,whole milk,pip fruit,pastry,cream,newspapers,seasonal products,canned beer
butter milk,yogurt,hamburger meat,baking powder,zwieback,frozen fish,other vegetables,bottled water,chocolate,hygiene articles,butter,popcorn,pot plants
other vegetables,hard cheese,frankfurter,brown bread,bottled water,frozen meals,newspapers,rolls/buns,whole milk,root vegetables,other vegetables,frozen potato products,long life bakery product,white wine,waffles,waffles
pastry,herbs,whole milk,whole milk,newspapers,soft cheese,tropical fruit,coffee,other vegetables,shopping bags,onions,soda,specialty cheese,flower (seeds),newspapers
other vegetables,sausage,sausage,tropical fruit,pip fruit,other vegetables,fruit/vegetable juice,chewing gum,whole milk,coffee,fruit/vegetable juice,shopping bags
other vegetables,yogurt,canned beer,soda,candy,sausage,whole milk,popcorn,canned beer,onions,whipped/sour cream,chocolate,canned beer,rolls/buns,butter
ham,hamburger meat,tropical fruit,waffles,other vegetables,bottled water,whipped/sour cream,yogurt,flour,napkins
soda,butter,soda,newspapers,beef,processed cheese,zwieback,whole milk,rice,bottled beer,Instant food products,curd,sweet spreads,pastry
sausage,yogurt,yogurt,domestic eggs,whole milk,rolls/buns,shopping bags,other vegetables,sugar,yogurt,cat food
bottled water,pet care,pork,frankfurter,brown bread,beef,soda,bottled water,specialty cheese,Instant food products,canned beer,long life bakery product,soda,soda
meat,tropical fruit,citrus fruit,onions,other vegetables,bottled water,berries,other vegetables,liquor (appetizer),butter,soda
sugar,soda,bottled water,canned beer,coffee,whole milk,root vegetables,sugar,cake bar,pot plants,candy,ketchup
chicken,pip fruit,pot plants,canned beer,chicken,packaged fruit/vegetables,soft cheese,margarine,soft cheese,butter,canned fish,UHT-milk,rolls/buns,semi-finished bread,newspapers,napkins,yogurt
UHT-milk,bottled beer,ham,sausage,pip fruit,beef,fruit/vegetable juice,ice cream,whole milk,citrus fruit,yogurt,soda,rolls/buns,bottled beer,whole milk,specialty bar
rolls/buns,shopping bags,chicken,whole milk,other vegetables,whole milk,soda,hard cheese,whole milk,soap,domestic eggs,Instant food products,bottled water,curd,curd,whole milk,hard cheese,shopping bags,bottled beer,flower (seeds)
bottled beer,rolls/buns,soda,whole milk,newspapers,chicken,cream cheese ,yogurt,other vegetables,sliced cheese,whole milk,whipped/sour cream,chocolate
beverages,butter,butter milk,tropical fruit,bottled beer,canned beer,root vegetables,UHT-milk,brown bread,whipped/sour cream,yogurt,baking powder,long life bakery product,canned vegetables,frozen meals
sausage,frozen fish,butter,whole milk,rolls/buns,coffee,whole milk,domestic eggs,ice cream,specialty chocolate,female sanitary products
meat,canned beer,whole milk,rolls/buns,tropical fruit,salty snack,misc. beverages,margarine,soda,shopping bags
canned beer,beverages,yogurt,shopping bags,yogurt,other vegetables,yogurt,frozen vegetables,root vegetables,cream cheese ,bottled water
frankfurter,root vegetables,newspapers,sausage,onions,sliced cheese,herbs,soups,cream cheese ,other vegetables,brandy,sugar,pastry
pork,whole milk,other vegetables,whole milk,whole milk,curd,other vegetables,canned beer,UHT-milk,frozen potato products,bottled water,other vegetables,frozen meals,root vegetables,other vegetables,napkins,bottled beer,whole milk,rolls/buns,salty snack,curd cheese,oil
pip fruit,pork,tropical fruit,whole milk,fruit/vegetable juice,soda,whipped/sour cream,berries,rolls/buns,cat food,chocolate,soda,zwieback,detergent,frozen dessert,liquor (appetizer)
whole milk,sausage,white wine,whole milk,yogurt,mayonnaise,meat,UHT-milk,pot plants,bottled water,rolls/buns,root vegetables,butter,curd,other vegetables,domestic eggs,hard cheese,soda,white bread,domestic eggs,bottled water
pip fruit,tropical fruit,soda,chicken,citrus fruit,other vegetables,frozen vegetables,onions,cat food,white bread,rum,misc. beverages,pot plants,whipped/sour cream,abrasive cleaner,soda
pip fruit,beef,frankfurter,ice cream,specialty bar,whole milk,canned beer,chewing gum,frozen meals,chocolate
photo/film,frankfurter,onions,white wine,liquor,rolls/buns,hamburger meat,curd,condensed milk,root vegetables,grapes,coffee,cat food,vinegar,other vegetables,other vegetables,soda,cat food,frozen dessert,oil,newspapers
root vegetables,other vegetables,liver loaf,other vegetables,UHT-milk,yogurt,frozen dessert,bottled beer,waffles,canned beer,soda,canned vegetables
yogurt,soda,whole milk,other vegetables,root vegetables,soda,specialty bar,yogurt,shopping bags,bottled water,waffles,soda
coffee,nuts/prunes,canned beer,whole milk,soda,whole milk,other vegetables,shopping bags,bottled water,curd,brown bread,pet care,sliced cheese
sausage,frankfurter,specialty bar,root vegetables,cake bar,specialty cheese,chocolate,pickled vegetables,soda,cream cheese ,butter,bottled water,other vegetables
long life bakery product,frankfurter,pip fruit,tropical fruit,long life bakery product,hamburger meat,other vegetables,oil,skin care,rolls/buns,waffles,butter,canned vegetables,soft cheese
other vegetables,whole milk,tropical fruit,tropical fruit,sausage,meat,citrus fruit,pork,meat,fruit/vegetable juice,yogurt,whole milk,rolls/buns,whole milk,candles,citrus fruit,frozen meals,cling film/bags,curd,butter,frozen fish
pastry,bottled beer,ham,cat food,pip fruit,soft cheese,rolls/buns,shopping bags,rolls/buns,canned fish,soda,pastry,bottled water,shopping bags,soft cheese,soda,long life bakery product
sausage,bottled water,pork,hamburger meat,other vegetables,specialty chocolate,long life bakery product,bottled beer,pastry,whole milk,cookware,rolls/buns,pastry,whole milk,pastry,domestic eggs
specialty bar,sausage,sausage,tropical fruit,brown bread,other vegetables,other vegetables,yogurt,rolls/buns,rolls/buns,soda,whole milk,margarine,fruit/vegetable juice,shopping bags
ham,ham,frankfurter,yogurt,chicken,beef,whole milk,sliced cheese,whipped/sour cream,whole milk,pastry,butter milk,yogurt,waffles
hard cheese,whole milk,sausage,shopping bags,butter,other vegetables,soda,butter,dessert,soda
long life bakery product,chicken,berries,pastry,soda,yogurt,UHT-milk,bottled beer,waffles,cream cheese 
chicken,pork,turkey,grapes,pastry,pot plants,whole milk,other vegetables,soda,dishes
pastry,newspapers,chicken,specialty bar,citrus fruit,pip fruit,onions,butter,misc. beverages,candles,yogurt,margarine,long life bakery product
pork,sausage,frankfurter,other vegetables,chewing gum,other vegetables,pip fruit,detergent,butter,frozen vegetables,soda,whipped/sour cream,red/blush wine
berries,frankfurter,fruit/vegetable juice,citrus fruit,bottled water,bottled beer,fruit/vegetable juice,other vegetables,candy,condensed milk,domestic eggs,whole milk,pickled vegetables,margarine,fruit/vegetable juice
root vegetables,frankfurter,tropical fruit,whole milk,red/blush wine,frozen vegetables,napkins,fruit/vegetable juice,citrus fruit,hamburger meat,whole milk,shopping bags,cream cheese ,snack products,pastry,ice cream,whole milk,canned beer
root vegetables,beef,root vegetables,domestic eggs,soda,hard cheese,root vegetables,citrus fruit,fruit/vegetable juice,newspapers,butter,roll products ,margarine,Instant food products,yogurt,napkins,specialty bar,domestic eggs,misc. beverages,oil
chicken,domestic eggs,citrus fruit,whole milk,shopping bags,pip fruit,meat spreads,oil,newspapers,flower (seeds),butter,root vegetables,curd,tropical fruit,domestic eggs,rolls/buns,domestic eggs,curd
chicken,packaged fruit/vegetables,tropical fruit,other vegetables,sliced cheese,other vegetables,bottled water,onions,yogurt,rolls/buns,pasta,onions,specialty cheese
canned beer,root vegetables,tropical fruit,soda,beef,meat,butter milk,chewing gum,root vegetables,soda,softener
canned beer,pip fruit,pip fruit,citrus fruit,yogurt,liquor,other vegetables,other vegetables,whipped/sour cream,seasonal products,shopping bags,domestic eggs,dessert,berries,fruit/vegetable juice,newspapers,newspapers,soda,cake bar,frozen meals
chicken,pet care,whole milk,sausage,chocolate,roll products ,butter,specialty chocolate,pastry,pip fruit,bottled water,bottled water,whole milk,specialty chocolate,other vegetables,baking powder,candy,yogurt
whole milk,processed cheese,frozen vegetables,root vegetables,canned beer,whipped/sour cream,root vegetables,tropical fruit,yogurt,flour
rolls/buns,canned beer,whole milk,processed cheese,domestic eggs,berries,rolls/buns,rolls/buns,margarine,pickled vegetables
bottled beer,liver loaf,frozen meals,sausage,other vegetables,yogurt,domestic eggs,yogurt,flower (seeds),coffee
sausage,yogurt,whipped/sour cream,whole milk,pip fruit,newspapers,herbs,candy,flour,oil
whole milk,whole milk,tropical fruit,whipped/sour cream,other vegetables,pastry,specialty chocolate,whole milk,domestic eggs,kitchen towels
root vegetables,beef,salty snack,margarine,whole milk,baking powder,domestic eggs,fruit/vegetable juice,berries,whipped/sour cream,cat food
tropical fruit,frankfurter,root vegetables,root vegetables,whole milk,whole milk,root vegetables,whipped/sour cream,frozen vegetables,canned beer,shopping bags
soda,frankfurter,whole milk,newspapers,rolls/buns,tropical fruit,candy,root vegetables,rolls/buns,whole milk,pip fruit,white bread,waffles
other vegetables,tidbits,whole milk,ice cream,sausage,cookware,other vegetables,coffee,dessert,brown bread,photo/film,UHT-milk,bottled beer,bottled water,cat food,flour
canned beer,hamburger meat,pip fruit,meat,frankfurter,whipped/sour cream,butter milk,other vegetables,whole milk,frozen vegetables,bottled water,ice cream,other vegetables,pickled vegetables,shopping bags
cream cheese ,whisky,frozen dessert,dish cleaner,rolls/buns,beef,whole milk,pip fruit,whole milk,whole milk,rolls/buns,shopping bags,citrus fruit,frozen potato products,frozen vegetables,root vegetables,other vegetables,other vegetables,butter,frozen dessert,cream cheese ,rum,female sanitary products
soda,syrup,newspapers,dessert,oil,red/blush wine,hygiene articles,soda,canned beer,rolls/buns,processed cheese,rolls/buns,yogurt,chewing gum,domestic eggs,hygiene articles,bottled water,napkins,pastry
whipped/sour cream,whole milk,brown bread,pastry,dessert,other vegetables,spread cheese,candy,yogurt,dog food,newspapers,chocolate
sausage,yogurt,tropical fruit,butter,finished products,bottled water,soda,bottled water,processed cheese,bottled water
liquor,onions,cat food,whole milk,sweet spreads,cream cheese ,whipped/sour cream,rolls/buns,dishes,whole milk
ham,sausage,yogurt,rolls/buns,white wine,bottled beer,yogurt,rolls/buns,chocolate,yogurt,processed cheese,newspapers,pickled vegetables
chocolate,frankfurter,pork,sausage,sausage,frozen meals,other vegetables,yogurt,margarine,dog food,soda,dessert,coffee
chicken,hamburger meat,bottled beer,canned fruit,root vegetables,whole milk,whole milk,candy,sugar,whole milk,whipped/sour cream,napkins,cream cheese ,napkins,mustard,popcorn
pip fruit,canned beer,sliced cheese,root vegetables,onions,root vegetables,rolls/buns,cling film/bags,pastry,brown bread,canned vegetables,canned beer
pork,citrus fruit,whole milk,yogurt,semi-finished bread,pot plants,beverages,other vegetables,curd,pip fruit,bathroom cleaner,other vegetables,pickled vegetables,coffee,soda,house keeping products
sausage,butter,cream cheese ,sausage,whole milk,other vegetables,yogurt,bottled water,pip fruit,rolls/buns,chocolate,rolls/buns,spices,coffee
sausage,salty snack,coffee,pip fruit,beef,whole milk,frozen meals,photo/film,dishes,domestic eggs,brown bread,pastry,rolls/buns,pastry,specialty bar
dessert,whole milk,yogurt,frozen meals,dessert,sausage,domestic eggs,processed cheese,whipped/sour cream,rolls/buns,fruit/vegetable juice,onions,curd cheese
citrus fruit,citrus fruit,sausage,butter milk,pork,citrus fruit,soda,house keeping products,pickled vegetables,rolls/buns,hygiene articles
beverages,chicken,whole milk,whole milk,salty snack,brown bread,pastry,butter,soda,soda,whole milk,rolls/buns,soda,processed cheese
frankfurter,sausage,citrus fruit,chocolate,butter,sliced cheese,specialty chocolate,bottled water,cocoa drinks,frozen vegetables
sausage,hamburger meat,tropical fruit,chewing gum,tropical fruit,bottled water,bottled beer,root vegetables,other vegetables,soft cheese,whipped/sour cream,rolls/buns,whole milk,soda
citrus fruit,meat,detergent,tropical fruit,citrus fruit,whole milk,rum,salty snack,pickled vegetables,long life bakery product,bottled beer
rolls/buns,butter,whole milk,rolls/buns,waffles,white bread,other vegetables,yogurt,pot plants,soda,long life bakery product,baking powder
other vegetables,pip fruit,whole milk,sausage,Instant food products,pork,margarine,whipped/sour cream,specialty chocolate,herbs,pip fruit,butter,butter,whole milk,napkins,cake bar,whipped/sour cream,frozen meals,fruit/vegetable juice
other vegetables,yogurt,chicken,root vegetables,ice cream,yogurt,hard cheese,citrus fruit,other vegetables,berries,canned fish,Instant food products,frozen vegetables,rolls/buns,whipped/sour cream,hygiene articles,long life bakery product
whole milk,pork,curd,beef,salty snack,other vegetables,light bulbs,yogurt,processed cheese,chocolate marshmallow,waffles,detergent
canned beer,citrus fruit,ketchup,butter milk,pip fruit,pip fruit,root vegetables,whole milk,canned beer,coffee
frozen meals,white bread,meat,whole milk,tropical fruit,mustard,hard cheese,root vegetables,other vegetables,whole milk,domestic eggs,roll products ,candy,frozen vegetables,whipped/sour cream,napkins,mayonnaise,mustard,bottled water
canned beer,canned beer,grapes,whole milk,soda,bottled beer,grapes,hard cheese,UHT-milk,curd,cream cheese ,other vegetables,pasta,brown bread,pastry,margarine
canned beer,tropical fruit,rolls/buns,pork,whole milk,white bread,oil,rolls/buns,beverages,red/blush wine,bottled water
tropical fruit,canned beer,chocolate,soda,shopping bags,tropical fruit,cling film/bags,fruit/vegetable juice,hard cheese,brown bread,shopping bags,shopping bags
pastry,house keeping products,salty snack,semi-finished bread,other vegetables,whole milk,pickled vegetables,frozen vegetables,whole milk,domestic eggs,chocolate marshmallow,whole milk,whole milk,bottled beer,cleaner
soda,whole milk,liquor,root vegetables,other vegetables,chewing gum,ham,pastry,dessert,rolls/buns,yogurt,yogurt,frozen vegetables,rolls/buns,frozen meals,whole milk
canned beer,chocolate,curd,bottled water,oil,yogurt,whole milk,whipped/sour cream,hamburger meat,tropical fruit,other vegetables,fruit/vegetable juice,whipped/sour cream,other vegetables
sausage,whole milk,tropical fruit,hamburger meat,other vegetables,bottled water,skin care,yogurt,hygiene articles,frozen dessert
rolls/buns,butter milk,other vegetables,brown bread,whole milk,cat food,white bread,soft cheese,shopping bags,rolls/buns
yogurt,coffee,pip fruit,citrus fruit,coffee,rolls/buns,other vegetables,pastry,fruit/vegetable juice,specialty fat
whole milk,citrus fruit,whole milk,pip fruit,other vegetables,yogurt,brown bread,rolls/buns,pastry,candy,pet care
whole milk,shopping bags,whole milk,specialty bar,whipped/sour cream,cling film/bags,bottled beer,bottled beer,rolls/buns,newspapers,margarine
sausage,ham,hamburger meat,sausage,dessert,canned beer,frozen vegetables,detergent,whipped/sour cream,whipped/sour cream,newspapers,whipped/sour cream,yogurt,dishes,misc. beverages,domestic eggs
misc. beverages,sausage,instant coffee,finished products,whole milk,whole milk,misc. beverages,soda,rolls/buns,tropical fruit,bottled water,canned beer,napkins,cream cheese ,cling film/bags,cling film/bags,artif. sweetener
ham,beef,domestic eggs,bottled beer,bottled water,citrus fruit,other vegetables,oil,dishes,brown bread
pork,frankfurter,berries,beef,pip fruit,ham,canned beer,specialty chocolate,shopping bags,newspapers,cream cheese ,hard cheese,soda,pip fruit,fruit/vegetable juice,margarine
whole milk,other vegetables,soups,citrus fruit,finished products,meat,root vegetables,whole milk,sugar,long life bakery product,beef,seasonal products,salty snack,whole milk,rolls/buns,fruit/vegetable juice,white wine,bottled beer,chocolate,specialty chocolate,chocolate,sugar,frozen potato products
pastry,whole milk,tropical fruit,curd,fish,salty snack,pork,white bread,yogurt,butter,other vegetables,grapes,curd,soda,curd,bottled beer,citrus fruit,bottled beer,flour,whipped/sour cream,butter,bottled water,sugar
cat food,white bread,curd,other vegetables,rolls/buns,bottled water,whipped/sour cream,frozen vegetables,UHT-milk,coffee,tea,margarine
chicken,butter,ham,whole milk,newspapers,spread cheese,curd,specialty chocolate,white wine,frozen meals,domestic eggs,specialty chocolate,margarine,frozen meals,beverages,shopping bags,bottled water
bottled beer,cooking chocolate,other vegetables,whole milk,waffles,tropical fruit,red/blush wine,prosecco,whole milk,rolls/buns,cleaner,house keeping products,pot plants
whipped/sour cream,pastry,onions,root vegetables,rolls/buns,other vegetables,yogurt,yogurt,shopping bags,dessert,rolls/buns
pip fruit,tropical fruit,candy,dessert,onions,rolls/buns,pip fruit,citrus fruit,semi-finished bread,bottled beer,pasta,rolls/buns,soda
yogurt,frankfurter,rolls/buns,pet care,long life bakery product,soda,UHT-milk,onions,cream cheese ,curd,whole milk,hygiene articles,dessert,pastry,long life bakery product,sugar
frozen meals,chicken,waffles,rolls/buns,tropical fruit,frozen potato products,canned beer,curd,chocolate,coffee,rolls/buns,bottled beer,soda
pork,sausage,condensed milk,pip fruit,bottled beer,root vegetables,other vegetables,chewing gum,candy,yogurt
whole milk,frankfurter,berries,whole milk,bottled water,pastry,curd,rolls/buns,cling film/bags,napkins,hygiene articles
whole milk,beef,soda,rolls/buns,whipped/sour cream,whole milk,butter milk,hamburger meat,curd cheese,whipped/sour cream,candles
pork,meat,canned beer,condensed milk,whole milk,berries,oil,chewing gum,other vegetables,domestic eggs,shopping bags,tea,tidbits,frozen vegetables,chocolate,rolls/buns,coffee,whole milk,cat food
onions,ham,sausage,sausage,citrus fruit,rolls/buns,other vegetables,citrus fruit,beverages,white bread,tropical fruit,curd,liquor,dessert,rolls/buns,rolls/buns,brown bread,shopping bags,yogurt,cat food,shopping bags
frankfurter,soda,curd cheese,bottled water,chocolate,whole milk,pastry,other vegetables,soda,hygiene articles
pork,male cosmetics,baking powder,pastry,chewing gum,soda,bottled water,beverages,brandy,bottled water
pork,tropical fruit,zwieback,finished products,sausage,ham,butter,ice cream,salty snack,whole milk,shopping bags,soda,white wine,male cosmetics,rolls/buns,canned beer,hygiene articles,newspapers
root vegetables,berries,UHT-milk,packaged fruit/vegetables,liquor,coffee,bottled beer,soft cheese,frozen fish,red/blush wine,rice
soda,bottled water,other vegetables,beef,semi-finished bread,other vegetables,root vegetables,whole milk,soda,liquor (appetizer),candy,flour
root vegetables,sausage,yogurt,hamburger meat,hamburger meat,rum,canned beer,other vegetables,house keeping products,chocolate marshmallow
canned beer,soda,sausage,berries,specialty bar,yogurt,newspapers,butter,root vegetables,other vegetables,bottled beer,roll products ,soda,margarine,bottled beer,Instant food products,salty snack,frozen vegetables,coffee
frozen fish,soda,whole milk,hamburger meat,tropical fruit,white bread,butter,cream cheese ,coffee,fruit/vegetable juice
pip fruit,whole milk,citrus fruit,pet care,pastry,pastry,other vegetables,onions,rolls/buns,domestic eggs,chocolate,snack products,chocolate,baking powder,male cosmetics,long life bakery product,syrup,soda
fruit/vegetable juice,citrus fruit,citrus fruit,other vegetables,pastry,waffles,tropical fruit,yogurt,shopping bags,margarine,coffee
fruit/vegetable juice,meat,citrus fruit,bottled beer,whole milk,root vegetables,rolls/buns,soda,candy,shopping bags,brandy,frozen meals,candy,shopping bags
fruit/vegetable juice,root vegetables,salty snack,whipped/sour cream,citrus fruit,sausage,root vegetables,candy,root vegetables,dental care,canned beer,yogurt,dessert,long life bakery product,rolls/buns,butter,pickled vegetables
bottled water,soda,bottled beer,sugar,margarine,specialty bar,coffee,onions,other vegetables,dessert,cream cheese ,other vegetables,soda,bottled water,dishes,cling film/bags,whole milk
whole milk,domestic eggs,whipped/sour cream,whole milk,vinegar,yogurt,whipped/sour cream,whipped/sour cream,chocolate,whipped/sour cream,newspapers,Instant food products
pot plants,white bread,condensed milk,tropical fruit,bottled water,whole milk,whole milk,pastry,onions,pip fruit,whole milk,coffee,whole milk,shopping bags,frozen potato products,canned vegetables,newspapers,candy,semi-finished bread,bottled water
soft cheese,sausage,yogurt,sausage,bottled beer,soft cheese,hard cheese,dog food,coffee,yogurt,fruit/vegetable juice,other vegetables,yogurt,roll products ,hygiene articles,chocolate,frozen meals,fruit/vegetable juice
ice cream,chocolate,pip fruit,rolls/buns,root vegetables,mustard,rolls/buns,butter,long life bakery product,white bread
frankfurter,soda,frankfurter,frozen potato products,canned beer,chocolate,spread cheese,pastry,onions,newspapers,white bread,mayonnaise,softener,berries,oil,coffee,shopping bags,canned fruit,abrasive cleaner,domestic eggs
other vegetables,beef,whole milk,other vegetables,tropical fruit,root vegetables,brown bread,UHT-milk,white bread,shopping bags,zwieback,curd
butter,tropical fruit,other vegetables,berries,meat,frankfurter,root vegetables,root vegetables,rolls/buns,oil,other vegetables,coffee,butter milk,dessert,vinegar
frankfurter,other vegetables,canned beer,whole milk,beef,beef,pickled vegetables,red/blush wine,rolls/buns,whole milk,root vegetables,whole milk,pot plants,pastry,frozen meals,onions,brown bread,frozen dessert,rolls/buns,sugar,ice cream
kitchen towels,coffee,bottled water,chicken,whole milk,shopping bags,citrus fruit,soda,butter,frozen meals,yogurt,white wine,dishes,UHT-milk,hygiene articles,specialty chocolate,chewing gum
other vegetables,tropical fruit,yogurt,ham,whole milk,whole milk,whole milk,other vegetables,butter,whipped/sour cream,sauces,long life bakery product,white bread,ketchup,shopping bags,frozen fruits
frankfurter,UHT-milk,pip fruit,herbs,yogurt,pip fruit,pastry,whole milk,chewing gum,UHT-milk,other vegetables,candy,dish cleaner
meat,beverages,fish,whole milk,soap,meat spreads,semi-finished bread,abrasive cleaner,domestic eggs,yogurt,margarine
pip fruit,domestic eggs,coffee,cream cheese ,whole milk,brown bread,pastry,misc. beverages,white bread,detergent,seasonal products,napkins
other vegetables,tropical fruit,other vegetables,tropical fruit,frankfurter,hard cheese,specialty bar,instant coffee,rolls/buns,cream cheese ,napkins,yogurt,coffee,tropical fruit,misc. beverages,salty snack,sparkling wine,ice cream,newspapers,chocolate
hamburger meat,dishes,whole milk,shopping bags,jam,rolls/buns,hard cheese,yogurt,other vegetables,cream cheese ,frozen vegetables
whole milk,white bread,tropical fruit,sweet spreads,soda,other vegetables,pip fruit,shopping bags,cooking chocolate,bottled water,beverages,brown bread,mustard
beef,shopping bags,soda,pip fruit,bottled water,whole milk,rolls/buns,margarine,baking powder,hygiene articles,bottled water
sausage,sausage,pork,rolls/buns,hard cheese,beef,pip fruit,yogurt,other vegetables,yogurt,waffles,margarine,misc. beverages,newspapers,hard cheese,margarine,candles
pork,root vegetables,beverages,sausage,whole milk,brown bread,coffee,Instant food products,yogurt,soda,newspapers,whipped/sour cream,margarine,dessert,cookware
bottled beer,root vegetables,whole milk,domestic eggs,beef,citrus fruit,specialty chocolate,other vegetables,dessert,flour,whisky,bottled water,soft cheese,whole milk
salty snack,tropical fruit,packaged fruit/vegetables,cat food,bottled beer,rolls/buns,shopping bags,candles,whole milk,hygiene articles,chocolate,butter milk,potato products
bottled beer,frankfurter,whipped/sour cream,sugar,root vegetables,male cosmetics,pastry,sliced cheese,bottled beer,kitchen towels,soda,pastry,fruit/vegetable juice,frozen vegetables,margarine
bottled water,sausage,soups,frankfurter,sausage,cream cheese ,tropical fruit,newspapers,tropical fruit,root vegetables,whole milk,prosecco,whole milk,cream cheese ,shopping bags,pot plants,margarine
chicken,soda,citrus fruit,bottled beer,salt,whole milk,sauces,berries,bottled water,curd,instant coffee,shopping bags,sugar,margarine
citrus fruit,beef,sausage,whipped/sour cream,onions,condensed milk,white bread,other vegetables,specialty chocolate,butter
chicken,fruit/vegetable juice,bottled beer,zwieback,long life bakery product,soda,baking powder,domestic eggs,salty snack,UHT-milk,other vegetables,whole milk,oil
curd,citrus fruit,whole milk,yogurt,other vegetables,rolls/buns,other vegetables,bottled water,frozen vegetables,bottled water,dessert
frankfurter,other vegetables,turkey,soda,whole milk,ready soups,white bread,curd,shopping bags,specialty bar,brandy,bottled beer,soda
frankfurter,pork,pork,sausage,specialty bar,hamburger meat,curd,whole milk,whole milk,whole milk,domestic eggs,rolls/buns,rice,whole milk,beef,sweet spreads,napkins,dishes,fruit/vegetable juice
frankfurter,specialty chocolate,sausage,tropical fruit,ham,citrus fruit,oil,whole milk,sugar,white wine,other vegetables,whole milk,newspapers,detergent,whipped/sour cream,soda,misc. beverages,specialty bar,sliced cheese,cake bar,popcorn,bottled water,liquor
citrus fruit,other vegetables,fruit/vegetable juice,salt,fruit/vegetable juice,specialty bar,chocolate,domestic eggs,cat food,canned beer,coffee
soda,soda,frankfurter,citrus fruit,sausage,shopping bags,root vegetables,chewing gum,whole milk,condensed milk,other vegetables,brown bread,beverages,yogurt,salt,newspapers,curd,shopping bags,ketchup,candy
pip fruit,whole milk,waffles,male cosmetics,pork,dishes,whole milk,yogurt,dessert,whole milk,rice
tropical fruit,whole milk,canned fish,frozen vegetables,butter,dish cleaner,yogurt,whole milk,cream cheese ,soda,newspapers
root vegetables,UHT-milk,sausage,whole milk,UHT-milk,spread cheese,shopping bags,brown bread,other vegetables,shopping bags,dessert
other vegetables,pip fruit,misc. beverages,frankfurter,whole milk,whole milk,root vegetables,whole milk,curd,cream cheese ,candles,pastry,butter,dessert,yogurt,waffles
whole milk,frankfurter,rolls/buns,pork,whole milk,curd,misc. beverages,sugar,canned vegetables,soda
pasta,whole milk,canned beer,rolls/buns,pip fruit,tropical fruit,margarine,pastry,whole milk,canned fish,detergent,pastry,yogurt,bottled beer
beef,ham,frankfurter,hamburger meat,soda,root vegetables,berries,specialty fat,dog food,dish cleaner,domestic eggs,domestic eggs
sausage,frankfurter,citrus fruit,sausage,soda,grapes,red/blush wine,brown bread,frozen vegetables,canned beer,brown bread,whipped/sour cream,cream
canned beer,frankfurter,shopping bags,root vegetables,rolls/buns,root vegetables,yogurt,other vegetables,whole milk,butter milk,frozen meals
sausage,cream cheese ,canned beer,citrus fruit,tropical fruit,frozen fish,newspapers,sauces,tropical fruit,red/blush wine,UHT-milk,rolls/buns,butter milk,newspapers
sausage,frankfurter,photo/film,whole milk,whipped/sour cream,butter,yogurt,rolls/buns,shopping bags,whole milk,white bread,other vegetables,brown bread,pot plants,dessert
frankfurter,canned beer,butter,tropical fruit,tropical fruit,other vegetables,yogurt,pastry,other vegetables,dental care,other vegetables,other vegetables
frozen fish,whole milk,sausage,canned beer,bottled water,beef,whole milk,herbs,shopping bags,bottled beer,rolls/buns,hard cheese,pip fruit,soft cheese,yogurt,cat food
chicken,pork,frankfurter,sausage,pastry,herbs,yogurt,red/blush wine,curd cheese,curd,whole milk
onions,pork,beef,pork,yogurt,other vegetables,sweet spreads,pasta,specialty bar,curd
beef,hamburger meat,bottled water,bottled beer,cleaner,yogurt,margarine,pot plants,newspapers,dish cleaner
root vegetables,beverages,soda,root vegetables,domestic eggs,bottled water,oil,bottled water,whipped/sour cream,frozen dessert,baking powder
citrus fruit,soda,hard cheese,light bulbs,other vegetables,frozen vegetables,other vegetables,specialty bar,whipped/sour cream,soda
sausage,bottled water,chocolate,soda,citrus fruit,pastry,oil,other vegetables,other vegetables,domestic eggs,pastry,pot plants,canned beer,fruit/vegetable juice,light bulbs,frozen vegetables,rolls/buns,pot plants
sparkling wine,tropical fruit,white wine,rolls/buns,butter,salty snack,citrus fruit,soda,UHT-milk,tea
soda,root vegetables,berries,bottled beer,soda,other vegetables,hygiene articles,white bread,white bread,whipped/sour cream
curd,pork,sausage,yogurt,coffee,domestic eggs,whole milk,rolls/buns,pastry,shopping bags,napkins,rice,shopping bags
UHT-milk,frankfurter,tropical fruit,other vegetables,onions,margarine,rolls/buns,bottled beer,UHT-milk,curd,root vegetables,coffee
canned beer,frozen meals,curd,curd,whole milk,roll products ,flour,white bread,pasta,mayonnaise,other vegetables,dessert,sauces,soda,flower (seeds),coffee,shopping bags,newspapers,whipped/sour cream,bottled water,rolls/buns
sausage,tropical fruit,semi-finished bread,tropical fruit,sausage,soda,pot plants,whole milk,berries,rolls/buns,cream cheese ,other vegetables,shopping bags,candy
misc. beverages,soda,soups,other vegetables,soda,specialty bar,domestic eggs,semi-finished bread,rolls/buns,yogurt,soda,domestic eggs,yogurt,whipped/sour cream,yogurt,newspapers,white bread
pork,whole milk,Instant food products,root vegetables,whole milk,liquor,pip fruit,canned beer,popcorn,processed cheese,long life bakery product,domestic eggs
yogurt,tropical fruit,sliced cheese,rolls/buns,salt,margarine,sugar,other vegetables,margarine,chocolate
sausage,herbs,whole milk,UHT-milk,pork,sliced cheese,herbs,specialty bar,root vegetables,cream cheese ,other vegetables,yogurt,napkins,onions,brown bread
decalcifier,pork,liver loaf,pip fruit,beef,root vegetables,canned beer,whole milk,bottled beer,flour
mayonnaise,other vegetables,shopping bags,tropical fruit,dish cleaner,decalcifier,white bread,long life bakery product,specialty chocolate,pet care,pot plants,shopping bags
finished products,other vegetables,sugar,pickled vegetables,whipped/sour cream,rolls/buns,rolls/buns,bottled water,frozen vegetables,salty snack,frozen meals
whole milk,pastry,soda,tropical fruit,pip fruit,bottled beer,rolls/buns,citrus fruit,meat,coffee,specialty chocolate,frozen meals
beef,fruit/vegetable juice,bottled water,tidbits,beef,semi-finished bread,packaged fruit/vegetables,cream cheese ,other vegetables,margarine,curd
chicken,whole milk,other vegetables,other vegetables,chewing gum,canned beer,organic products,tropical fruit,pip fruit,specialty bar,yogurt,flower soil/fertilizer,bottled water,rolls/buns
chicken,ham,berries,chewing gum,yogurt,sugar,curd,frozen vegetables,curd,rolls/buns,whipped/sour cream,domestic eggs,fruit/vegetable juice,seasonal products,yogurt
tropical fruit,frozen fruits,oil,whole milk,other vegetables,oil,pot plants,processed cheese,semi-finished bread,bottled beer
flower soil/fertilizer,zwieback,whole milk,chicken,brown bread,UHT-milk,whole milk,curd,pip fruit,margarine,soda,sugar
other vegetables,whole milk,sausage,beef,onions,rolls/buns,whole milk,whole milk,liquor,rolls/buns,salt,mustard,soda,salty snack,hard cheese,pastry,rolls/buns
napkins,whole milk,soda,hamburger meat,mustard,whipped/sour cream,pasta,rolls/buns,long life bakery product,curd cheese
sausage,sausage,tropical fruit,tropical fruit,pasta,chocolate marshmallow,hamburger meat,whole milk,whole milk,misc. beverages,soda,root vegetables,whole milk,other vegetables,detergent,brown bread,newspapers,waffles,salty snack,flour
frankfurter,meat,frankfurter,beef,other vegetables,rolls/buns,whole milk,whole milk,newspapers,pet care,whipped/sour cream,waffles,newspapers,ready soups,pastry
pork,citrus fruit,other vegetables,sausage,yogurt,other vegetables,specialty bar,bottled water,pip fruit,chocolate,baking powder
other vegetables,soda,frozen potato products,yogurt,other vegetables,roll products ,oil,root vegetables,bottled water,roll products ,long life bakery product
beef,whole milk,brown bread,root vegetables,tropical fruit,other vegetables,root vegetables,roll products ,shopping bags,bottled water,pastry,flour
tropical fruit,canned beer,whole milk,rolls/buns,frozen meals,whole milk,candy,onions,chewing gum,canned beer,whole milk,coffee,yogurt
sausage,UHT-milk,sugar,berries,herbs,coffee,butter,other vegetables,domestic eggs,oil,tea,coffee
other vegetables,berries,butter,frozen vegetables,cat food,grapes,pip fruit,long life bakery product,bottled beer,specialty bar,pickled vegetables
chicken,pork,citrus fruit,sausage,butter,soda,tropical fruit,white wine,nuts/prunes,specialty bar,other vegetables,yogurt,flour,newspapers,coffee,butter,frozen fish,bottled beer,long life bakery product,fruit/vegetable juice,fruit/vegetable juice,soda,soap
root vegetables,beef,yogurt,soft cheese,white bread,tropical fruit,whole milk,yogurt,whipped/sour cream,Instant food products,flower (seeds),soda
sausage,beef,berries,white wine,other vegetables,tropical fruit,other vegetables,frozen vegetables,whole milk,other vegetables,ice cream,yogurt,soda,soda,bottled beer,whipped/sour cream,napkins,whipped/sour cream
canned beer,spread cheese,canned beer,whole milk,whole milk,specialty chocolate,other vegetables,yogurt,bottled water,waffles,whole milk,cream cheese 
pork,soda,frankfurter,canned beer,sausage,curd,margarine,root vegetables,pip fruit,ice cream,packaged fruit/vegetables,coffee,yogurt,candy,cling film/bags,domestic eggs,coffee,ice cream,newspapers,candy,butter milk,rolls/buns,pastry
ham,citrus fruit,packaged fruit/vegetables,citrus fruit,rum,butter,flour,semi-finished bread,UHT-milk,yogurt
whipped/sour cream,citrus fruit,dog food,ham,other vegetables,rolls/buns,soda,soda,whole milk,bottled beer,hard cheese,fruit/vegetable juice,rolls/buns,cream cheese ,whipped/sour cream,yogurt,chocolate,pudding powder
misc. beverages,citrus fruit,turkey,sausage,hamburger meat,tea,bottled beer,herbs,herbs,cat food,white bread
pip fruit,rolls/buns,pastry,canned beer,whole milk,hygiene articles,cream cheese ,honey,cat food,domestic eggs,misc. beverages,whipped/sour cream
pip fruit,UHT-milk,yogurt,whipped/sour cream,UHT-milk,pot plants,salty snack,frozen meals,cream cheese ,other vegetables
meat,chicken,frankfurter,frozen vegetables,whole milk,beverages,canned beer,other vegetables,domestic eggs,frozen vegetables,other vegetables,waffles,specialty chocolate,rice
pip fruit,bottled water,pork,bottled water,other vegetables,other vegetables,specialty bar,sugar,soda,newspapers,sliced cheese,cooking chocolate,long life bakery product,long life bakery product,butter
canned beer,whole milk,ham,onions,zwieback,root vegetables,other vegetables,frozen dessert,yogurt,shopping bags,salty snack,salty snack,bottled water,yogurt,seasonal products
other vegetables,bottled water,berries,pip fruit,beverages,pastry,root vegetables,meat,pork,tropical fruit,shopping bags,pastry,pip fruit,soda,salty snack,salty snack,butter
pastry,canned beer,whole milk,rolls/buns,bottled beer,whole milk,dishes,grapes,long life bakery product,fruit/vegetable juice,fruit/vegetable juice,candy,salt
soda,other vegetables,citrus fruit,beef,finished products,coffee,citrus fruit,yogurt,semi-finished bread,softener,rolls/buns,canned fish,misc. beverages,whole milk,sliced cheese
misc. beverages,dog food,chicken,sausage,chocolate,root vegetables,root vegetables,UHT-milk,dessert,shopping bags,shopping bags,brown bread,shopping bags,citrus fruit,white bread,salty snack
root vegetables,root vegetables,beverages,flour,other vegetables,misc. beverages,chocolate,white wine,baking powder,bottled water,other vegetables,frozen potato products
whole milk,cat food,sausage,chicken,chocolate,ham,other vegetables,canned beer,tropical fruit,other vegetables,bottled water,berries,whipped/sour cream,semi-finished bread,pastry,whole milk,canned beer,waffles,tropical fruit,shopping bags,shopping bags,bottled water,yogurt,kitchen towels,rum,bottled beer,packaged fruit/vegetables
sausage,whole milk,other vegetables,frozen fish,other vegetables,salt,tropical fruit,yogurt,rolls/buns,pastry,margarine,fruit/vegetable juice,curd
pork,tropical fruit,tropical fruit,yogurt,other vegetables,pet care,curd,pip fruit,margarine,pastry,rolls/buns,margarine,shopping bags
packaged fruit/vegetables,frankfurter,sliced cheese,coffee,margarine,hamburger meat,cream cheese ,other vegetables,napkins,semi-finished bread
whole milk,chicken,pastry,bottled water,herbs,pastry,butter milk,napkins,meat spreads,rolls/buns,liquor
canned beer,bottled water,other vegetables,citrus fruit,soft cheese,root vegetables,berries,bottled beer,coffee,soda,beef,pickled vegetables,liquor,whole milk,light bulbs,chocolate,detergent
bottled beer,frozen meals,rolls/buns,rolls/buns,citrus fruit,sausage,hamburger meat,tropical fruit,curd,pip fruit,cream cheese ,whipped/sour cream,other vegetables,margarine
ice cream,whole milk,beef,long life bakery product,root vegetables,other vegetables,beverages,other vegetables,newspapers,UHT-milk,long life bakery product,sugar,rolls/buns,coffee,newspapers,whipped/sour cream,misc. beverages,soda,spread cheese
tropical fruit,other vegetables,sweet spreads,tropical fruit,onions,dishes,berries,soda,other vegetables,root vegetables,domestic eggs,other vegetables,chocolate
whole milk,sausage,beef,beverages,root vegetables,newspapers,rolls/buns,whipped/sour cream,pot plants,soda,prosecco,chocolate,brown bread,snack products,newspapers
citrus fruit,pip fruit,dessert,sugar,beverages,other vegetables,sauces,margarine,other vegetables,brown bread,soda,frozen fish,long life bakery product
sausage,citrus fruit,brown bread,frozen vegetables,cream cheese ,semi-finished bread,yogurt,curd,cookware,cream cheese ,coffee,coffee,bottled water
ham,grapes,whole milk,meat,pip fruit,roll products ,canned fish,other vegetables,domestic eggs,canned beer,packaged fruit/vegetables,brown bread
frankfurter,hamburger meat,misc. beverages,other vegetables,bottled water,shopping bags,tropical fruit,shopping bags,flower (seeds),bottled beer,rolls/buns,yogurt
bottled water,soda,meat,fruit/vegetable juice,other vegetables,domestic eggs,frozen vegetables,soda,cat food,processed cheese
canned beer,sausage,whole milk,tropical fruit,coffee,sliced cheese,butter,brown bread,curd,soda,brown bread,pickled vegetables,photo/film,cake bar,domestic eggs,hard cheese,domestic eggs
berries,other vegetables,curd,whole milk,mayonnaise,root vegetables,flour,other vegetables,beverages,ready soups
tropical fruit,root vegetables,coffee,coffee,frozen vegetables,rolls/buns,whole milk,sliced cheese,tropical fruit,newspapers,yogurt,whipped/sour cream,shopping bags,long life bakery product
bottled beer,softener,bottled water,spread cheese,other vegetables,yogurt,sliced cheese,cream cheese ,shopping bags,waffles,cling film/bags
pork,frozen vegetables,pip fruit,rolls/buns,soda,rolls/buns,whole milk,oil,yogurt,canned vegetables,cling film/bags
pork,sausage,whole milk,pip fruit,newspapers,tropical fruit,UHT-milk,fruit/vegetable juice,hard cheese,butter,shopping bags,detergent,frozen fish,bottled water
beverages,sausage,pip fruit,other vegetables,newspapers,white bread,soda,frozen fish,margarine,curd,baking powder,ketchup
UHT-milk,canned beer,pastry,other vegetables,meat,newspapers,newspapers,UHT-milk,liquor,rolls/buns,salty snack
other vegetables,whole milk,meat,whole milk,long life bakery product,citrus fruit,tropical fruit,beef,other vegetables,shopping bags,detergent,bottled water,soda,pot plants,candy,soft cheese,rolls/buns,canned beer,butter,soda
sausage,tropical fruit,chicken,female sanitary products,domestic eggs,soda,domestic eggs,frozen fish,canned beer,butter,sugar,waffles
pastry,liver loaf,canned beer,whipped/sour cream,vinegar,tropical fruit,canned vegetables,yogurt,butter,salty snack,dish cleaner
berries,whole milk,beef,bottled water,ice cream,cream cheese ,root vegetables,newspapers,butter milk,newspapers,chocolate,other vegetables,yogurt
pip fruit,sausage,waffles,soda,specialty bar,other vegetables,white bread,whipped/sour cream,other vegetables,pastry,soda,soda,coffee,sugar
pork,soda,chicken,long life bakery product,other vegetables,detergent,liquor (appetizer),sliced cheese,brown bread,bottled beer,bottled beer,popcorn
rolls/buns,rolls/buns,misc. beverages,brown bread,tropical fruit,whole milk,pork,pip fruit,UHT-milk,whole milk,bottled water,semi-finished bread,whole milk,other vegetables,pasta,spices,bottled beer,sugar,curd cheese,cream cheese ,ice cream,coffee,fruit/vegetable juice,curd,butter milk
whole milk,herbs,sugar,chicken,spread cheese,newspapers,whole milk,hygiene articles,popcorn,brown bread
meat,canned beer,berries,soda,citrus fruit,ham,whipped/sour cream,white wine,canned beer,frozen potato products,male cosmetics,pastry
chicken,butter milk,chocolate,berries,butter milk,sweet spreads,butter,long life bakery product,sugar,napkins,white bread
meat,white bread,beef,brown bread,chicken,tropical fruit,coffee,flour,rolls/buns,fruit/vegetable juice,rolls/buns
tidbits,sausage,citrus fruit,pot plants,whole milk,rolls/buns,other vegetables,whole milk,shopping bags,bottled water,other vegetables,canned beer,margarine,napkins,fruit/vegetable juice,frozen vegetables,pickled vegetables
potato products,other vegetables,whole milk,onions,waffles,rolls/buns,yogurt,flour,newspapers,frozen vegetables
whole milk,onions,whipped/sour cream,margarine,soft cheese,whipped/sour cream,specialty fat,frozen vegetables,frozen vegetables,dishes
pip fruit,frankfurter,pip fruit,bottled water,candles,bottled water,coffee,specialty bar,kitchen towels,rolls/buns,UHT-milk,sliced cheese
soda,flower soil/fertilizer,beef,pork,root vegetables,long life bakery product,yogurt,condensed milk,yogurt,butter,pastry,specialty chocolate
dessert,other vegetables,sausage,chicken,turkey,brown bread,cream cheese ,whole milk,coffee,dessert,mayonnaise,pickled vegetables,butter,yogurt,yogurt,frozen vegetables,rolls/buns,baking powder,sugar,flour,fruit/vegetable juice,coffee
beverages,semi-finished bread,whipped/sour cream,organic sausage,root vegetables,liquor,whole milk,spices,yogurt,processed cheese,root vegetables,UHT-milk,hygiene articles,napkins,oil
yogurt,tropical fruit,pip fruit,canned beer,beef,rolls/buns,rolls/buns,detergent,whole milk,bottled water,other vegetables,rolls/buns,sliced cheese,soft cheese,rolls/buns,chocolate
root vegetables,sausage,misc. beverages,onions,citrus fruit,bottled beer,other vegetables,soda,hygiene articles,seasonal products,rolls/buns,soda,brown bread,soups
fruit/vegetable juice,whole milk,frankfurter,hamburger meat,cream cheese ,frozen vegetables,canned beer,ketchup,fruit/vegetable juice,whole milk,chocolate,candy
hamburger meat,beef,ham,butter milk,yogurt,napkins,pasta,seasonal products,fruit/vegetable juice,margarine
UHT-milk,citrus fruit,domestic eggs,rolls/buns,other vegetables,spices,frozen vegetables,napkins,whole milk,soda,domestic eggs,soda,bottled water,frozen meals
condensed milk,sliced cheese,newspapers,sausage,instant coffee,bottled water,dog food,yogurt,fruit/vegetable juice,rolls/buns,cake bar,onions,salty snack,butter,artif. sweetener,processed cheese,butter,hygiene articles,yogurt,dental care,sugar
whole milk,frankfurter,chicken,fruit/vegetable juice,light bulbs,sausage,frozen vegetables,mustard,rolls/buns,soda,pastry,shopping bags,semi-finished bread,white wine,shopping bags,domestic eggs,cereals
tropical fruit,other vegetables,tropical fruit,fruit/vegetable juice,whipped/sour cream,beef,frozen fish,whipped/sour cream,coffee,pot plants,curd,whole milk,bottled water,red/blush wine
sausage,liver loaf,liver loaf,grapes,ham,butter,whole milk,meat,soda,soda,domestic eggs,photo/film,specialty chocolate,rolls/buns,white bread,curd,pastry,processed cheese,soft cheese,female sanitary products
yogurt,sausage,cream cheese ,packaged fruit/vegetables,other vegetables,waffles,whole milk,rolls/buns,cat food,bottled beer,meat spreads,dental care,domestic eggs,sliced cheese
white bread,sausage,sausage,white wine,pork,tropical fruit,frozen vegetables,beverages,whole milk,beverages,candy,whole milk,soda,semi-finished bread,napkins,yogurt
soda,butter,beef,chicken,sausage,pastry,coffee,pastry,cream,pet care,house keeping products,yogurt,detergent,long life bakery product,rolls/buns,newspapers,soda
tropical fruit,dental care,turkey,chicken,coffee,other vegetables,other vegetables,chocolate,pet care,whole milk,chewing gum
curd,soda,tropical fruit,sliced cheese,turkey,whole milk,whole milk,soda,beverages,domestic eggs,shopping bags,other vegetables,pet care,napkins
brown bread,pastry,salty snack,frozen potato products,whole milk,canned beer,pastry,specialty cheese,whipped/sour cream,shopping bags,grapes,oil
soda,tropical fruit,ham,margarine,canned beer,bottled beer,coffee,pastry,frozen vegetables,long life bakery product,canned vegetables,brown bread,baking powder
bottled water,packaged fruit/vegetables,coffee,canned fruit,salty snack,whole milk,bottled beer,dog food,brown bread,shopping bags
root vegetables,bottled beer,root vegetables,pork,specialty bar,bottled water,yogurt,whole milk,curd,sliced cheese,yogurt,curd cheese,waffles,other vegetables,misc. beverages,hygiene articles
other vegetables,other vegetables,pip fruit,root vegetables,bottled beer,pip fruit,dessert,red/blush wine,whole milk,other vegetables,pastry,napkins,detergent
salty snack,hamburger meat,frankfurter,semi-finished bread,curd,whipped/sour cream,other vegetables,cling film/bags,sliced cheese,fruit/vegetable juice
canned beer,beef,ham,tropical fruit,citrus fruit,coffee,whole milk,whole milk,chocolate,sparkling wine,frozen vegetables,flour,bottled water
tropical fruit,UHT-milk,whole milk,herbs,whole milk,bottled water,beverages,newspapers,newspapers,sweet spreads,rolls/buns
other vegetables,butter milk,herbs,white bread,rolls/buns,soups,coffee,domestic eggs,potato products,soda,salt,canned fruit,specialty bar
ham,sausage,oil,root vegetables,rolls/buns,tropical fruit,soda,brown bread,beverages,other vegetables,bottled beer
bottled water,citrus fruit,white bread,brown bread,berries,flour,salty snack,domestic eggs,chocolate marshmallow,frozen vegetables
frankfurter,meat,frankfurter,pork,butter milk,whole milk,whole milk,butter,dishes,misc. beverages
Instant food products,turkey,citrus fruit,spread cheese,bottled beer,chocolate,pip fruit,root vegetables,rolls/buns,specialty cheese,frozen vegetables,soda,dish cleaner
bottled beer,frankfurter,pork,chicken,bottled beer,butter,whipped/sour cream,bottled water,pip fruit,margarine
berries,other vegetables,ice cream,ham,UHT-milk,newspapers,frozen fish,shopping bags,other vegetables,whole milk
frozen meals,grapes,tropical fruit,canned vegetables,chicken,butter milk,other vegetables,frozen vegetables,canned beer,turkey,frozen vegetables,bottled beer,rice,canned vegetables
other vegetables,rolls/buns,chicken,other vegetables,chicken,popcorn,UHT-milk,pastry,onions,margarine,processed cheese,waffles
root vegetables,rolls/buns,root vegetables,chicken,fruit/vegetable juice,root vegetables,root vegetables,cream cheese ,pastry,dishes,whole milk,newspapers,long life bakery product,fruit/vegetable juice
whole milk,newspapers,sausage,rolls/buns,tropical fruit,canned beer,whole milk,rolls/buns,margarine,yogurt,cling film/bags,bottled water
tropical fruit,meat,citrus fruit,UHT-milk,other vegetables,beef,soda,whole milk,domestic eggs,processed cheese,root vegetables,fruit/vegetable juice,butter,canned beer,frozen vegetables,butter
soda,pip fruit,chicken,bottled beer,spices,canned beer,pastry,jam,whole milk,shopping bags,cat food,yogurt,soda,soda,seasonal products
detergent,other vegetables,newspapers,whole milk,other vegetables,canned beer,ketchup,newspapers,sliced cheese,shopping bags,pudding powder
fish,tropical fruit,other vegetables,tropical fruit,other vegetables,pork,hamburger meat,soda,red/blush wine,hamburger meat,rolls/buns,cream cheese ,popcorn,coffee,bottled beer,dishes,shopping bags,frozen vegetables,female sanitary products,shopping bags
canned beer,citrus fruit,beverages,curd,whipped/sour cream,root vegetables,pastry,coffee,pip fruit,other vegetables,flour,cream cheese ,pickled vegetables,bottled water
bottled beer,frankfurter,beverages,pip fruit,beverages,hard cheese,citrus fruit,fruit/vegetable juice,soda,shopping bags,newspapers
rolls/buns,bottled water,citrus fruit,soda,dessert,root vegetables,frozen vegetables,yogurt,citrus fruit,spices,whole milk,spread cheese,rolls/buns,white wine,bottled beer,fruit/vegetable juice,soda,rolls/buns
bottled water,tropical fruit,frankfurter,dessert,cream cheese ,root vegetables,cream cheese ,yogurt,margarine,softener,soda
meat,whipped/sour cream,pork,whole milk,other vegetables,whole milk,chocolate,onions,butter milk,meat spreads,cat food,soda,tropical fruit,bottled beer,rolls/buns,canned fish,tea,frozen vegetables
yogurt,chewing gum,chicken,beverages,butter,root vegetables,UHT-milk,coffee,bottled water,whole milk,seasonal products,canned beer,whole milk,sugar,oil
coffee,root vegetables,pork,herbs,pasta,turkey,yogurt,other vegetables,margarine,pip fruit,flour,yogurt,red/blush wine,hard cheese,soda,other vegetables,misc. beverages,frozen fish
frankfurter,soda,UHT-milk,pip fruit,beverages,liquor,mayonnaise,yogurt,rolls/buns,other vegetables,candles,onions,yogurt,soda,shopping bags,soda,whipped/sour cream,fruit/vegetable juice
pork,ham,canned beer,beef,specialty chocolate,dessert,yogurt,prosecco,hard cheese,fruit/vegetable juice,salty snack,baking powder,whipped/sour cream,rolls/buns,soda
herbs,pip fruit,chicken,sausage,seasonal products,berries,brown bread,butter,tropical fruit,pastry,other vegetables,brown bread,domestic eggs,yogurt,bottled water,onions,margarine,cake bar,fruit/vegetable juice,canned beer
sausage,shopping bags,sausage,other vegetables,condensed milk,canned beer,bottled beer,waffles,spread cheese,curd,other vegetables,bottled beer,bottled water,butter,dog food,abrasive cleaner,soda,roll products ,processed cheese
whole milk,tropical fruit,flower soil/fertilizer,tropical fruit,beef,soda,other vegetables,tropical fruit,newspapers,other vegetables
ham,chicken,hamburger meat,hamburger meat,other vegetables,canned beer,whole milk,frozen vegetables,margarine,salty snack,skin care,whipped/sour cream,domestic eggs
citrus fruit,whole milk,whole milk,other vegetables,berries,citrus fruit,beef,rolls/buns,shopping bags,tidbits,cream cheese ,cake bar,seasonal products,dental care,rolls/buns
other vegetables,curd,pork,other vegetables,whipped/sour cream,rolls/buns,rolls/buns,dessert,rolls/buns,soda,oil,cling film/bags
bottled beer,whole milk,other vegetables,sausage,tropical fruit,berries,pip fruit,candy,pip fruit,pork,yogurt,condensed milk,coffee,fruit/vegetable juice,oil,bottled water
bottled water,napkins,whole milk,chicken,curd,fruit/vegetable juice,hard cheese,detergent,baking powder,butter
citrus fruit,citrus fruit,whole milk,domestic eggs,pastry,herbs,tropical fruit,pork,newspapers,canned fish,chocolate,hamburger meat,chewing gum,newspapers,other vegetables,oil
tropical fruit,pork,other vegetables,pip fruit,photo/film,hard cheese,ice cream,salty snack,canned beer,chocolate
root vegetables,beef,beef,hygiene articles,dessert,whole milk,curd,canned beer,rolls/buns,pastry,margarine,red/blush wine
soda,root vegetables,frozen meals,other vegetables,root vegetables,liquor (appetizer),sugar,specialty chocolate,frozen vegetables,hygiene articles,soda
specialty bar,pork,canned beer,processed cheese,yogurt,specialty fat,rolls/buns,whole milk,yogurt,mustard,whole milk,long life bakery product,liquor (appetizer),oil,newspapers,popcorn,whipped/sour cream,misc. beverages
root vegetables,sausage,root vegetables,oil,tropical fruit,whole milk,chewing gum,tropical fruit,misc. beverages,frozen fish,brown bread
shopping bags,citrus fruit,whole milk,rolls/buns,other vegetables,whole milk,sliced cheese,candy,sliced cheese,frozen meals
hamburger meat,chicken,tropical fruit,prosecco,yogurt,frozen vegetables,brown bread,dessert,candy,whole milk
ice cream,sausage,whisky,beef,specialty chocolate,whole milk,dishes,yogurt,yogurt,napkins,detergent,pastry
liqueur,whole milk,other vegetables,whole milk,citrus fruit,beef,whole milk,whole milk,citrus fruit,hygiene articles,light bulbs,bottled beer,waffles,bottled beer,cat food
other vegetables,sausage,other vegetables,other vegetables,sliced cheese,frozen vegetables,whole milk,dessert,rolls/buns,sugar
beef,pip fruit,citrus fruit,hamburger meat,whole milk,frozen dessert,male cosmetics,yogurt,candles,newspapers
butter,chicken,whole milk,other vegetables,whipped/sour cream,fruit/vegetable juice,whisky,bottled water,other vegetables,flour,soda,waffles
hamburger meat,pork,butter milk,curd,root vegetables,seasonal products,margarine,whipped/sour cream,brown bread,shopping bags
root vegetables,citrus fruit,whole milk,root vegetables,hard cheese,margarine,bottled water,roll products ,pastry,yogurt
pork,rolls/buns,pip fruit,soda,canned beer,finished products,citrus fruit,rolls/buns,other vegetables,other vegetables,salty snack,misc. beverages
other vegetables,beverages,bottled beer,coffee,curd,soda,UHT-milk,domestic eggs,chocolate,rolls/buns,soda,salty snack,other vegetables,pastry,pastry
UHT-milk,beef,soda,other vegetables,other vegetables,other vegetables,cake bar,soda,oil,bottled water,butter
finished products,soft cheese,mayonnaise,root vegetables,pip fruit,root vegetables,bottled beer,processed cheese,coffee,canned fruit
pork,hamburger meat,tropical fruit,bottled beer,specialty bar,pork,rolls/buns,cat food,whole milk,other vegetables,canned beer,sparkling wine,artif. sweetener,packaged fruit/vegetables
frankfurter,photo/film,citrus fruit,pip fruit,pork,tropical fruit,butter,rolls/buns,liquor (appetizer),pastry,misc. beverages,frozen potato products,bottled beer,sweet spreads,long life bakery product,rolls/buns
frankfurter,waffles,other vegetables,other vegetables,root vegetables,margarine,whole milk,other vegetables,whipped/sour cream,canned beer
bottled water,cleaner,root vegetables,photo/film,frozen vegetables,cream cheese ,pip fruit,chewing gum,bottled beer,whole milk,fruit/vegetable juice,hygiene articles,pastry,newspapers
meat,soda,canned beer,yogurt,rolls/buns,whole milk,condensed milk,butter,cleaner,beverages,other vegetables,canned beer,brown bread,yogurt,rolls/buns,misc. beverages,butter milk,whole milk,pastry
ham,frankfurter,sausage,chicken,sausage,whole milk,whole milk,butter,butter,bottled water,brown bread,coffee,bottled water
bottled beer,tropical fruit,soft cheese,root vegetables,butter,frozen vegetables,shopping bags,chewing gum,frozen vegetables,whole milk,chocolate marshmallow,hard cheese,brown bread,cling film/bags
rolls/buns,butter,whole milk,tropical fruit,pickled vegetables,chocolate,soda,root vegetables,long life bakery product,whole milk,butter,soda
pip fruit,tropical fruit,other vegetables,meat,pickled vegetables,rice,root vegetables,root vegetables,hard cheese,yogurt,jam,UHT-milk,bottled beer,beverages,soft cheese,long life bakery product,flower (seeds)
sausage,pork,newspapers,grapes,rolls/buns,rolls/buns,pastry,red/blush wine,whole milk,rolls/buns
brown bread,canned beer,pastry,yogurt,domestic eggs,soda,butter,yogurt,ice cream,newspapers,domestic eggs,shopping bags
pork,whole milk,sausage,roll products ,dessert,packaged fruit/vegetables,pastry,brown bread,pastry,root vegetables,root vegetables,rolls/buns,root vegetables,mayonnaise,bottled beer
whole milk,ham,house keeping products,pip fruit,bottled beer,berries,hair spray,rolls/buns,butter,yogurt,pickled vegetables,processed cheese,frozen vegetables,condensed milk,pastry,curd,canned beer,sliced cheese
canned beer,domestic eggs,rolls/buns,rolls/buns,roll products ,root vegetables,whipped/sour cream,soda,yogurt,flower (seeds)
sausage,tropical fruit,pork,liquor (appetizer),curd,whole milk,root vegetables,whipped/sour cream,onions,condensed milk
canned beer,yogurt,other vegetables,sausage,rolls/buns,dessert,bottled water,rolls/buns,berries,rolls/buns,whole milk,onions,processed cheese,frozen vegetables,sliced cheese,domestic eggs
citrus fruit,bottled water,berries,chicken,hard cheese,butter,other vegetables,rolls/buns,root vegetables,soft cheese,dish cleaner
other vegetables,citrus fruit,other vegetables,hard cheese,brown bread,hard cheese,curd,coffee,rolls/buns,salty snack,root vegetables,margarine,napkins
onions,pork,hamburger meat,waffles,liquor (appetizer),citrus fruit,whole milk,ice cream,soda,soda,other vegetables,popcorn,other vegetables,yogurt,rolls/buns,baking powder,sliced cheese,brown bread,fruit/vegetable juice,brown bread,specialty chocolate,bottled water,rolls/buns,napkins,shopping bags
chicken,condensed milk,other vegetables,hamburger meat,whipped/sour cream,whole milk,flower (seeds),onions,rolls/buns,salty snack,other vegetables,candy,butter,rolls/buns,cream cheese ,organic products,soda
onions,sliced cheese,curd,citrus fruit,frozen vegetables,root vegetables,rice,coffee,other vegetables,canned fish
citrus fruit,pip fruit,ice cream,root vegetables,tropical fruit,curd,specialty chocolate,popcorn,soda,white wine,frozen vegetables,canned beer,whipped/sour cream,bottled water,red/blush wine,bottled water,rolls/buns,specialty chocolate
yogurt,hard cheese,whipped/sour cream,other vegetables,yogurt,whole milk,pasta,butter,white wine,UHT-milk,domestic eggs,sugar,soda,rolls/buns,fruit/vegetable juice,semi-finished bread,margarine
dishes,pork,whole milk,whole milk,brown bread,oil,bottled beer,whole milk,onions,shopping bags
butter milk,root vegetables,newspapers,whole milk,berries,citrus fruit,newspapers,whipped/sour cream,roll products ,napkins,salt,cake bar,rice
soda,sliced cheese,frankfurter,bottled water,sausage,sliced cheese,citrus fruit,pip fruit,sugar,liquor,pastry,pastry,newspapers,cat food,dessert,brown bread,fruit/vegetable juice,bottled water,newspapers,hygiene articles,honey
hamburger meat,tropical fruit,soda,liquor (appetizer),yogurt,liver loaf,root vegetables,yogurt,dessert,domestic eggs,white wine,photo/film
beef,other vegetables,other vegetables,photo/film,butter milk,yogurt,whipped/sour cream,candy,whole milk,soda,whole milk,shopping bags,fruit/vegetable juice
bottled water,canned beer,whole milk,chicken,other vegetables,tropical fruit,dish cleaner,ketchup,sweet spreads,margarine
pork,chicken,waffles,meat,citrus fruit,rolls/buns,specialty bar,chewing gum,curd,bottled beer,waffles,hygiene articles,female sanitary products,baking powder,shopping bags
chicken,pork,frozen fish,packaged fruit/vegetables,cream cheese ,mayonnaise,soda,bottled beer,whipped/sour cream,yogurt,whole milk,sparkling wine,flour
sausage,sausage,tropical fruit,white bread,butter,frozen fish,coffee,yogurt,bottled beer,fruit/vegetable juice,rolls/buns,sliced cheese,salty snack,white wine
whole milk,citrus fruit,other vegetables,sugar,whole milk,canned beer,newspapers,pip fruit,spread cheese,popcorn,specialty bar,whipped/sour cream,baking powder
coffee,canned beer,sausage,pet care,butter,whipped/sour cream,newspapers,root vegetables,napkins,other vegetables,kitchen towels,shopping bags
sausage,whole milk,condensed milk,hard cheese,whole milk,rolls/buns,cream cheese ,hard cheese,yogurt,bottled beer,dessert,semi-finished bread,house keeping products
butter milk,turkey,artif. sweetener,bottled water,other vegetables,waffles,specialty bar,butter milk,butter,bottled water,soda
canned beer,frankfurter,rice,baking powder,pip fruit,bottled water,UHT-milk,chewing gum,butter,hard cheese,soda,candy,rolls/buns,hygiene articles
citrus fruit,frankfurter,pip fruit,whole milk,root vegetables,soda,chicken,specialty bar,canned beer,newspapers,fruit/vegetable juice,citrus fruit,soda,margarine,cake bar,flower (seeds),bottled water,shopping bags,newspapers,domestic eggs,sugar
margarine,sausage,root vegetables,brown bread,whole milk,dessert,onions,whipped/sour cream,white bread,spread cheese
sausage,pork,citrus fruit,butter,brown bread,waffles,whole milk,cream cheese ,domestic eggs,flower (seeds),waffles,oil
chicken,tropical fruit,frankfurter,dishes,specialty chocolate,curd,citrus fruit,canned fish,frozen fish,whole milk,semi-finished bread,beverages
shopping bags,pork,hamburger meat,processed cheese,canned fish,whole milk,onions,coffee,dishes,bottled beer,canned beer
tropical fruit,bottled beer,sausage,whipped/sour cream,pip fruit,domestic eggs,rolls/buns,long life bakery product,whole milk,other vegetables,chocolate,other vegetables,skin care
other vegetables,whole milk,bottled water,soda,other vegetables,soda,oil,pastry,curd,other vegetables,fruit/vegetable juice,fruit/vegetable juice,newspapers,coffee
sausage,whole milk,curd,domestic eggs,popcorn,fruit/vegetable juice,canned fruit,yogurt,other vegetables,whole milk,soda,soda
pastry,waffles,rolls/buns,butter,other vegetables,whole milk,dental care,shopping bags,frozen meals,house keeping products,cream cheese ,frozen vegetables
photo/film,canned beer,newspapers,other vegetables,salty snack,curd,curd,white wine,canned beer,whole milk,hygiene articles
pip fruit,frozen meals,root vegetables,root vegetables,frankfurter,root vegetables,pip fruit,frozen meals,hamburger meat,dish cleaner,sugar,white wine,other vegetables,whipped/sour cream,processed cheese,soda,abrasive cleaner,spread cheese,soda
bottled beer,ham,pet care,bottled water,other vegetables,pork,whole milk,newspapers,flour,oil,dog food,brown bread
whole milk,pip fruit,coffee,canned fish,mustard,zwieback,salty snack,root vegetables,organic sausage,yogurt,pastry,rolls/buns,butter,oil,white bread,soft cheese,newspapers
finished products,pip fruit,pork,chicken,rolls/buns,curd,pork,curd,chocolate,male cosmetics,UHT-milk,whipped/sour cream,cat food,whole milk,soap,semi-finished bread
beverages,soda,sausage,tropical fruit,yogurt,curd,liquor,whole milk,canned beer,rolls/buns,other vegetables,margarine,baking powder,flour,candy
canned beer,pork,candles,beverages,rolls/buns,sugar,misc. beverages,specialty bar,other vegetables,long life bakery product,other vegetables,make up remover,rolls/buns,butter,frozen vegetables,specialty chocolate,curd,curd
rolls/buns,pork,pastry,other vegetables,soda,pot plants,baking powder,pickled vegetables,newspapers,brown bread,Instant food products
citrus fruit,whole milk,pip fruit,citrus fruit,ham,ketchup,roll products ,other vegetables,seasonal products,berries,brown bread,hard cheese,dog food
tropical fruit,sausage,sausage,chicken,bottled beer,curd,whipped/sour cream,misc. beverages,sparkling wine,waffles,fruit/vegetable juice,mayonnaise
frankfurter,bottled water,hamburger meat,chicken,tropical fruit,canned beer,UHT-milk,whole milk,cocoa drinks,onions,liquor,other vegetables,whole milk,whole milk,canned fruit,UHT-milk,potato products,UHT-milk,canned fish,bottled beer
soft cheese,soda,frozen meals,other vegetables,other vegetables,pet care,root vegetables,root vegetables,rolls/buns,frozen dessert,fruit/vegetable juice,yogurt,brown bread,root vegetables,margarine,shopping bags,white bread
whole milk,canned beer,whole milk,bottled beer,soda,whole milk,pip fruit,yogurt,waffles,fruit/vegetable juice,bottled beer,whole milk,coffee,chocolate
other vegetables,citrus fruit,citrus fruit,other vegetables,pork,frozen vegetables,cat food,make up remover,herbs,curd,spices,soda
sausage,liver loaf,berries,white wine,candy,herbs,dish cleaner,white bread,canned beer,butter,spread cheese,pastry,whole milk,dishes,napkins,white wine,brown bread
rolls/buns,ham,pot plants,whole milk,sliced cheese,whole milk,newspapers,fruit/vegetable juice,brown bread,pickled vegetables,misc. beverages
margarine,soda,whole milk,whole milk,house keeping products,cling film/bags,sugar,bottled water,margarine,chocolate,chocolate,frozen vegetables,frozen fruits,long life bakery product
chicken,pork,waffles,frankfurter,salty snack,beef,pip fruit,beef,pip fruit,tropical fruit,other vegetables,pastry,potato products,white wine,shopping bags,pudding powder,potato products,bottled water,whipped/sour cream,shopping bags,bottled water,detergent
sausage,sausage,chicken,bottled water,pastry,tropical fruit,whole milk,misc. beverages,detergent,white wine,butter milk,sweet spreads,whole milk,napkins
hamburger meat,sausage,citrus fruit,tropical fruit,other vegetables,white bread,misc. beverages,bottled water,spread cheese,sugar,misc. beverages
ham,whole milk,turkey,ice cream,tropical fruit,pastry,herbs,herbs,condensed milk,white wine,whipped/sour cream,newspapers,soups,instant coffee,chewing gum,whole milk,yogurt
white bread,whole milk,tropical fruit,fruit/vegetable juice,white bread,whole milk,newspapers,chocolate,yogurt,rolls/buns,pastry,canned beer,whole milk
beef,frankfurter,tropical fruit,chicken,canned beer,pip fruit,brown bread,canned beer,curd,frozen vegetables,napkins,newspapers,misc. beverages,skin care
chicken,nut snack,UHT-milk,citrus fruit,rolls/buns,bottled water,whole milk,other vegetables,whole milk,newspapers,soft cheese,butter,brown bread,soda,shopping bags,processed cheese,frozen dessert,yogurt,tea,soda,pastry,spices,condensed milk,soda,brown bread,chewing gum,light bulbs,napkins
sausage,bottled beer,root vegetables,sausage,ham,dessert,butter,cream cheese ,butter,domestic eggs,brown bread,other vegetables,pastry,canned beer,brown bread,spread cheese
rolls/buns,misc. beverages,tropical fruit,soft cheese,ice cream,tropical fruit,shopping bags,butter,frozen vegetables,coffee,dog food,brown bread,popcorn,hygiene articles,cream cheese ,white wine
pork,tropical fruit,root vegetables,domestic eggs,other vegetables,pork,root vegetables,curd,whole milk,canned vegetables,frozen vegetables,dessert,salt,cream cheese ,fruit/vegetable juice,nut snack
pork,waffles,misc. beverages,whole milk,tropical fruit,pork,canned beer,bottled water,newspapers,whipped/sour cream,frozen vegetables,newspapers,cream cheese ,mustard
sausage,citrus fruit,other vegetables,other vegetables,pork,other vegetables,citrus fruit,frozen vegetables,waffles,jam,rolls/buns,bottled beer,cat food,fruit/vegetable juice
pip fruit,pip fruit,frankfurter,sausage,soda,whole milk,other vegetables,napkins,chocolate,chewing gum,rolls/buns,coffee
berries,other vegetables,rolls/buns,soda,ham,pork,other vegetables,domestic eggs,root vegetables,bottled water,butter,other vegetables,citrus fruit,bottled water,other vegetables,butter,cling film/bags,whipped/sour cream
ham,fruit/vegetable juice,sausage,rolls/buns,root vegetables,tropical fruit,root vegetables,root vegetables,female sanitary products,whole milk,specialty bar,cat food,detergent,newspapers
soda,pork,berries,other vegetables,tropical fruit,pip fruit,whole milk,whole milk,yogurt,soda,bottled water
tropical fruit,red/blush wine,onions,dessert,root vegetables,pot plants,curd,soap,rolls/buns,cream cheese 
whole milk,herbs,meat,bottled beer,long life bakery product,root vegetables,pork,soda,dessert,coffee,hygiene articles,root vegetables,chewing gum,domestic eggs,yogurt,pickled vegetables
tropical fruit,salty snack,other vegetables,other vegetables,root vegetables,turkey,jam,curd,whipped/sour cream,yogurt,other vegetables,mustard,frozen potato products,canned beer,margarine,bottled beer,dental care,abrasive cleaner
canned beer,frankfurter,chicken,root vegetables,fruit/vegetable juice,salty snack,flour,yogurt,house keeping products,bottled water
chicken,sausage,rolls/buns,whole milk,yogurt,pip fruit,roll products ,rolls/buns,pip fruit,bottled water,softener
bottled beer,sauces,whole milk,UHT-milk,other vegetables,root vegetables,ice cream,rice,brown bread,domestic eggs,hygiene articles,soap,pastry
pork,whole milk,brown bread,bathroom cleaner,root vegetables,newspapers,cat food,popcorn,shopping bags,hygiene articles
other vegetables,whole milk,rolls/buns,frozen vegetables,rolls/buns,brown bread,rolls/buns,rolls/buns,salty snack,whipped/sour cream,cake bar
soda,pip fruit,beef,root vegetables,candles,UHT-milk,margarine,specialty cheese,rolls/buns,curd,baking powder
pork,bottled beer,curd,whole milk,pudding powder,specialty bar,canned beer,yogurt,baking powder,domestic eggs,newspapers
frankfurter,tropical fruit,margarine,berries,popcorn,root vegetables,soda,fruit/vegetable juice,pastry,yogurt,coffee,butter,brown bread,domestic eggs,baking powder,salty snack,bottled beer,soda,chewing gum,white bread
soda,citrus fruit,beef,frozen dessert,root vegetables,tea,canned fish,ice cream,oil,pasta
whipped/sour cream,sausage,ham,grapes,pip fruit,shopping bags,whipped/sour cream,other vegetables,butter,hard cheese,soda,soda,detergent
soda,rolls/buns,grapes,frozen potato products,yogurt,rolls/buns,white wine,canned fish,whole milk,rolls/buns,white bread
sugar,domestic eggs,rolls/buns,shopping bags,root vegetables,whole milk,frozen vegetables,shopping bags,white wine,shopping bags,fruit/vegetable juice,curd
berries,fruit/vegetable juice,domestic eggs,ice cream,other vegetables,rolls/buns,soda,frozen meals,soft cheese,whole milk,meat spreads,soda,bottled beer,root vegetables,shopping bags,bottled beer
tropical fruit,soda,beef,sausage,butter milk,citrus fruit,spread cheese,brandy,shopping bags,bottled water,waffles
finished products,misc. beverages,pork,beef,yogurt,beef,whole milk,domestic eggs,sparkling wine,whole milk,other vegetables,domestic eggs,baking powder,mustard,whipped/sour cream,whipped/sour cream,semi-finished bread,fruit/vegetable juice
herbs,pip fruit,sausage,brown bread,candy,whole milk,whole milk,soda,root vegetables,canned beer,pot plants,brown bread,frozen dessert
yogurt,rolls/buns,root vegetables,pip fruit,citrus fruit,root vegetables,pastry,soda,pastry,cake bar,canned fish
turkey,canned beer,yogurt,onions,soda,fruit/vegetable juice,other vegetables,margarine,rolls/buns,fruit/vegetable juice
coffee,root vegetables,rolls/buns,hygiene articles,whole milk,semi-finished bread,yogurt,margarine,cream cheese ,napkins
onions,beef,whole milk,root vegetables,pastry,shopping bags,baking powder,dog food,soda,shopping bags,newspapers,rolls/buns
pork,citrus fruit,pork,berries,cat food,brown bread,other vegetables,yogurt,domestic eggs,napkins,misc. beverages,fruit/vegetable juice
soda,beverages,coffee,candy,white wine,other vegetables,domestic eggs,UHT-milk,cream cheese ,soft cheese,white bread,meat spreads,brown bread,soda,ketchup
pork,pork,yogurt,whole milk,tropical fruit,frozen vegetables,sweet spreads,grapes,whole milk,pickled vegetables,other vegetables,whole milk,soft cheese,soda,brandy
berries,pork,rolls/buns,bottled water,whole milk,brown bread,yogurt,hard cheese,rolls/buns,waffles
root vegetables,photo/film,liquor (appetizer),white wine,white bread,yogurt,bottled beer,bottled beer,soda,fruit/vegetable juice,whipped/sour cream,tropical fruit,frozen dessert,pastry
other vegetables,photo/film,whole milk,soda,rolls/buns,whole milk,whipped/sour cream,liquor (appetizer),detergent,citrus fruit,whole milk,cake bar,frozen vegetables,rolls/buns,soda,newspapers
whole milk,yogurt,pastry,pork,other vegetables,bottled beer,pip fruit,whipped/sour cream,yogurt,waffles,yogurt,decalcifier,margarine
root vegetables,salty snack,pip fruit,sausage,soda,whole milk,canned beer,rolls/buns,newspapers,roll products ,shopping bags
pork,semi-finished bread,hamburger meat,whole milk,rolls/buns,root vegetables,sugar,pip fruit,frozen vegetables,berries,other vegetables,fruit/vegetable juice
tropical fruit,rolls/buns,canned beer,other vegetables,white bread,pastry,soda,root vegetables,rolls/buns,butter,brown bread,pasta,artif. sweetener,soda
whole milk,frankfurter,whipped/sour cream,rolls/buns,chocolate,chewing gum,pip fruit,yogurt,yogurt,margarine,hard cheese,butter,napkins
other vegetables,frankfurter,honey,bottled water,fruit/vegetable juice,berries,yogurt,root vegetables,spices,bottled beer,chocolate,pastry
beef,newspapers,other vegetables,cream cheese ,yogurt,soda,sliced cheese,yogurt,napkins,shopping bags
pip fruit,chocolate,turkey,salt,sliced cheese,root vegetables,tropical fruit,bottled water,rolls/buns,whipped/sour cream,napkins,napkins,chocolate,hygiene articles
beef,frankfurter,citrus fruit,root vegetables,tropical fruit,margarine,chicken,dessert,curd,whole milk,skin care,frozen vegetables,pip fruit,margarine,butter,packaged fruit/vegetables
other vegetables,whole milk,frankfurter,waffles,chicken,chewing gum,soft cheese,white bread,domestic eggs,whipped/sour cream,dish cleaner,specialty fat,bathroom cleaner,soft cheese
pork,pip fruit,grapes,sparkling wine,root vegetables,whole milk,other vegetables,canned beer,pastry,margarine,frozen fish,baking powder
hamburger meat,bottled water,citrus fruit,beef,processed cheese,coffee,packaged fruit/vegetables,bottled beer,salty snack,yogurt,frozen dessert,misc. beverages
tropical fruit,chicken,citrus fruit,sausage,whole milk,frozen meals,snack products,white bread,coffee,grapes,newspapers,seasonal products,light bulbs,hygiene articles,yogurt,soups,seasonal products
canned beer,whole milk,sausage,tropical fruit,root vegetables,coffee,female sanitary products,candy,salty snack,butter
bottled beer,shopping bags,beverages,butter,whole milk,dishes,margarine,butter milk,specialty chocolate,white bread,margarine,rolls/buns
brown bread,beverages,citrus fruit,turkey,soda,cake bar,pet care,bottled water,whipped/sour cream,frozen dessert,specialty cheese,red/blush wine,napkins,shopping bags
hygiene articles,ice cream,rolls/buns,whole milk,dessert,salty snack,candy,curd,bottled beer,newspapers,onions
yogurt,waffles,berries,tropical fruit,soft cheese,rolls/buns,hamburger meat,root vegetables,hard cheese,whole milk,pickled vegetables,pip fruit,pet care,hygiene articles,sugar
sausage,canned beer,citrus fruit,whole milk,white wine,root vegetables,napkins,pastry,soft cheese,rolls/buns,sparkling wine
frankfurter,butter,rolls/buns,hamburger meat,tropical fruit,root vegetables,cream cheese ,flour,dessert,bottled water,dessert
beef,ice cream,bottled beer,misc. beverages,frozen vegetables,pip fruit,pip fruit,whole milk,oil,female sanitary products,butter,bottled water,zwieback,soft cheese,fruit/vegetable juice,soda,mustard,canned beer,sauces,shopping bags
rolls/buns,brown bread,white bread,cream cheese ,whole milk,rolls/buns,whole milk,dog food,pastry,yogurt,frozen vegetables,frozen meals,potato products
canned beer,bottled water,frankfurter,whole milk,curd,shopping bags,domestic eggs,hard cheese,domestic eggs,cat food,butter
frankfurter,beef,other vegetables,yogurt,sugar,rolls/buns,ice cream,cake bar,bottled water,whole milk,dish cleaner
root vegetables,chocolate,whole milk,soda,other vegetables,mustard,white wine,yogurt,candy,frozen vegetables,newspapers,whole milk
hamburger meat,citrus fruit,tropical fruit,canned beer,root vegetables,whipped/sour cream,hard cheese,waffles,whole milk,sugar,coffee,soda,rum
hamburger meat,citrus fruit,frankfurter,onions,frankfurter,other vegetables,whole milk,soda,salty snack,fruit/vegetable juice,brown bread,other vegetables,yogurt,candy,salty snack
frankfurter,pasta,hamburger meat,yogurt,pastry,canned beer,frozen meals,domestic eggs,frozen potato products,kitchen towels
newspapers,soda,citrus fruit,tropical fruit,soda,hard cheese,canned beer,whole milk,domestic eggs,cream cheese 
white bread,whipped/sour cream,bottled beer,root vegetables,sausage,domestic eggs,chicken,male cosmetics,yogurt,rolls/buns,berries,packaged fruit/vegetables,whipped/sour cream,soda,frozen meals,curd,specialty bar
whole milk,citrus fruit,frozen meals,whole milk,chicken,shopping bags,yogurt,whole milk,yogurt,frozen vegetables,domestic eggs,newspapers
fish,salty snack,soda,citrus fruit,butter,whole milk,ham,bottled water,bottled beer,yogurt,bottled beer,berries,butter milk,napkins,UHT-milk,coffee,zwieback,curd,napkins,specialty chocolate
pip fruit,finished products,curd,yogurt,brown bread,pip fruit,brown bread,prosecco,bottled water,salt,dishes,domestic eggs
pork,tropical fruit,domestic eggs,hamburger meat,whipped/sour cream,sausage,UHT-milk,newspapers,rolls/buns,toilet cleaner,hygiene articles,whipped/sour cream,rolls/buns,waffles
bottled water,whipped/sour cream,detergent,frozen meals,meat,ice cream,domestic eggs,white bread,yogurt,rolls/buns,pasta,pastry,white bread,chocolate marshmallow,fruit/vegetable juice
onions,pork,root vegetables,herbs,rolls/buns,vinegar,other vegetables,vinegar,napkins,chocolate,dessert,cleaner,pastry
chicken,beef,other vegetables,whole milk,sausage,ice cream,onions,frozen vegetables,whole milk,finished products,whole milk,chewing gum,fruit/vegetable juice,butter,waffles,flower (seeds),chewing gum
citrus fruit,beef,tropical fruit,pork,beef,tropical fruit,salty snack,yogurt,abrasive cleaner,curd,pasta,shopping bags
butter milk,pork,frankfurter,other vegetables,yogurt,butter,bottled water,chicken,soda,soda,beef,root vegetables,yogurt,yogurt,whipped/sour cream,shopping bags,margarine,dog food,chewing gum,beverages,hamburger meat,whole milk,shopping bags,grapes,coffee,soft cheese,detergent
chicken,sausage,frozen vegetables,whole milk,root vegetables,soda,margarine,canned beer,whipped/sour cream,soda,rolls/buns,brown bread
beef,white wine,hygiene articles,butter,UHT-milk,butter milk,root vegetables,sugar,soda,pastry
hamburger meat,bottled water,sausage,other vegetables,citrus fruit,whole milk,root vegetables,hamburger meat,rolls/buns,specialty bar,other vegetables,soda,sugar
rolls/buns,fruit/vegetable juice,rolls/buns,soda,root vegetables,butter,other vegetables,beef,root vegetables,vinegar,pet care,yogurt
sausage,rum,sliced cheese,pip fruit,domestic eggs,ice cream,onions,long life bakery product,whole milk,domestic eggs
tropical fruit,specialty chocolate,tropical fruit,tropical fruit,soda,dessert,curd,sweet spreads,soda,female sanitary products
brandy,tropical fruit,sausage,whole milk,grapes,whole milk,ice cream,other vegetables,bottled water,sweet spreads,brown bread,coffee
misc. beverages,bottled beer,artif. sweetener,tropical fruit,long life bakery product,flower (seeds),newspapers,yogurt,fruit/vegetable juice,berries,salty snack,whipped/sour cream,soda,specialty chocolate,bottled water,misc. beverages
whole milk,chewing gum,salty snack,candy,sugar,pip fruit,rolls/buns,whole milk,chewing gum,bottled water,cream cheese 
sausage,sausage,canned beer,frankfurter,yogurt,canned beer,brown bread,frozen vegetables,tropical fruit,detergent,misc. beverages,semi-finished bread,UHT-milk,flour
yogurt,whole milk,whole milk,white bread,yogurt,chewing gum,oil,bottled water,ready soups,curd
tropical fruit,frankfurter,whole milk,whipped/sour cream,shopping bags,sausage,hard cheese,soda,whipped/sour cream,curd,curd,root vegetables,whole milk,whole milk,bottled water,shopping bags,cake bar
newspapers,beef,root vegetables,hard cheese,root vegetables,citrus fruit,processed cheese,pastry,bottled water,margarine,flower soil/fertilizer,whole milk,soda,canned vegetables,condensed milk,curd,potato products,soda
tropical fruit,zwieback,sausage,frankfurter,turkey,root vegetables,white bread,spread cheese,pet care,salt,soda,bathroom cleaner
meat,sausage,hamburger meat,other vegetables,whole milk,baking powder,pastry,brown bread,rolls/buns,sugar,pastry,canned beer
sausage,soda,rolls/buns,frozen meals,other vegetables,bottled water,UHT-milk,root vegetables,onions,pasta,long life bakery product,canned beer,fruit/vegetable juice,curd,pastry
pip fruit,UHT-milk,canned beer,other vegetables,pork,whipped/sour cream,white bread,candy,cream cheese ,bottled beer,pastry,hygiene articles
liver loaf,pip fruit,whole milk,soda,fruit/vegetable juice,curd,ice cream,margarine,detergent,rolls/buns
ham,frozen meals,sausage,sausage,whole milk,citrus fruit,curd,UHT-milk,curd,canned beer,brown bread,other vegetables,other vegetables,fruit/vegetable juice,butter,bottled water,frozen vegetables,chocolate
sausage,sausage,yogurt,chicken,sausage,sugar,canned beer,frozen vegetables,frozen dessert,whole milk,spices,butter,packaged fruit/vegetables
frozen vegetables,other vegetables,berries,white bread,meat,whole milk,pork,candy,UHT-milk,soda,newspapers
frankfurter,citrus fruit,other vegetables,margarine,other vegetables,yogurt,frozen vegetables,butter milk,soda,margarine,chewing gum,instant coffee
beverages,tropical fruit,canned vegetables,domestic eggs,citrus fruit,rolls/buns,soda,napkins,fish,butter milk,cleaner,canned beer,roll products ,dishes
sausage,sugar,sausage,frankfurter,citrus fruit,newspapers,frozen vegetables,curd,pastry,soda,yogurt,whipped/sour cream,brown bread,bottled water,curd cheese,rolls/buns
bottled beer,frankfurter,liver loaf,hamburger meat,root vegetables,bottled water,shopping bags,pastry,cream cheese ,soda
frankfurter,rolls/buns,canned beer,whole milk,pip fruit,sausage,other vegetables,rolls/buns,frozen vegetables,root vegetables,white wine,rolls/buns,sweet spreads
tropical fruit,tropical fruit,sausage,frankfurter,frozen fish,dog food,domestic eggs,sweet spreads,pastry,mustard,whipped/sour cream,soda
yogurt,frankfurter,pip fruit,frozen meals,misc. beverages,house keeping products,whole milk,frozen vegetables,other vegetables,whipped/sour cream,chocolate,tea
tropical fruit,chicken,yogurt,whole milk,root vegetables,onions,packaged fruit/vegetables,rolls/buns,pasta,white bread,rolls/buns
frankfurter,frankfurter,rolls/buns,whole milk,tropical fruit,condensed milk,whole milk,canned fish,rolls/buns,shopping bags,pasta,bottled water,specialty bar,napkins,bottled beer
root vegetables,tropical fruit,citrus fruit,frankfurter,grapes,whole milk,other vegetables,bottled water,white bread,mayonnaise,whipped/sour cream,butter milk,dishes,dishes
canned beer,ice cream,sausage,grapes,whole milk,whole milk,whole milk,other vegetables,fruit/vegetable juice,rolls/buns,shopping bags,butter milk,bottled water,whole milk,spices,whipped/sour cream,cereals,artif. sweetener,cookware
whole milk,soda,cream cheese ,meat,bottled water,pastry,chocolate marshmallow,yogurt,spread cheese,pastry
rolls/buns,whole milk,frozen vegetables,yogurt,chicken,butter,frozen vegetables,butter,napkins,shopping bags,rolls/buns,liquor (appetizer)
rolls/buns,chicken,soda,brown bread,onions,whole milk,candy,other vegetables,soda,pip fruit,rolls/buns,butter,red/blush wine,canned fish,frozen meals,sliced cheese
canned beer,pip fruit,yogurt,misc. beverages,coffee,bottled water,hamburger meat,curd cheese,other vegetables,pastry,oil,whole milk,sauces,newspapers
whole milk,canned beer,sausage,hamburger meat,whole milk,bottled beer,cookware,yogurt,butter milk,rolls/buns
frankfurter,grapes,berries,tropical fruit,soda,seasonal products,butter,cake bar,soda,long life bakery product,soda,tea,cat food,detergent,rum
bottled beer,tropical fruit,brown bread,pork,sliced cheese,dishes,fruit/vegetable juice,rolls/buns,salt,domestic eggs
other vegetables,frankfurter,semi-finished bread,tropical fruit,coffee,napkins,pastry,other vegetables,red/blush wine,whipped/sour cream
pip fruit,whole milk,pork,whole milk,rolls/buns,brown bread,shopping bags,whole milk,yogurt,yogurt,chocolate,newspapers
curd,canned beer,root vegetables,frankfurter,processed cheese,whole milk,bottled water,brown bread,rolls/buns,pip fruit,pickled vegetables,newspapers,frozen vegetables,pudding powder
bottled beer,pork,jam,mustard,brown bread,male cosmetics,yogurt,dessert,yogurt,rolls/buns,cat food,bottled beer,soda
tropical fruit,flower soil/fertilizer,tropical fruit,root vegetables,specialty bar,yogurt,red/blush wine,flour,specialty bar,berries,rice,rolls/buns,napkins,yogurt,processed cheese,mayonnaise
pork,ice cream,pork,liver loaf,other vegetables,white bread,yogurt,margarine,grapes,other vegetables,bottled beer,butter,UHT-milk,dog food
hamburger meat,whole milk,rolls/buns,fruit/vegetable juice,chicken,pip fruit,canned beer,berries,other vegetables,salty snack,coffee
sausage,meat,whole milk,soda,root vegetables,whole milk,bottled beer,dessert,fruit/vegetable juice,UHT-milk,margarine,UHT-milk,chocolate,frozen vegetables,frozen vegetables,pastry
bottled water,sausage,tropical fruit,whole milk,grapes,other vegetables,whole milk,whole milk,other vegetables,frozen vegetables,frozen vegetables,margarine,vinegar
pet care,ice cream,citrus fruit,brown bread,photo/film,pastry,candy,onions,dish cleaner,vinegar,canned beer
cookware,citrus fruit,whole milk,sausage,soda,white bread,cat food,spices,bottled water,shopping bags,brown bread,bottled beer,bottled water,napkins
pip fruit,canned beer,yogurt,curd,fruit/vegetable juice,pot plants,pork,beverages,root vegetables,condensed milk,other vegetables,pastry,pastry,dental care,bottled water
bottled water,other vegetables,frankfurter,tropical fruit,root vegetables,pip fruit,beef,newspapers,butter,white bread,soda,seasonal products,red/blush wine,hygiene articles,chocolate
berries,canned beer,specialty bar,rolls/buns,dessert,ice cream,frozen potato products,waffles,specialty chocolate,other vegetables,whipped/sour cream,whipped/sour cream,white bread
pip fruit,frankfurter,white bread,brown bread,onions,bottled beer,whipped/sour cream,rolls/buns,pastry,cat food,pastry
other vegetables,pip fruit,root vegetables,canned beer,rolls/buns,whole milk,other vegetables,hygiene articles,whole milk,whole milk,frozen fish,red/blush wine,chocolate,shopping bags,dish cleaner,packaged fruit/vegetables,tropical fruit,rolls/buns,cling film/bags,chocolate,pastry
pip fruit,nuts/prunes,chicken,root vegetables,tropical fruit,dog food,whole milk,chocolate,white wine,UHT-milk,bottled beer,waffles,coffee,whipped/sour cream,bottled water,seasonal products
whole milk,chicken,pork,root vegetables,coffee,soda,cleaner,roll products ,root vegetables,packaged fruit/vegetables,whole milk
chocolate,whole milk,pip fruit,other vegetables,berries,sliced cheese,domestic eggs,rolls/buns,canned vegetables,whole milk,fruit/vegetable juice,beverages,whole milk,baking powder,pastry,oil,detergent,hygiene articles,detergent,napkins
canned beer,beef,whole milk,pastry,margarine,hamburger meat,whole milk,bottled beer,detergent,whipped/sour cream,dishes,canned vegetables
sausage,citrus fruit,butter milk,other vegetables,brown bread,pork,rolls/buns,citrus fruit,brown bread,whole milk,light bulbs
citrus fruit,whole milk,butter,mustard,pickled vegetables,cake bar,canned beer,ice cream,soda,fruit/vegetable juice,pastry
pork,other vegetables,liquor,UHT-milk,rolls/buns,domestic eggs,brown bread,cleaner,whole milk,newspapers
dish cleaner,whole milk,dishes,onions,yogurt,whole milk,flower (seeds),domestic eggs,onions,cream cheese ,fruit/vegetable juice,flour,sugar,white bread,canned beer,chewing gum,dog food,long life bakery product,coffee,white bread
chicken,rolls/buns,white wine,yogurt,newspapers,processed cheese,newspapers,shopping bags,rolls/buns,domestic eggs,dog food
pip fruit,kitchen utensil,bottled beer,whipped/sour cream,soda,roll products ,beverages,bottled water,butter,yogurt,root vegetables,whole milk,rolls/buns,processed cheese,rolls/buns,canned fish,sugar,pasta,bottled water
UHT-milk,other vegetables,other vegetables,specialty bar,butter milk,frozen vegetables,rolls/buns,yogurt,roll products ,other vegetables,sweet spreads,candy,fruit/vegetable juice
meat,other vegetables,dessert,rolls/buns,tropical fruit,detergent,whole milk,other vegetables,bathroom cleaner,whole milk,other vegetables,roll products 
yogurt,bottled water,citrus fruit,brown bread,seasonal products,root vegetables,fruit/vegetable juice,root vegetables,whole milk,pot plants,dish cleaner,rolls/buns,whole milk,candles,dental care,fruit/vegetable juice,kitchen towels
tropical fruit,bottled water,rolls/buns,soda,pet care,soft cheese,napkins,specialty bar,red/blush wine,shopping bags,pastry,whipped/sour cream,frozen meals,shopping bags,cat food,pastry
citrus fruit,tropical fruit,salt,bottled beer,white bread,bottled water,ice cream,specialty chocolate,yogurt,canned beer,white bread,cream cheese 
rolls/buns,whole milk,cream cheese ,tropical fruit,grapes,white bread,shopping bags,shopping bags,bottled water,newspapers,shopping bags,fruit/vegetable juice,shopping bags
frankfurter,citrus fruit,tropical fruit,yogurt,shopping bags,white bread,rolls/buns,chewing gum,cake bar,canned beer
ham,whole milk,cream cheese ,ice cream,napkins,butter milk,soda,shopping bags,soda,rice,domestic eggs
rolls/buns,other vegetables,root vegetables,yogurt,frozen dessert,sliced cheese,sliced cheese,newspapers,sugar,shopping bags,rolls/buns
chicken,tropical fruit,liver loaf,tropical fruit,cake bar,pickled vegetables,UHT-milk,canned beer,fruit/vegetable juice,frozen vegetables,soda,soda,napkins,pastry
root vegetables,yogurt,butter,cat food,hygiene articles,misc. beverages,chewing gum,male cosmetics,flour,brown bread,coffee,napkins,salty snack,newspapers,pastry
soda,frankfurter,sausage,pip fruit,soda,pet care,other vegetables,processed cheese,rolls/buns,tropical fruit,specialty chocolate,butter
tropical fruit,ham,other vegetables,dessert,frozen vegetables,pastry,rolls/buns,margarine,napkins,bottled water,rice,soda,white bread
pork,tropical fruit,whole milk,other vegetables,frozen meals,tropical fruit,butter milk,whole milk,butter,sliced cheese,rolls/buns,abrasive cleaner,other vegetables,bottled beer,coffee,domestic eggs,pastry
pork,root vegetables,rolls/buns,grapes,fruit/vegetable juice,yogurt,pickled vegetables,domestic eggs,hygiene articles,white bread,hygiene articles
sausage,liver loaf,rolls/buns,fruit/vegetable juice,napkins,other vegetables,packaged fruit/vegetables,packaged fruit/vegetables,margarine,specialty chocolate,curd,bottled beer,candles
bottled beer,rolls/buns,hamburger meat,bottled beer,root vegetables,dental care,frozen meals,soups,dishes,brown bread,white bread,salty snack,curd,pickled vegetables,detergent
tropical fruit,chicken,frozen meals,whole milk,bottled water,frozen dessert,yogurt,cream cheese ,yogurt,sparkling wine,napkins
root vegetables,frankfurter,soda,margarine,ice cream,whole milk,mustard,white bread,soda,soda,frozen vegetables,zwieback,canned fish
canned beer,sausage,sliced cheese,dessert,rolls/buns,newspapers,white bread,salt,frozen meals,photo/film,oil
sausage,herbs,other vegetables,dessert,other vegetables,newspapers,whole milk,root vegetables,soda,brown bread,frozen vegetables,cat food,pickled vegetables,margarine
butter,bottled water,frankfurter,canned beer,whipped/sour cream,berries,berries,whipped/sour cream,curd,whole milk,cereals
pip fruit,rolls/buns,root vegetables,softener,dessert,cream cheese ,whipped/sour cream,soda,brown bread,sauces
chewing gum,whole milk,beef,hygiene articles,beef,rolls/buns,chocolate,chocolate,yogurt,domestic eggs,soft cheese
canned beer,bottled water,butter,yogurt,newspapers,potato products,whipped/sour cream,sliced cheese,bottled water,newspapers
soda,UHT-milk,frozen meals,fruit/vegetable juice,root vegetables,coffee,yogurt,herbs,rolls/buns,yogurt,rolls/buns
tropical fruit,cat food,whipped/sour cream,whole milk,pot plants,curd,cream cheese ,dog food,soft cheese,soft cheese
bottled water,domestic eggs,yogurt,frankfurter,chewing gum,rolls/buns,citrus fruit,newspapers,pickled vegetables,misc. beverages,frozen dessert,rolls/buns
frankfurter,frankfurter,frankfurter,hard cheese,shopping bags,frozen potato products,soda,bottled water,shopping bags,fruit/vegetable juice
tropical fruit,sausage,pip fruit,beef,meat,tropical fruit,detergent,soda,curd,canned fish,hygiene articles,butter,newspapers,brown bread,vinegar
frankfurter,pip fruit,pork,tropical fruit,soda,fruit/vegetable juice,coffee,frozen vegetables,sliced cheese,whipped/sour cream,candy,soda,vinegar,other vegetables,softener,yogurt,margarine,napkins,napkins,pastry,shopping bags,pot plants
beef,chicken,frankfurter,margarine,butter milk,canned beer,domestic eggs,coffee,sliced cheese,processed cheese,shopping bags
beef,pip fruit,frankfurter,pork,chewing gum,candles,margarine,soda,chewing gum,detergent
whole milk,bottled water,citrus fruit,yogurt,hamburger meat,citrus fruit,shopping bags,beef,white wine,berries,other vegetables,brown bread,pasta,specialty chocolate,soda,chocolate,yogurt,butter,oil
tropical fruit,sausage,root vegetables,sausage,yogurt,pip fruit,frozen dessert,butter milk,sliced cheese,jam,waffles,bottled beer
other vegetables,pip fruit,condensed milk,hamburger meat,whole milk,other vegetables,vinegar,bottled water,hygiene articles,beverages,pastry,misc. beverages
whole milk,beef,pet care,citrus fruit,whole milk,herbs,pip fruit,soda,flour,bottled beer,cat food,whole milk
citrus fruit,ham,brandy,whole milk,rolls/buns,root vegetables,onions,yogurt,specialty bar,cream cheese ,whole milk,rolls/buns,rolls/buns,domestic eggs,chocolate,pasta,newspapers,shopping bags,bottled water
other vegetables,soda,semi-finished bread,bottled beer,other vegetables,whole milk,rolls/buns,whole milk,shopping bags,salty snack
bottled beer,salty snack,other vegetables,berries,root vegetables,other vegetables,cream cheese ,shopping bags,waffles,rolls/buns
fruit/vegetable juice,specialty bar,sausage,pastry,root vegetables,sliced cheese,pastry,margarine,pastry,butter,chocolate,pastry
newspapers,tropical fruit,curd,pastry,candy,coffee,turkey,softener,curd,bottled water,candy,soda,misc. beverages,bottled beer
sausage,sausage,other vegetables,hamburger meat,pip fruit,sliced cheese,abrasive cleaner,pastry,bottled beer,cereals,root vegetables,butter milk
beef,soda,citrus fruit,waffles,beef,pip fruit,tropical fruit,hygiene articles,coffee,bottled water,bottled water,oil,fruit/vegetable juice,specialty chocolate
whole milk,chicken,cream cheese ,yogurt,soda,oil,bottled beer,curd,rolls/buns,canned beer,canned vegetables,spices,brown bread,domestic eggs,chewing gum,shopping bags,oil,seasonal products,cereals,bottled water,seasonal products
ham,rolls/buns,bottled beer,waffles,soda,whole milk,rum,whole milk,shopping bags,whole milk,whipped/sour cream,sparkling wine,berries,cleaner,toilet cleaner
other vegetables,sausage,whole milk,whole milk,whole milk,tropical fruit,whipped/sour cream,cat food,frozen meals,yogurt,rolls/buns,salty snack,oil
tropical fruit,whole milk,rolls/buns,beverages,rolls/buns,cream cheese ,grapes,mustard,rolls/buns,whole milk,shopping bags,domestic eggs,yogurt,white bread
rolls/buns,meat,bottled beer,citrus fruit,pip fruit,pot plants,root vegetables,domestic eggs,yogurt,long life bakery product,roll products ,fruit/vegetable juice
frozen potato products,whole milk,whole milk,napkins,tropical fruit,whipped/sour cream,pastry,rolls/buns,other vegetables,canned vegetables,oil,waffles,whipped/sour cream,candy,bottled beer,specialty bar
pip fruit,sausage,soda,whole milk,red/blush wine,coffee,soups,canned beer,salt,pastry
citrus fruit,frankfurter,curd,root vegetables,coffee,UHT-milk,salty snack,brown bread,candy,fruit/vegetable juice
frankfurter,frankfurter,finished products,butter milk,citrus fruit,semi-finished bread,curd cheese,whipped/sour cream,dishes,whipped/sour cream
sausage,ham,tropical fruit,other vegetables,shopping bags,whole milk,pastry,bottled beer,butter,cream cheese 
frankfurter,soda,specialty chocolate,finished products,chicken,bottled beer,frozen dessert,rolls/buns,other vegetables,candy,whipped/sour cream,frozen vegetables,margarine,rolls/buns,berries,candy,rice,specialty bar,white bread,long life bakery product
shopping bags,sausage,tropical fruit,rolls/buns,whole milk,other vegetables,shopping bags,tropical fruit,fruit/vegetable juice,rolls/buns,chocolate,yogurt
rolls/buns,tropical fruit,misc. beverages,soda,rolls/buns,salt,margarine,candy,Instant food products,long life bakery product
hamburger meat,sausage,red/blush wine,fruit/vegetable juice,rolls/buns,curd,misc. beverages,canned fish,rolls/buns,processed cheese
pastry,pork,meat,root vegetables,citrus fruit,brown bread,ham,salt,butter milk,butter milk
root vegetables,chocolate,onions,finished products,root vegetables,bottled water,whole milk,hygiene articles,cocoa drinks,bottled beer
sausage,pork,berries,sausage,cream cheese ,pip fruit,napkins,onions,soda,whole milk,root vegetables,root vegetables,bottled beer,fruit/vegetable juice,domestic eggs
other vegetables,brown bread,citrus fruit,tropical fruit,dish cleaner,rolls/buns,rolls/buns,yogurt,frozen vegetables,sugar,other vegetables,frozen vegetables
pork,long life bakery product,packaged fruit/vegetables,brown bread,fruit/vegetable juice,butter,pet care,shopping bags,fruit/vegetable juice,rolls/buns,newspapers,domestic eggs
citrus fruit,other vegetables,root vegetables,other vegetables,whole milk,fruit/vegetable juice,misc. beverages,soda,tropical fruit,dishes
pip fruit,curd,chocolate,soda,pip fruit,white wine,root vegetables,whole milk,rolls/buns,yogurt,long life bakery product,shopping bags,brown bread,bottled water,seasonal products,canned beer,whisky,white bread
sausage,sausage,bottled water,pastry,fruit/vegetable juice,rolls/buns,canned beer,rum,canned vegetables,grapes,other vegetables,tropical fruit,rolls/buns,spices,margarine,cream cheese ,processed cheese,semi-finished bread,specialty bar
rolls/buns,berries,margarine,other vegetables,pip fruit,whole milk,long life bakery product,soda,soda,yogurt,UHT-milk,shopping bags,napkins
whole milk,frankfurter,UHT-milk,whole milk,beverages,other vegetables,whole milk,margarine,citrus fruit,butter milk,whole milk,shopping bags,other vegetables,yogurt,rolls/buns,fruit/vegetable juice,cat food,specialty bar,shopping bags,curd,other vegetables,brown bread,shopping bags
sausage,grapes,onions,UHT-milk,female sanitary products,root vegetables,rolls/buns,rolls/buns,napkins,other vegetables,bags
liqueur,sausage,pastry,long life bakery product,whole milk,onions,pastry,rolls/buns,zwieback,soda
beverages,soda,whole milk,pastry,margarine,napkins,whole milk,coffee,brown bread,napkins,brandy
salty snack,sausage,other vegetables,bottled beer,processed cheese,root vegetables,whole milk,domestic eggs,fruit/vegetable juice,other vegetables,ice cream,dog food,salty snack,shopping bags,salt,salty snack,frozen potato products
light bulbs,curd,berries,mayonnaise,ice cream,pastry,UHT-milk,zwieback,pastry,hard cheese,bottled water,baking powder,brown bread
onions,beef,ham,tropical fruit,bottled water,cream cheese ,waffles,frozen meals,sparkling wine,hard cheese,cat food
margarine,whole milk,pot plants,bottled water,brandy,root vegetables,salty snack,soda,rolls/buns,shopping bags,hygiene articles
other vegetables,rolls/buns,herbs,root vegetables,salty snack,brown bread,napkins,yogurt,spread cheese,canned beer,prosecco
canned beer,canned beer,frozen meals,spices,rolls/buns,shopping bags,butter,frozen fish,newspapers,yogurt
citrus fruit,frankfurter,pet care,sugar,yogurt,dessert,pastry,waffles,soda,red/blush wine,organic products
sausage,butter milk,sausage,other vegetables,soda,bottled water,pip fruit,other vegetables,shopping bags,salty snack,butter milk,baking powder,specialty bar
curd,sausage,tropical fruit,yogurt,root vegetables,whole milk,white wine,curd,whole milk,cleaner,chocolate
whole milk,domestic eggs,frozen meals,soda,canned beer,newspapers,rolls/buns,bottled water,whole milk,brown bread
frankfurter,bottled water,butter,citrus fruit,other vegetables,yogurt,fruit/vegetable juice,whole milk,butter,rolls/buns,soda,seasonal products
whipped/sour cream,salty snack,rolls/buns,tropical fruit,butter,brown bread,beef,waffles,canned beer,chewing gum,specialty chocolate,napkins,specialty cheese
citrus fruit,beef,pork,chicken,shopping bags,rolls/buns,other vegetables,pastry,curd,yogurt,rolls/buns
pork,citrus fruit,whole milk,pastry,pip fruit,pickled vegetables,bottled beer,fruit/vegetable juice,margarine,margarine,ice cream,specialty cheese
whole milk,specialty chocolate,ham,pastry,berries,root vegetables,brandy,yogurt,domestic eggs,pip fruit,dish cleaner
sausage,rolls/buns,tropical fruit,hard cheese,canned beer,chewing gum,frozen vegetables,mayonnaise,female sanitary products,pot plants
yogurt,butter,citrus fruit,tropical fruit,hygiene articles,rolls/buns,ice cream,chocolate marshmallow,pastry,butter,napkins,shopping bags,bottled water,soda
pork,tropical fruit,soda,tropical fruit,rolls/buns,specialty bar,bottled water,pastry,whole milk,butter
semi-finished bread,butter,specialty bar,other vegetables,rolls/buns,shopping bags,mayonnaise,pickled vegetables,whole milk,waffles
long life bakery product,onions,yogurt,other vegetables,beef,napkins,domestic eggs,shopping bags,butter milk,napkins,chewing gum,chewing gum,waffles,specialty chocolate,misc. beverages
root vegetables,sausage,tropical fruit,flower soil/fertilizer,beef,other vegetables,flower (seeds),shopping bags,yogurt,waffles,butter,chocolate,light bulbs,bottled water
root vegetables,soda,sausage,other vegetables,other vegetables,citrus fruit,root vegetables,male cosmetics,whipped/sour cream,whole milk,ice cream,Instant food products,whipped/sour cream,pet care,sugar
cat food,hard cheese,frankfurter,whole milk,butter,other vegetables,cream cheese ,yogurt,rolls/buns,whipped/sour cream,yogurt
whole milk,onions,margarine,whipped/sour cream,long life bakery product,house keeping products,whole milk,whipped/sour cream,canned beer,fruit/vegetable juice
tropical fruit,dessert,sausage,pastry,curd,cocoa drinks,butter,whipped/sour cream,pickled vegetables,whipped/sour cream,margarine
sausage,sausage,frozen vegetables,UHT-milk,frozen vegetables,napkins,curd,canned vegetables,specialty chocolate,root vegetables,rolls/buns,shopping bags,napkins
ham,citrus fruit,spices,citrus fruit,brown bread,other vegetables,shopping bags,root vegetables,soda,newspapers
napkins,newspapers,rolls/buns,bottled water,waffles,meat,citrus fruit,frozen vegetables,yogurt,whole milk,canned beer,rolls/buns,chocolate,waffles
citrus fruit,tropical fruit,brown bread,specialty chocolate,beverages,fruit/vegetable juice,semi-finished bread,newspapers,coffee,frozen meals,margarine
bottled water,dessert,whole milk,pot plants,beverages,UHT-milk,other vegetables,other vegetables,margarine,pot plants
whole milk,canned beer,frozen dessert,dessert,hard cheese,chocolate,flower (seeds),whole milk,house keeping products,newspapers
pork,sugar,tropical fruit,curd,dessert,napkins,soda,dessert,cat food,newspapers
onions,other vegetables,root vegetables,pot plants,root vegetables,long life bakery product,bottled beer,fruit/vegetable juice,butter milk,brown bread,margarine,bottled water,soda
root vegetables,cream cheese ,butter,other vegetables,fruit/vegetable juice,yogurt,sweet spreads,frozen vegetables,newspapers,detergent,sliced cheese
other vegetables,coffee,frozen meals,rolls/buns,napkins,canned beer,long life bakery product,ketchup,bottled beer,specialty chocolate
whole milk,curd,rolls/buns,soft cheese,flour,yogurt,cling film/bags,cat food,misc. beverages,pickled vegetables
photo/film,specialty cheese,tropical fruit,citrus fruit,specialty chocolate,soda,beverages,bottled beer,waffles,brown bread
tropical fruit,citrus fruit,whole milk,rolls/buns,citrus fruit,curd,soda,napkins,cat food,coffee,pastry,long life bakery product,beverages
rolls/buns,beef,pip fruit,whole milk,rolls/buns,pastry,pastry,sauces,soda,rolls/buns
fruit/vegetable juice,root vegetables,pork,root vegetables,rolls/buns,root vegetables,sliced cheese,shopping bags,other vegetables,root vegetables,hygiene articles
potato products,root vegetables,beef,bottled water,margarine,pip fruit,specialty cheese,specialty chocolate,yogurt,yogurt
pastry,rolls/buns,whole milk,spread cheese,soda,shopping bags,other vegetables,pastry,cooking chocolate,chocolate,chewing gum,napkins
soap,packaged fruit/vegetables,root vegetables,hard cheese,whole milk,white bread,frozen meals,photo/film,oil,bottled beer
beef,pastry,liquor (appetizer),brown bread,other vegetables,bottled beer,candy,oil,misc. beverages,brown bread,fruit/vegetable juice
curd,specialty chocolate,brown bread,whole milk,hamburger meat,honey,sliced cheese,bottled water,frozen fish,skin care,rolls/buns,pet care
newspapers,soda,beef,other vegetables,pastry,other vegetables,sparkling wine,specialty bar,frozen fish,chewing gum
citrus fruit,pork,margarine,chocolate marshmallow,white bread,white wine,processed cheese,bottled water,processed cheese,margarine,candles,shopping bags
beef,whole milk,root vegetables,dessert,jam,root vegetables,waffles,napkins,flower (seeds),long life bakery product,whipped/sour cream
other vegetables,tropical fruit,curd,flower (seeds),berries,white wine,rum,bottled beer,yogurt,bottled water,soap,specialty cheese,bottled water
tropical fruit,citrus fruit,bathroom cleaner,soda,seasonal products,rolls/buns,root vegetables,other vegetables,beverages,salt,flower (seeds),soft cheese,rolls/buns
frankfurter,whipped/sour cream,sausage,rolls/buns,curd,canned beer,tropical fruit,bottled water,specialty cheese,sliced cheese
frankfurter,newspapers,cocoa drinks,brown bread,sliced cheese,fruit/vegetable juice,sliced cheese,other vegetables,butter,other vegetables,pickled vegetables,specialty chocolate
pip fruit,chicken,newspapers,citrus fruit,whole milk,hamburger meat,frozen vegetables,herbs,cream cheese ,rolls/buns,long life bakery product,pastry,butter milk,margarine,long life bakery product,frozen meals,flour,canned fish
beef,pip fruit,yogurt,beverages,bottled beer,pastry,pastry,other vegetables,bottled water,hamburger meat,curd,pastry,instant coffee,whole milk,frozen fish,domestic eggs,male cosmetics
other vegetables,whole milk,pastry,rolls/buns,canned beer,whipped/sour cream,bottled water,processed cheese,newspapers,frozen vegetables
other vegetables,yogurt,root vegetables,white bread,beverages,frozen vegetables,detergent,candy,brown bread,white wine
liqueur,citrus fruit,butter,bottled water,soda,yogurt,jam,butter,herbs,frozen meals
bottled beer,other vegetables,whipped/sour cream,frozen vegetables,whole milk,newspapers,candy,flour,rolls/buns,whole milk
beef,frozen vegetables,whole milk,candy,white bread,canned beer,liquor (appetizer),soda,newspapers,brown bread,female sanitary products
pork,pip fruit,UHT-milk,sausage,yogurt,sauces,herbs,brown bread,newspapers,bottled water,napkins
sausage,oil,pork,pastry,misc. beverages,specialty bar,newspapers,long life bakery product,candy,yogurt,newspapers
pip fruit,pork,citrus fruit,meat,whole milk,soda,butter milk,butter,waffles,cream cheese ,frozen dessert,sugar
other vegetables,red/blush wine,chicken,shopping bags,specialty chocolate,dog food,other vegetables,whole milk,fruit/vegetable juice,white bread
frankfurter,butter milk,other vegetables,onions,bottled water,hard cheese,canned beer,whipped/sour cream,soups,soft cheese,onions,specialty cheese,long life bakery product
hamburger meat,pork,pork,whipped/sour cream,root vegetables,white bread,whole milk,bottled water,bottled beer,flower (seeds)
chocolate,whipped/sour cream,frozen vegetables,whole milk,rolls/buns,rolls/buns,mustard,domestic eggs,fruit/vegetable juice,margarine,root vegetables,rolls/buns,oil,rolls/buns,bottled beer
rolls/buns,soda,bottled water,shopping bags,flour,butter,whipped/sour cream,brown bread,whole milk,waffles,cake bar
mayonnaise,pip fruit,other vegetables,newspapers,frozen vegetables,tropical fruit,sweet spreads,margarine,whole milk,yogurt,processed cheese
chicken,dessert,bottled water,newspapers,red/blush wine,sugar,pastry,rolls/buns,frozen meals,yogurt,hard cheese,candles,waffles,domestic eggs
frankfurter,canned beer,curd,root vegetables,margarine,red/blush wine,whipped/sour cream,other vegetables,roll products ,frozen vegetables,rolls/buns
yogurt,newspapers,whole milk,red/blush wine,bottled beer,softener,shopping bags,domestic eggs,margarine,domestic eggs,soda,baking powder
pastry,curd,soda,dessert,whole milk,curd,prosecco,whole milk,dessert,canned fish
soda,butter,tropical fruit,pasta,other vegetables,other vegetables,rolls/buns,whole milk,cream cheese ,rolls/buns,soda
ice cream,cream,chicken,waffles,herbs,yogurt,pastry,hygiene articles,candles,tea
ham,specialty bar,domestic eggs,root vegetables,tropical fruit,whipped/sour cream,curd cheese,soda,whole milk,soda,white bread,rolls/buns,canned beer,dessert,napkins,yogurt
ham,red/blush wine,whole milk,chocolate marshmallow,spread cheese,butter,margarine,salt,rolls/buns,soda,salty snack
rolls/buns,chocolate,candy,pip fruit,pastry,rolls/buns,sugar,coffee,yogurt,canned vegetables
whole milk,rolls/buns,rolls/buns,whipped/sour cream,onions,bottled water,domestic eggs,frozen vegetables,rolls/buns,pip fruit,seasonal products,sugar
tropical fruit,shopping bags,coffee,butter milk,rolls/buns,canned beer,rubbing alcohol,yogurt,margarine,curd,oil
cream cheese ,yogurt,margarine,tropical fruit,whole milk,grapes,yogurt,flour,newspapers,dishes
frankfurter,root vegetables,roll products ,Instant food products,UHT-milk,beef,toilet cleaner,soda,rolls/buns,shopping bags
pastry,pastry,tropical fruit,seasonal products,pastry,salty snack,napkins,dessert,root vegetables,semi-finished bread,dishes,pastry,napkins
brown bread,sugar,butter,pip fruit,soda,beef,citrus fruit,dish cleaner,domestic eggs,newspapers,light bulbs,yogurt
soda,red/blush wine,pickled vegetables,jam,whole milk,liquor (appetizer),canned beer,cake bar,sauces,coffee
beverages,yogurt,whole milk,napkins,soda,semi-finished bread,white bread,waffles,domestic eggs,flour,frozen vegetables,sliced cheese
coffee,other vegetables,tropical fruit,hamburger meat,rolls/buns,roll products ,bottled water,rice,pasta,butter
house keeping products,tropical fruit,yogurt,whole milk,frozen vegetables,soda,curd,sauces,rolls/buns,whipped/sour cream
newspapers,sausage,margarine,tropical fruit,whole milk,whole milk,newspapers,yogurt,ketchup,frozen meals,domestic eggs,waffles,margarine,long life bakery product,shopping bags,dish cleaner,yogurt,chocolate,napkins
sausage,coffee,specialty bar,chicken,domestic eggs,curd,pastry,other vegetables,house keeping products,UHT-milk,misc. beverages
frozen meals,berries,sliced cheese,citrus fruit,hygiene articles,margarine,whole milk,newspapers,whipped/sour cream,dessert,semi-finished bread,frozen vegetables
whole milk,pork,whole milk,pip fruit,other vegetables,cat food,newspapers,butter milk,newspapers,whipped/sour cream
frankfurter,pip fruit,whole milk,canned fish,dessert,canned vegetables,tropical fruit,soda,sugar,margarine,canned vegetables
whole milk,soda,other vegetables,UHT-milk,cream cheese ,artif. sweetener,fruit/vegetable juice,shopping bags,coffee,salty snack,soda
root vegetables,sugar,whole milk,chicken,rolls/buns,candy,waffles,pastry,whipped/sour cream,chocolate,newspapers
whole milk,specialty chocolate,citrus fruit,shopping bags,white bread,soda,oil,shopping bags,whipped/sour cream,specialty vegetables
soda,hamburger meat,butter milk,domestic eggs,yogurt,margarine,chocolate,root vegetables,sugar,shopping bags,margarine,waffles,processed cheese,chocolate,canned fish,Instant food products
whole milk,ham,pot plants,ham,frozen meals,onions,chewing gum,misc. beverages,soda,frozen vegetables,frozen vegetables,baking powder,pickled vegetables,curd
sugar,citrus fruit,rolls/buns,pastry,bottled water,rolls/buns,cream cheese ,soda,rolls/buns,fruit/vegetable juice,fruit/vegetable juice,newspapers,shopping bags,specialty bar
white wine,root vegetables,ham,margarine,sausage,citrus fruit,domestic eggs,whipped/sour cream,pastry,fruit/vegetable juice,processed cheese,whole milk,candy,sugar,frozen potato products,sugar,domestic eggs
nut snack,yogurt,other vegetables,oil,long life bakery product,root vegetables,meat spreads,coffee,whole milk,frozen meals
pip fruit,whipped/sour cream,pip fruit,rolls/buns,light bulbs,brown bread,rolls/buns,shopping bags,bottled water,ketchup,sparkling wine
detergent,canned fish,sliced cheese,brown bread,tropical fruit,root vegetables,specialty cheese,dessert,white wine,soda,fruit/vegetable juice,yogurt,brown bread,specialty vegetables,shopping bags
berries,pork,whole milk,berries,root vegetables,sugar,shopping bags,whole milk,baking powder,beverages,female sanitary products,dessert
citrus fruit,zwieback,cream cheese ,napkins,whole milk,frozen vegetables,sugar,brown bread,bottled water,other vegetables,white bread,frozen fish,sugar,shopping bags,snack products,napkins
bottled water,onions,red/blush wine,curd,newspapers,whipped/sour cream,onions,brown bread,long life bakery product,canned beer
other vegetables,cat food,curd,dessert,soda,light bulbs,yogurt,other vegetables,fruit/vegetable juice,margarine
rolls/buns,pork,butter,pork,cat food,bottled water,domestic eggs,other vegetables,baking powder,bottled water,newspapers,curd
grapes,whole milk,tea,flower (seeds),frozen meals,baking powder,yogurt,white wine,cream cheese ,shopping bags,flower (seeds),brown bread,specialty chocolate
chewing gum,soda,sausage,root vegetables,newspapers,snack products,softener,margarine,rolls/buns,specialty fat,newspapers,pet care
other vegetables,other vegetables,vinegar,rolls/buns,whole milk,cream cheese ,canned beer,meat spreads,white bread,grapes,hard cheese,bottled water,white bread,yogurt,specialty cheese,frozen vegetables
curd,citrus fruit,other vegetables,rolls/buns,whole milk,pastry,whole milk,packaged fruit/vegetables,red/blush wine,dish cleaner
curd,rolls/buns,whole milk,rolls/buns,soda,rolls/buns,UHT-milk,shopping bags,pastry,shopping bags,roll products 
sausage,hard cheese,white wine,root vegetables,other vegetables,detergent,processed cheese,sugar,sliced cheese,chocolate marshmallow,bottled beer
finished products,other vegetables,soda,liquor,waffles,soda,newspapers,rolls/buns,detergent,bottled water,whole milk,margarine,napkins,napkins,cake bar,other vegetables,whipped/sour cream,white bread,napkins,cleaner,bottled beer
candy,dessert,cat food,tropical fruit,processed cheese,yogurt,bottled beer,rolls/buns,pastry,UHT-milk
tropical fruit,bottled beer,whipped/sour cream,pastry,napkins,newspapers,rolls/buns,rolls/buns,margarine,detergent,curd cheese,whole milk
waffles,hygiene articles,root vegetables,whipped/sour cream,butter milk,semi-finished bread,soda,soft cheese,other vegetables,white wine,domestic eggs,dishes
whole milk,processed cheese,other vegetables,yogurt,root vegetables,other vegetables,hygiene articles,root vegetables,pasta,shopping bags
bottled water,brown bread,ham,whole milk,chocolate,dishes,whole milk,fruit/vegetable juice,sliced cheese,baking powder
tropical fruit,soda,whole milk,cake bar,chocolate,fruit/vegetable juice,whole milk,shopping bags,canned beer,Instant food products
canned beer,canned beer,chewing gum,rolls/buns,other vegetables,shopping bags,fruit/vegetable juice,cream cheese ,root vegetables,soda,waffles
tropical fruit,domestic eggs,waffles,tropical fruit,flour,whole milk,fruit/vegetable juice,whole milk,specialty chocolate,brown bread
shopping bags,tropical fruit,pip fruit,soda,pickled vegetables,other vegetables,hygiene articles,brown bread,domestic eggs,hard cheese
