tropical fruit,root vegetables,other vegetables,frozen dessert,rolls/buns,flour,sweet spreads,salty snack,waffles,candy,bathroom cleaner
tropical fruit,root vegetables,whole milk,yogurt,domestic eggs,brown bread,pastry,sugar,cereals,coffee,soda,waffles,candy
root vegetables,other vegetables,butter,curd,whipped/sour cream,UHT-milk,hard cheese,rolls/buns,bottled water,long life bakery product
turkey,tropical fruit,other vegetables,curd,domestic eggs,brown bread,semi-finished bread,margarine,baking powder,fruit/vegetable juice
root vegetables,whole milk,frozen vegetables,domestic eggs,rolls/buns,oil,margarine,canned vegetables,fruit/vegetable juice,bathroom cleaner
chicken,hamburger meat,citrus fruit,tropical fruit,root vegetables,other vegetables,butter,pasta,oil,detergent
sausage,whole milk,yogurt,coffee,fruit/vegetable juice,bottled beer,softener,napkins,photo/film,shopping bags
frankfurter,sausage,root vegetables,other vegetables,rolls/buns,oil,pickled vegetables,bottled beer,chewing gum,dishes
frankfurter,sausage,citrus fruit,tropical fruit,pip fruit,whole milk,hard cheese,cream cheese ,domestic eggs,rice,sugar,canned fruit,misc. beverages,fruit/vegetable juice,hygiene articles
frankfurter,ham,pip fruit,other vegetables,whole milk,soft cheese,frozen vegetables,rolls/buns,sugar,baking powder
frankfurter,ham,tropical fruit,pip fruit,root vegetables,other vegetables,whole milk,butter,curd,yogurt,whipped/sour cream,soft cheese,sliced cheese,cream cheese ,frozen meals,frozen fish,domestic eggs,white bread,sugar,cereals,fruit/vegetable juice,bottled beer,waffles
sausage,beef,citrus fruit,other vegetables,whole milk,butter milk,whipped/sour cream,beverages,hard cheese,rolls/buns,dish cleaner,cookware
meat,citrus fruit,other vegetables,curd,dessert,butter milk,beverages,cream cheese ,rolls/buns,brown bread,tea,bottled water
citrus fruit,whole milk,curd,dessert,yogurt,whipped/sour cream,frozen dessert,rolls/buns,salt,sugar,cereals,canned vegetables,canned fish,skin care,hygiene articles,napkins
frankfurter,beef,hamburger meat,grapes,root vegetables,whole milk,butter,frozen dessert,potato products,bottled water,bottled beer
sausage,citrus fruit,tropical fruit,other vegetables,whole milk,yogurt,rolls/buns,bottled water,soda,chocolate,newspapers
tropical fruit,pip fruit,onions,other vegetables,whole milk,domestic eggs,sugar,soups,tea,soda,hygiene articles,napkins
citrus fruit,pip fruit,root vegetables,other vegetables,whole milk,cream cheese ,domestic eggs,brown bread,margarine,baking powder,waffles
hamburger meat,other vegetables,whole milk,curd,yogurt,rolls/buns,pastry,semi-finished bread,margarine,bottled water,fruit/vegetable juice
chicken,pip fruit,other vegetables,whole milk,dessert,yogurt,whipped/sour cream,rolls/buns,pasta,soda,waffles
packaged fruit/vegetables,whole milk,curd,yogurt,domestic eggs,brown bread,mustard,pickled vegetables,bottled water,misc. beverages
frankfurter,beef,root vegetables,curd,dessert,yogurt,soft cheese,rolls/buns,mustard,pickled vegetables,canned beer,hygiene articles,napkins
berries,root vegetables,other vegetables,curd,butter milk,cream cheese ,roll products ,margarine,misc. beverages,specialty chocolate,detergent
berries,root vegetables,other vegetables,packaged fruit/vegetables,whole milk,curd,curd cheese,cat food,specialty bar,detergent
onions,butter,whipped/sour cream,hard cheese,frozen vegetables,pasta,specialty fat,syrup,candy,napkins,cling film/bags
whole milk,butter milk,yogurt,sliced cheese,rolls/buns,sweet spreads,coffee,fruit/vegetable juice,long life bakery product,shopping bags
beef,other vegetables,whole milk,frozen potato products,rolls/buns,oil,margarine,coffee,dental care,hygiene articles,newspapers
frankfurter,sausage,liver loaf,root vegetables,curd,frozen vegetables,rolls/buns,semi-finished bread,hygiene articles,photo/film
ham,pip fruit,whole milk,curd,dessert,butter milk,whipped/sour cream,sliced cheese,cream cheese ,white bread,coffee,long life bakery product,chocolate,baby cosmetics
sausage,turkey,beef,root vegetables,domestic eggs,rolls/buns,flour,rice,organic products,misc. beverages,napkins
root vegetables,cream cheese ,spread cheese,frozen dessert,white bread,bottled water,soda,misc. beverages,fruit/vegetable juice,bottled beer
pork,beef,berries,packaged fruit/vegetables,whole milk,mayonnaise,frozen fish,frozen potato products,oil,mustard,cat food,coffee,soda,chocolate,dish cleaner,napkins,newspapers
frankfurter,tropical fruit,pip fruit,curd,UHT-milk,hard cheese,domestic eggs,rolls/buns,hygiene articles,napkins,shopping bags
pork,tropical fruit,whole milk,curd,yogurt,hard cheese,frozen meals,frozen dessert,domestic eggs,cereals,baking powder,fruit/vegetable juice,soap
citrus fruit,tropical fruit,berries,root vegetables,other vegetables,whole milk,butter,bottled water,rubbing alcohol,hygiene articles,napkins
sausage,meat,other vegetables,whole milk,yogurt,rolls/buns,soda,bottled beer,chocolate,newspapers
citrus fruit,tropical fruit,herbs,whole milk,butter,curd,whipped/sour cream,frozen vegetables,canned vegetables,misc. beverages
meat,beef,herbs,whole milk,frozen dessert,rolls/buns,semi-finished bread,flour,oil,coffee,pot plants
hamburger meat,whole milk,oil,ketchup,soups,Instant food products,canned fish,coffee,bottled beer,hygiene articles,newspapers
beef,citrus fruit,other vegetables,butter milk,sliced cheese,processed cheese,rolls/buns,margarine,bottled water,fruit/vegetable juice
citrus fruit,tropical fruit,grapes,other vegetables,frozen vegetables,pickled vegetables,fruit/vegetable juice,liquor,rum,liquor (appetizer),candy,cling film/bags
hamburger meat,citrus fruit,root vegetables,rolls/buns,Instant food products,canned fish,bottled water,soda,fruit/vegetable juice,napkins
chicken,hamburger meat,herbs,whipped/sour cream,soups,soda,canned beer,dish cleaner,napkins,cling film/bags
frankfurter,hamburger meat,whole milk,rolls/buns,potato products,mustard,coffee,waffles,chocolate marshmallow,soap,newspapers
frankfurter,ham,whole milk,yogurt,rolls/buns,pastry,vinegar,sugar,soda,fruit/vegetable juice,napkins
frankfurter,grapes,other vegetables,butter milk,UHT-milk,brown bread,margarine,organic products,bottled water,soda
frankfurter,chicken,pork,citrus fruit,other vegetables,whole milk,butter milk,whipped/sour cream,cream cheese ,frozen dessert,domestic eggs,rolls/buns,sugar,baking powder
ham,chicken,citrus fruit,berries,onions,whole milk,curd,yogurt,frozen vegetables,rolls/buns,margarine,soda,liquor (appetizer),cake bar,candy,seasonal products,skin care
citrus fruit,tropical fruit,grapes,yogurt,rolls/buns,margarine,canned fruit,bottled water,soda,misc. beverages,candy,female sanitary products,shopping bags
sausage,pork,beef,berries,root vegetables,whole milk,butter,rolls/buns,cat food,bottled water,newspapers
root vegetables,onions,other vegetables,packaged fruit/vegetables,whole milk,whipped/sour cream,frozen vegetables,rolls/buns,pasta,soups,baking powder,soda,detergent
beef,root vegetables,other vegetables,whole milk,butter,soft cheese,hard cheese,domestic eggs,pasta,coffee,candles
meat,beef,tropical fruit,pip fruit,other vegetables,whipped/sour cream,soft cheese,frozen meals,margarine,coffee,fruit/vegetable juice,pot plants
citrus fruit,onions,whole milk,curd,yogurt,rolls/buns,pasta,mustard,dog food,canned beer
citrus fruit,other vegetables,packaged fruit/vegetables,whole milk,butter,whipped/sour cream,flour,sugar,coffee,soda,sparkling wine,dishes
fish,berries,other vegetables,whole milk,dessert,yogurt,spread cheese,coffee,white wine,red/blush wine
tropical fruit,berries,root vegetables,whole milk,butter,yogurt,whipped/sour cream,sliced cheese,hard cheese,specialty chocolate,napkins
sausage,pork,other vegetables,frozen fish,rolls/buns,semi-finished bread,artif. sweetener,ready soups,bottled water,hygiene articles,newspapers
chicken,tropical fruit,pip fruit,root vegetables,other vegetables,packaged fruit/vegetables,butter,rolls/buns,margarine,sugar,rum,long life bakery product,abrasive cleaner
chicken,pork,other vegetables,whole milk,whipped/sour cream,UHT-milk,domestic eggs,rolls/buns,bottled water,soda,fruit/vegetable juice,bottled beer
chicken,pork,hamburger meat,pip fruit,nuts/prunes,root vegetables,other vegetables,whole milk,spread cheese,frozen potato products,brown bread,Instant food products,soda,fruit/vegetable juice,shopping bags
beef,tropical fruit,root vegetables,herbs,other vegetables,whole milk,yogurt,hard cheese,rolls/buns,brown bread,bottled water,bottled beer,salty snack,shopping bags
frankfurter,sausage,beef,root vegetables,packaged fruit/vegetables,whole milk,dessert,yogurt,sliced cheese,ice cream,rolls/buns,soda
sausage,ham,citrus fruit,tropical fruit,berries,packaged fruit/vegetables,whole milk,whipped/sour cream,sliced cheese,pastry,sugar,baking powder
tropical fruit,other vegetables,whole milk,yogurt,soft cheese,hard cheese,spread cheese,curd cheese,frozen vegetables,ice cream,pastry,coffee,fruit/vegetable juice,hygiene articles
ham,beef,grapes,yogurt,whipped/sour cream,domestic eggs,white bread,pastry,bottled water,fruit/vegetable juice,white wine,salty snack,chocolate,newspapers,shopping bags
frankfurter,hamburger meat,whole milk,butter,curd,flour,rice,oil,sugar,mustard,salty snack,chocolate,chocolate marshmallow,dish cleaner,dental care
tropical fruit,grapes,berries,other vegetables,whole milk,butter,dessert,yogurt,whipped/sour cream,ice cream,pastry,salt,baking powder,bottled water,misc. beverages,fruit/vegetable juice,canned beer,specialty chocolate,pot plants
tropical fruit,root vegetables,other vegetables,domestic eggs,white bread,brown bread,canned vegetables,soda,fruit/vegetable juice,rum
sausage,citrus fruit,berries,other vegetables,whole milk,yogurt,whipped/sour cream,cream cheese ,frozen vegetables,domestic eggs,pastry,margarine,soups,canned fish,chocolate,candy,napkins
frankfurter,chicken,pork,tropical fruit,root vegetables,other vegetables,yogurt,UHT-milk,mayonnaise,brown bread,pastry,flour,mustard,coffee,cocoa drinks,fruit/vegetable juice,salty snack,long life bakery product,chocolate,seasonal products
pork,whole milk,curd,yogurt,whipped/sour cream,cream cheese ,domestic eggs,white bread,sugar,baking powder,coffee,cocoa drinks,salty snack,waffles,candy,napkins
citrus fruit,other vegetables,whole milk,curd,yogurt,whipped/sour cream,cream cheese ,pastry,vinegar,oil,coffee,long life bakery product,detergent,cleaner,napkins,newspapers
sausage,curd,frozen meals,domestic eggs,cake bar,seasonal products,detergent,cleaner,house keeping products,pot plants,shopping bags
chicken,tropical fruit,pip fruit,root vegetables,other vegetables,whole milk,butter,yogurt,whipped/sour cream,hard cheese,frozen vegetables,frozen fish,domestic eggs,white bread,rice,specialty fat,dog food,bottled water,fruit/vegetable juice,long life bakery product,softener,napkins,cling film/bags
pork,tropical fruit,other vegetables,yogurt,semi-finished bread,flour,margarine,artif. sweetener,organic products,chocolate marshmallow
tropical fruit,pip fruit,grapes,root vegetables,herbs,yogurt,baking powder,seasonal products,pot plants,shopping bags
berries,root vegetables,other vegetables,butter,hard cheese,domestic eggs,rolls/buns,fruit/vegetable juice,sparkling wine,hygiene articles
beef,grapes,nuts/prunes,root vegetables,onions,other vegetables,cream,soft cheese,sliced cheese,hard cheese,domestic eggs,rolls/buns,pastry,mustard,specialty chocolate,specialty bar,dental care,shopping bags
turkey,tropical fruit,pip fruit,root vegetables,other vegetables,curd,butter milk,yogurt,curd cheese,rice,vinegar,margarine
beef,tropical fruit,onions,other vegetables,whole milk,butter,curd,butter milk,yogurt,domestic eggs,white bread,pastry,shopping bags
yogurt,whipped/sour cream,flour,margarine,sugar,baking powder,cat food,soda,fruit/vegetable juice,chocolate,hygiene articles,napkins,newspapers
sausage,tropical fruit,grapes,other vegetables,processed cheese,frozen meals,domestic eggs,white bread,salty snack,newspapers
sausage,citrus fruit,pip fruit,root vegetables,other vegetables,whole milk,yogurt,whipped/sour cream,spread cheese,frozen vegetables,pastry,instant coffee,soda,fruit/vegetable juice,hygiene articles
grapes,yogurt,UHT-milk,soft cheese,rolls/buns,fruit/vegetable juice,candy,dental care,newspapers,shopping bags
frankfurter,ham,chicken,whole milk,butter,processed cheese,frozen vegetables,white bread,pastry,soda,fruit/vegetable juice,red/blush wine,chocolate,pot plants
pork,hamburger meat,pip fruit,grapes,root vegetables,other vegetables,whole milk,yogurt,cream cheese ,frozen dessert,sugar,meat spreads,soda,fruit/vegetable juice
frankfurter,pip fruit,root vegetables,curd,yogurt,UHT-milk,white bread,pastry,instant coffee,waffles,dish cleaner
sausage,grapes,butter,curd,yogurt,whipped/sour cream,beverages,UHT-milk,sliced cheese,processed cheese,rolls/buns,pastry,chocolate
beef,tropical fruit,pip fruit,grapes,root vegetables,processed cheese,rolls/buns,white bread,pastry,pasta,specialty vegetables,cat food,soda,misc. beverages
frankfurter,sausage,ham,other vegetables,domestic eggs,rolls/buns,pastry,long life bakery product,specialty bar,chocolate marshmallow
chicken,beef,whole milk,curd,brown bread,pastry,sauces,pickled vegetables,bottled water,soda,salty snack,waffles,specialty bar,napkins,light bulbs
frankfurter,tropical fruit,dessert,pastry,flour,margarine,sugar,artif. sweetener,sauces,rum,skin care
chicken,citrus fruit,root vegetables,other vegetables,whole milk,yogurt,hard cheese,processed cheese,mayonnaise,frozen vegetables,pastry,roll products ,rice,margarine,sugar,pickled vegetables,bottled water,fruit/vegetable juice,candy,skin care,napkins
chicken,tropical fruit,whole milk,condensed milk,soft cheese,processed cheese,domestic eggs,white bread,pastry,semi-finished bread,soda,long life bakery product,waffles,specialty chocolate,napkins,dishes,kitchen towels,shopping bags
beef,citrus fruit,other vegetables,whole milk,domestic eggs,rolls/buns,brown bread,coffee,soda,salty snack,shopping bags
sausage,finished products,tropical fruit,pip fruit,other vegetables,butter,curd,dessert,butter milk,yogurt,whipped/sour cream,soft cheese,frozen vegetables,rolls/buns,white bread,brown bread,pastry,pasta,soups,baby food,fruit/vegetable juice,salty snack,waffles,cake bar,chocolate,shopping bags
frankfurter,herbs,yogurt,UHT-milk,mayonnaise,frozen vegetables,margarine,bottled water,soda,salty snack,seasonal products,detergent,pot plants
sausage,hamburger meat,tropical fruit,onions,other vegetables,butter,yogurt,white bread,brown bread,margarine,cat food
ham,whole milk,processed cheese,white bread,semi-finished bread,bottled water,soda,fruit/vegetable juice,popcorn,chewing gum,shopping bags
frankfurter,sausage,UHT-milk,frozen meals,frozen dessert,domestic eggs,rolls/buns,pastry,mustard,coffee
meat,other vegetables,whole milk,yogurt,soft cheese,sliced cheese,domestic eggs,margarine,cat food,pet care,coffee,bottled beer,red/blush wine,dish cleaner,napkins,kitchen towels
citrus fruit,tropical fruit,pip fruit,grapes,root vegetables,other vegetables,whole milk,curd,dessert,whipped/sour cream,UHT-milk,frozen vegetables,frozen meals,bottled water,fruit/vegetable juice,specialty chocolate,napkins
sausage,citrus fruit,pip fruit,yogurt,beverages,sliced cheese,sugar,bottled water,soda,cake bar
beef,citrus fruit,onions,herbs,other vegetables,whole milk,yogurt,whipped/sour cream,specialty cheese,brown bread,canned vegetables,bottled water,dish cleaner,abrasive cleaner,hygiene articles
ham,hamburger meat,onions,other vegetables,processed cheese,frozen vegetables,domestic eggs,rolls/buns,white bread,cookware,shopping bags
sausage,other vegetables,pasta,oil,margarine,coffee,syrup,canned beer,napkins,light bulbs,shopping bags
pork,tropical fruit,other vegetables,dessert,yogurt,roll products ,flour,rice,coffee,bottled water,soda,fruit/vegetable juice,canned beer,salty snack
beef,other vegetables,butter milk,yogurt,whipped/sour cream,cream cheese ,white bread,fruit/vegetable juice,bottled beer,chocolate
sausage,citrus fruit,whole milk,cream cheese ,processed cheese,frozen vegetables,rolls/buns,pastry,fruit/vegetable juice,chewing gum
citrus fruit,root vegetables,other vegetables,whole milk,curd,yogurt,whipped/sour cream,hard cheese,cream cheese ,domestic eggs,flour,rice,oil,margarine,sugar
frankfurter,tropical fruit,butter,whipped/sour cream,frozen vegetables,rolls/buns,sugar,baking powder,bottled water,misc. beverages,long life bakery product,newspapers
chicken,pork,pip fruit,other vegetables,whole milk,tidbits,frozen fish,rolls/buns,margarine,baking powder,soda,bottled beer,white wine,waffles,chocolate,candy
frankfurter,sausage,liver loaf,ham,chicken,beef,citrus fruit,tropical fruit,root vegetables,other vegetables,whole milk,butter,curd,yogurt,whipped/sour cream,beverages,soft cheese,hard cheese,cream cheese ,mayonnaise,domestic eggs,rolls/buns,roll products ,flour,pasta,margarine,specialty fat,sugar,soups,skin care,hygiene articles,candles
frankfurter,pip fruit,other vegetables,yogurt,spread cheese,rolls/buns,white bread,pastry,coffee,soda,waffles,hygiene articles
ham,pork,hamburger meat,pip fruit,other vegetables,whole milk,butter,curd,dessert,butter milk,whipped/sour cream,domestic eggs,brown bread,roll products ,hygiene articles
pork,root vegetables,other vegetables,specialty fat,sugar,baking powder,cat food,salty snack,waffles,shopping bags
pork,beef,citrus fruit,berries,root vegetables,other vegetables,whole milk,yogurt,cream cheese ,vinegar,oil,cat food,specialty chocolate,detergent,dish cleaner,abrasive cleaner,cleaner,hygiene articles,shopping bags
sausage,meat,pork,whole milk,butter,whipped/sour cream,frozen vegetables,frozen dessert,white bread,brown bread,pastry,coffee
frankfurter,beef,tropical fruit,pip fruit,butter,yogurt,dog food,long life bakery product,cookware,newspapers
chicken,tropical fruit,pip fruit,root vegetables,herbs,other vegetables,dessert,yogurt,whipped/sour cream,beverages,brown bread,cat food,shopping bags
sausage,tropical fruit,whole milk,yogurt,processed cheese,pastry,margarine,Instant food products,coffee,popcorn,house keeping products
frankfurter,whole milk,whipped/sour cream,curd cheese,domestic eggs,margarine,baking powder,cat food,bottled water,canned beer,candy,napkins
sausage,root vegetables,other vegetables,whole milk,butter,whipped/sour cream,processed cheese,sugar,baking powder,jam,coffee,bottled water,soda,fruit/vegetable juice,salty snack,long life bakery product,candy,napkins
turkey,pork,beef,hamburger meat,tropical fruit,root vegetables,onions,other vegetables,whole milk,butter,butter milk,yogurt,rolls/buns,oil,fruit/vegetable juice,waffles,candy
pork,root vegetables,whole milk,curd,whipped/sour cream,rolls/buns,white bread,canned vegetables,soda,cleaner
frankfurter,sausage,tropical fruit,whole milk,yogurt,pastry,sugar,bottled water,soda,fruit/vegetable juice
frankfurter,ham,root vegetables,onions,whole milk,yogurt,rolls/buns,white bread,brown bread,margarine
pork,citrus fruit,root vegetables,other vegetables,whole milk,butter,soda,dishes,newspapers,flower (seeds)
pork,tropical fruit,root vegetables,onions,other vegetables,whole milk,butter,whipped/sour cream,soft cheese,sliced cheese,ice cream,semi-finished bread,soda,newspapers
ham,whole milk,hard cheese,frozen meals,rolls/buns,rice,soups,baking powder,canned vegetables,bottled beer,female sanitary products
chicken,pork,root vegetables,onions,packaged fruit/vegetables,butter,hard cheese,salt,bottled water,bottled beer
frankfurter,meat,tropical fruit,berries,other vegetables,whole milk,whipped/sour cream,domestic eggs,margarine,ketchup,misc. beverages,canned beer,salty snack
sausage,organic sausage,citrus fruit,berries,yogurt,whipped/sour cream,domestic eggs,rolls/buns,canned vegetables,salty snack,newspapers
frankfurter,root vegetables,other vegetables,whole milk,whipped/sour cream,sliced cheese,frozen meals,frozen dessert,flour,sugar,coffee,cleaner,shopping bags
frankfurter,berries,other vegetables,whole milk,soft cheese,domestic eggs,rolls/buns,brown bread,pastry,shopping bags
meat,beef,tropical fruit,pip fruit,berries,other vegetables,whole milk,white bread,brown bread,sugar,detergent
citrus fruit,pip fruit,grapes,other vegetables,dessert,butter milk,yogurt,domestic eggs,flour,oil,sugar,ketchup,detergent,dish cleaner
root vegetables,whole milk,butter,yogurt,whipped/sour cream,soft cheese,cream cheese ,domestic eggs,brown bread,jam,misc. beverages,fruit/vegetable juice,napkins,pot plants
ham,hamburger meat,citrus fruit,root vegetables,onions,other vegetables,whole milk,white bread,brown bread,sugar,soda,red/blush wine,dishes,shopping bags
frankfurter,chicken,butter,dessert,butter milk,ice cream,pastry,oil,margarine,soda,salty snack,chocolate,chocolate marshmallow,detergent,hygiene articles,napkins,pot plants
sausage,ham,meat,chicken,tropical fruit,other vegetables,whole milk,butter,yogurt,cream cheese ,frozen vegetables,domestic eggs,rolls/buns,brown bread,semi-finished bread,candy,newspapers
ham,tropical fruit,grapes,onions,other vegetables,yogurt,whipped/sour cream,soft cheese,sliced cheese,frozen vegetables,white bread,pastry,semi-finished bread,oil,cat food,bottled water,fruit/vegetable juice,detergent,house keeping products
ham,dessert,frozen meals,frozen dessert,white bread,sweet spreads,soda,long life bakery product,specialty bar,hygiene articles,newspapers,shopping bags
sausage,meat,grapes,other vegetables,yogurt,soft cheese,domestic eggs,rolls/buns,margarine,soda,chocolate
tropical fruit,other vegetables,packaged fruit/vegetables,whole milk,frozen meals,white bread,instant coffee,soda,female sanitary products,newspapers,pot plants,shopping bags
beef,root vegetables,whole milk,butter milk,yogurt,beverages,cream cheese ,sweet spreads,soda,chocolate
citrus fruit,onions,other vegetables,whole milk,cream cheese ,domestic eggs,sugar,bottled water,bottled beer,long life bakery product,seasonal products,napkins
packaged fruit/vegetables,whole milk,pastry,bottled water,soda,misc. beverages,chewing gum,specialty bar,hygiene articles,pot plants,shopping bags
finished products,beef,tropical fruit,spread cheese,rolls/buns,waffles,chocolate,specialty chocolate,hair spray,shopping bags
sausage,ham,citrus fruit,grapes,berries,butter milk,frozen meals,domestic eggs,cat food,coffee,bottled water,soda,fruit/vegetable juice,waffles,hygiene articles
tropical fruit,pip fruit,grapes,ice cream,frozen potato products,rolls/buns,pastry,soda,misc. beverages,salty snack,long life bakery product,chewing gum,specialty bar,napkins,photo/film
grapes,root vegetables,whole milk,butter,whipped/sour cream,condensed milk,roll products ,oil,bottled water,fruit/vegetable juice
root vegetables,whole milk,butter,domestic eggs,flour,oil,sugar,baking powder,white wine,specialty chocolate,shopping bags
turkey,citrus fruit,tropical fruit,grapes,root vegetables,onions,other vegetables,rolls/buns,brown bread,pastry,pickled vegetables,jam,cat food,fruit/vegetable juice,napkins
sausage,root vegetables,other vegetables,whole milk,dessert,canned fruit,soda,snack products,waffles,shopping bags
beef,other vegetables,yogurt,beverages,rolls/buns,flour,margarine,cat food,bottled water,fruit/vegetable juice
citrus fruit,tropical fruit,root vegetables,yogurt,roll products ,margarine,sugar,bottled water,napkins,house keeping products
frankfurter,sausage,berries,whole milk,yogurt,brown bread,pastry,margarine,fruit/vegetable juice,waffles,decalcifier,napkins
pork,beef,citrus fruit,root vegetables,other vegetables,whole milk,rolls/buns,flour,pasta,oil,waffles,seasonal products,female sanitary products
beef,citrus fruit,root vegetables,butter,yogurt,whipped/sour cream,frozen meals,pasta,oil,fruit/vegetable juice,waffles,dishes,cookware
chicken,other vegetables,whole milk,curd,ice cream,rolls/buns,sugar,soda,napkins,pot plants
ham,tropical fruit,pip fruit,other vegetables,whole milk,processed cheese,frozen vegetables,brown bread,soda,shopping bags
sausage,hamburger meat,tropical fruit,root vegetables,whole milk,UHT-milk,domestic eggs,rolls/buns,semi-finished bread,margarine,pickled vegetables,soda,fruit/vegetable juice
grapes,root vegetables,other vegetables,roll products ,pasta,oil,margarine,coffee,bottled water,detergent
ham,pip fruit,herbs,other vegetables,butter,rolls/buns,white bread,oil,canned fish,soda
frankfurter,sausage,root vegetables,yogurt,mayonnaise,rolls/buns,brown bread,roll products ,margarine,coffee
sausage,tropical fruit,whole milk,processed cheese,frozen vegetables,domestic eggs,rolls/buns,white bread,rice,soda,detergent,softener,decalcifier,napkins,shopping bags
hamburger meat,pip fruit,other vegetables,butter,cream cheese ,mayonnaise,domestic eggs,pastry,rice,margarine,canned fruit,canned fish,coffee,tea,candles
sausage,whole milk,yogurt,pastry,pudding powder,bottled water,soda,bottled beer,canned beer,male cosmetics,flower (seeds)
sausage,tropical fruit,pip fruit,other vegetables,whole milk,curd,dessert,yogurt,whipped/sour cream,cream cheese ,brown bread,detergent
chicken,hamburger meat,pip fruit,onions,other vegetables,whole milk,butter,yogurt,whipped/sour cream,white bread,long life bakery product,chocolate
pip fruit,other vegetables,butter milk,frozen vegetables,brown bread,soups,sauces,fruit/vegetable juice,long life bakery product,cling film/bags
turkey,citrus fruit,tropical fruit,pip fruit,berries,root vegetables,herbs,whole milk,butter,frozen vegetables,sauces,pickled vegetables,bottled water,rubbing alcohol,hygiene articles,napkins,flower (seeds)
sausage,meat,pip fruit,other vegetables,yogurt,rolls/buns,brown bread,bottled water,soda,fruit/vegetable juice,newspapers
tropical fruit,pip fruit,root vegetables,whole milk,yogurt,rolls/buns,sweet spreads,cat food,pet care,hygiene articles,shopping bags
chicken,dessert,yogurt,frozen vegetables,domestic eggs,salt,pasta,specialty fat,bottled water,newspapers
frankfurter,root vegetables,whole milk,butter milk,whipped/sour cream,rolls/buns,pastry,vinegar,coffee,bottled water,dish cleaner,female sanitary products
meat,citrus fruit,pip fruit,curd,yogurt,whipped/sour cream,domestic eggs,pastry,flour,fruit/vegetable juice,bottled beer,salty snack,chocolate,cooking chocolate,hygiene articles,napkins,shopping bags
pork,pip fruit,other vegetables,whole milk,yogurt,frozen fish,flour,sugar,baking powder,long life bakery product,chewing gum
beef,citrus fruit,pip fruit,root vegetables,other vegetables,whipped/sour cream,margarine,canned vegetables,cat food,shopping bags
sausage,chicken,beef,root vegetables,other vegetables,curd,yogurt,cream cheese ,ice cream,newspapers
root vegetables,other vegetables,domestic eggs,sugar,instant coffee,bottled water,soda,bottled beer,red/blush wine,waffles,specialty chocolate
pork,hamburger meat,yogurt,cream cheese ,spread cheese,frozen vegetables,pasta,instant coffee,soda,waffles,specialty bar,seasonal products
frankfurter,pork,citrus fruit,pip fruit,other vegetables,whipped/sour cream,UHT-milk,salad dressing,frozen potato products,salty snack,newspapers
other vegetables,whole milk,frozen potato products,rolls/buns,pasta,instant coffee,soda,fruit/vegetable juice,bottled beer,cake bar,seasonal products
sausage,meat,turkey,citrus fruit,tropical fruit,pip fruit,root vegetables,onions,herbs,other vegetables,whole milk,curd,yogurt,whipped/sour cream,soft cheese,cream cheese ,frozen vegetables,brown bread,pastry,semi-finished bread,margarine
liver loaf,pork,citrus fruit,tropical fruit,root vegetables,other vegetables,whole milk,curd,dessert,yogurt,frozen vegetables,brown bread,semi-finished bread,oil,dog food,fruit/vegetable juice
citrus fruit,whole milk,sliced cheese,rolls/buns,pastry,roll products ,coffee,bottled water,soda,bottled beer,canned beer,rum,waffles,chocolate
whole milk,curd,yogurt,frozen vegetables,margarine,ketchup,cereals,canned fish,soda,cling film/bags
turkey,hamburger meat,root vegetables,other vegetables,whole milk,yogurt,hard cheese,cereals,long life bakery product,specialty chocolate,candy,hygiene articles
ham,beef,tropical fruit,pip fruit,other vegetables,whole milk,dessert,yogurt,whipped/sour cream,soft cheese,frozen potato products,rolls/buns,soda,long life bakery product,chocolate
chicken,hamburger meat,whole milk,rolls/buns,flour,margarine,coffee,canned beer,hygiene articles,shopping bags
sausage,ham,meat,pork,tropical fruit,pip fruit,grapes,other vegetables,whole milk,butter,whipped/sour cream,frozen meals,frozen fish,ice cream,domestic eggs,pastry,soda,syrup,detergent
tropical fruit,pip fruit,whole milk,curd,yogurt,frozen vegetables,frozen meals,white bread,instant coffee,misc. beverages,bottled beer,hygiene articles
tropical fruit,pip fruit,root vegetables,whole milk,yogurt,beverages,domestic eggs,white bread,sweet spreads,soda
citrus fruit,pip fruit,other vegetables,whole milk,butter,cream cheese ,domestic eggs,vinegar,fruit/vegetable juice,softener,napkins
sausage,pork,fish,citrus fruit,berries,whipped/sour cream,soda,fruit/vegetable juice,bathroom cleaner,soap
berries,root vegetables,whole milk,dessert,yogurt,whipped/sour cream,cream cheese ,semi-finished bread,canned fruit,fruit/vegetable juice
citrus fruit,berries,onions,other vegetables,condensed milk,soft cheese,oil,pickled vegetables,specialty vegetables,coffee,bottled water,soda,bottled beer,dish cleaner,male cosmetics,cling film/bags
sausage,chicken,beef,pip fruit,root vegetables,onions,yogurt,soft cheese,mayonnaise,margarine,jam,sweet spreads,coffee,bottled water,soda,dish cleaner
sausage,chicken,pip fruit,berries,other vegetables,dessert,yogurt,frozen vegetables,frozen meals,brown bread,semi-finished bread,ketchup,spices,ready soups,soda,canned beer,popcorn
whole milk,yogurt,cream cheese ,oil,pickled vegetables,cat food,misc. beverages,long life bakery product,chocolate,specialty bar,dishes
root vegetables,curd,dessert,whipped/sour cream,pastry,sauces,coffee,soda,fruit/vegetable juice,newspapers
root vegetables,onions,other vegetables,yogurt,frozen meals,vinegar,canned vegetables,soda,salty snack,napkins
chicken,beef,citrus fruit,whole milk,cream cheese ,domestic eggs,rolls/buns,canned beer,napkins,shopping bags
sausage,citrus fruit,other vegetables,dessert,yogurt,whipped/sour cream,hard cheese,curd cheese,white bread,semi-finished bread,cat food,bottled water,seasonal products,softener,flower soil/fertilizer,flower (seeds)
onions,dessert,yogurt,domestic eggs,rolls/buns,brown bread,pastry,cat food,bottled water,soda,fruit/vegetable juice,long life bakery product,chocolate,female sanitary products,napkins
sausage,root vegetables,other vegetables,dessert,yogurt,whipped/sour cream,sliced cheese,domestic eggs,white bread,pastry,bottled water,fruit/vegetable juice,popcorn
condensed milk,pastry,coffee,soda,red/blush wine,salty snack,nut snack,long life bakery product,waffles,cookware
chicken,citrus fruit,yogurt,UHT-milk,soft cheese,rolls/buns,margarine,mustard,coffee,kitchen towels,candles
sausage,beef,other vegetables,frozen fish,domestic eggs,roll products ,margarine,sugar,baking powder,coffee,kitchen towels,shopping bags
citrus fruit,tropical fruit,pip fruit,grapes,onions,other vegetables,sliced cheese,cream cheese ,mayonnaise,ice cream,frozen dessert,margarine,mustard,soups,pickled vegetables,coffee,long life bakery product,chocolate,seasonal products,female sanitary products,hygiene articles,cling film/bags
sausage,meat,other vegetables,curd,sliced cheese,domestic eggs,rolls/buns,pastry,cat food,bottled water,soda,newspapers,shopping bags
tropical fruit,pip fruit,whole milk,cream cheese ,frozen dessert,rolls/buns,bottled water,waffles,napkins,dishes
sausage,citrus fruit,pip fruit,root vegetables,herbs,other vegetables,curd,yogurt,soft cheese,cat food,shopping bags
hamburger meat,whole milk,ice cream,domestic eggs,white bread,pastry,margarine,sweet spreads,soda,fruit/vegetable juice,syrup,red/blush wine,salty snack,popcorn,shopping bags
pork,root vegetables,sliced cheese,frozen vegetables,frozen potato products,mustard,bottled water,fruit/vegetable juice,napkins,shopping bags
sausage,ham,citrus fruit,other vegetables,butter,hard cheese,curd cheese,domestic eggs,rolls/buns,brown bread,margarine,soda,candy
frankfurter,other vegetables,yogurt,beverages,hard cheese,rolls/buns,canned fish,soda,canned beer,brandy,shopping bags
frankfurter,whole milk,yogurt,processed cheese,ice cream,frozen dessert,rolls/buns,white bread,brown bread,sugar,coffee,bottled water,soda,bottled beer,candy
frankfurter,meat,berries,root vegetables,butter,whipped/sour cream,frozen vegetables,domestic eggs,rolls/buns,oil,specialty fat,spices,baking powder,bottled beer,waffles,napkins
sausage,pork,berries,other vegetables,whole milk,rolls/buns,brown bread,roll products ,margarine,sweet spreads,softener
beef,herbs,other vegetables,whole milk,dessert,yogurt,whipped/sour cream,mayonnaise,domestic eggs,brown bread,sweet spreads,cat food,soda,fruit/vegetable juice
root vegetables,onions,other vegetables,whole milk,whipped/sour cream,specialty cheese,frozen meals,rolls/buns,white bread,pastry,canned vegetables,sweet spreads
liver loaf,ham,pip fruit,root vegetables,other vegetables,whole milk,curd,dessert,butter milk,yogurt,mayonnaise,white bread,pastry,rice,sugar,pet care,coffee,soda,fruit/vegetable juice,salty snack,long life bakery product,napkins
other vegetables,cream cheese ,white bread,jam,coffee,bottled water,soda,fruit/vegetable juice,canned beer,red/blush wine,cling film/bags
tropical fruit,whole milk,spread cheese,cat food,coffee,bottled water,soda,misc. beverages,fruit/vegetable juice,shopping bags
sausage,beef,hamburger meat,yogurt,soft cheese,cream cheese ,domestic eggs,rolls/buns,pastry,instant coffee
frankfurter,sausage,chicken,other vegetables,frozen meals,salt,sugar,soups,coffee,chewing gum,male cosmetics,hygiene articles,napkins,light bulbs
sausage,pork,beef,root vegetables,butter,yogurt,spread cheese,rolls/buns,brown bread,pastry,oil,canned fish
frankfurter,citrus fruit,tropical fruit,pip fruit,other vegetables,whole milk,curd,yogurt,whipped/sour cream,domestic eggs,sugar,bottled water,salty snack,candy,hygiene articles
pip fruit,other vegetables,whole milk,butter,curd,rolls/buns,margarine,baking powder,bottled water,bottled beer,canned beer,cooking chocolate,napkins
chicken,beef,tropical fruit,root vegetables,onions,other vegetables,pickled vegetables,canned fish,bottled water,misc. beverages,fruit/vegetable juice,napkins
organic sausage,chicken,citrus fruit,grapes,other vegetables,butter,yogurt,whipped/sour cream,rolls/buns,seasonal products,hygiene articles
sausage,citrus fruit,pip fruit,whole milk,cream cheese ,tidbits,domestic eggs,pastry,sugar,fruit/vegetable juice,chocolate,chocolate marshmallow
frankfurter,pip fruit,root vegetables,other vegetables,whole milk,soft cheese,cream cheese ,frozen vegetables,salt,specialty fat,sugar,jam,canned fish,coffee,fruit/vegetable juice,long life bakery product,waffles,chocolate,shopping bags
frankfurter,root vegetables,whole milk,frozen vegetables,coffee,soda,long life bakery product,napkins,house keeping products,newspapers,shopping bags
sausage,citrus fruit,other vegetables,hard cheese,cream cheese ,frozen dessert,artif. sweetener,coffee,cling film/bags,newspapers
pork,hamburger meat,pip fruit,herbs,other vegetables,whole milk,butter,sliced cheese,processed cheese,rolls/buns,pastry,roll products ,margarine
sausage,ham,pip fruit,whole milk,butter milk,yogurt,hard cheese,spread cheese,rolls/buns,pastry,margarine,salty snack,shopping bags
pork,tropical fruit,whole milk,curd,frozen meals,domestic eggs,margarine,pickled vegetables,soda,bottled beer,pot plants
sausage,pork,beef,hamburger meat,grapes,root vegetables,other vegetables,dessert,rolls/buns,dog food,napkins
citrus fruit,pip fruit,root vegetables,onions,herbs,other vegetables,whole milk,butter,processed cheese,frozen vegetables,bottled water,red/blush wine,long life bakery product,chocolate,rubbing alcohol,hygiene articles,napkins
chicken,citrus fruit,tropical fruit,other vegetables,whole milk,whipped/sour cream,rolls/buns,pastry,flour,specialty chocolate
frankfurter,sausage,citrus fruit,root vegetables,other vegetables,whole milk,yogurt,whipped/sour cream,frozen vegetables,white bread,brown bread,pasta,vinegar,soda,salty snack,detergent
beef,root vegetables,other vegetables,whole milk,dessert,yogurt,rolls/buns,margarine,jam,soda,liquor (appetizer),waffles,chocolate marshmallow,candy,bathroom cleaner,light bulbs
finished products,chicken,pork,beef,hamburger meat,berries,butter,domestic eggs,rolls/buns,brown bread,pastry,flour,Instant food products,soda,salty snack,chocolate,specialty chocolate,hygiene articles,flower (seeds)
hamburger meat,root vegetables,frozen vegetables,rolls/buns,brown bread,margarine,soda,fruit/vegetable juice,white wine,kitchen towels,newspapers
citrus fruit,tropical fruit,pip fruit,grapes,berries,root vegetables,other vegetables,beverages,Instant food products,long life bakery product
frankfurter,sausage,other vegetables,whole milk,butter,curd,dessert,yogurt,brown bread,pastry,waffles,chocolate,dishes
chicken,beef,pip fruit,berries,other vegetables,whole milk,whipped/sour cream,frozen fruits,frozen meals,domestic eggs,salty snack
pork,yogurt,beverages,frozen vegetables,frozen meals,rolls/buns,potato products,bottled beer,chocolate marshmallow,kitchen towels
pork,tropical fruit,root vegetables,whipped/sour cream,UHT-milk,frozen vegetables,roll products ,oil,bottled water,candy
pork,tropical fruit,root vegetables,herbs,whole milk,butter,domestic eggs,rolls/buns,baking powder,bottled water,rum,salty snack,chocolate,hygiene articles
tropical fruit,onions,spread cheese,coffee,canned beer,liquor (appetizer),red/blush wine,dental care,light bulbs,newspapers
sausage,meat,pork,root vegetables,other vegetables,sliced cheese,margarine,cat food,coffee,dental care
ham,tropical fruit,pip fruit,grapes,berries,other vegetables,curd,dessert,yogurt,rolls/buns,margarine,honey,specialty chocolate,detergent,napkins,cling film/bags
chicken,citrus fruit,root vegetables,other vegetables,beverages,ice cream,rice,Instant food products,sweet spreads,canned fish,soda,fruit/vegetable juice,red/blush wine,newspapers,shopping bags
tropical fruit,root vegetables,other vegetables,butter,dessert,sliced cheese,frozen vegetables,ice cream,frozen dessert,rolls/buns,Instant food products,baking powder,canned fish,fruit/vegetable juice,newspapers,shopping bags
sausage,hamburger meat,citrus fruit,other vegetables,dessert,yogurt,frozen meals,frozen potato products,white bread,fruit/vegetable juice,long life bakery product,chocolate,candy,house keeping products
meat,turkey,tropical fruit,root vegetables,onions,other vegetables,whole milk,butter,yogurt,whipped/sour cream,sliced cheese,hard cheese,frozen meals,frozen dessert,domestic eggs,white bread,salt,rice,oil,margarine,mustard,baking powder,dog food,bottled water,fruit/vegetable juice,rum,long life bakery product,chocolate,cooking chocolate
frankfurter,pork,beef,hamburger meat,other vegetables,whole milk,butter,curd,yogurt,whipped/sour cream,cream cheese ,frozen vegetables,domestic eggs,rolls/buns,sugar,mustard,ketchup,meat spreads,canned fish,bottled beer,chewing gum,decalcifier,hygiene articles
frankfurter,pork,pip fruit,root vegetables,other vegetables,whole milk,butter milk,yogurt,cream cheese ,rolls/buns,brown bread,soda
frankfurter,tropical fruit,root vegetables,whole milk,curd,dessert,frozen vegetables,pastry,instant coffee,tea,newspapers
hamburger meat,pip fruit,other vegetables,whole milk,yogurt,cream cheese ,margarine,sugar,baking powder,meat spreads,bottled water,chewing gum
root vegetables,other vegetables,whole milk,butter,dessert,frozen meals,frozen fish,rice,bottled water,fruit/vegetable juice,long life bakery product,chocolate
beef,hamburger meat,tropical fruit,root vegetables,onions,other vegetables,whole milk,butter,yogurt,whipped/sour cream,sliced cheese,mayonnaise,frozen vegetables,frozen potato products,rolls/buns,white bread,rice,oil,specialty fat,specialty vegetables,canned fish,coffee,instant coffee,bottled beer,liquor (appetizer),long life bakery product,chocolate,napkins,house keeping products
chicken,citrus fruit,curd,yogurt,domestic eggs,rolls/buns,spices,bottled water,waffles,chocolate,shopping bags
citrus fruit,tropical fruit,other vegetables,whole milk,butter,whipped/sour cream,domestic eggs,sugar,salty snack,long life bakery product,napkins,shopping bags
berries,root vegetables,herbs,other vegetables,whole milk,curd,cream cheese ,cereals,long life bakery product,waffles,shopping bags
citrus fruit,tropical fruit,root vegetables,other vegetables,whole milk,yogurt,sliced cheese,hard cheese,specialty cheese,dog food,bottled water,newspapers
frankfurter,beef,pip fruit,whole milk,yogurt,whipped/sour cream,cream cheese ,frozen vegetables,flour,margarine,canned vegetables,pickled vegetables,coffee,bottled water,soda,misc. beverages,fruit/vegetable juice,salty snack,waffles,pot plants
citrus fruit,root vegetables,other vegetables,whole milk,whipped/sour cream,soft cheese,frozen vegetables,white bread,flour,margarine,baking powder,waffles,hygiene articles
tropical fruit,other vegetables,whole milk,curd,butter milk,yogurt,whipped/sour cream,cream cheese ,rolls/buns,pastry
tropical fruit,pip fruit,other vegetables,frozen vegetables,ice cream,brown bread,pastry,flour,pickled vegetables,coffee,soda,misc. beverages,fruit/vegetable juice
pork,root vegetables,other vegetables,whole milk,butter,whipped/sour cream,processed cheese,domestic eggs,rolls/buns,white bread,pastry,jam,soda,waffles,candy,napkins
pip fruit,grapes,whole milk,yogurt,spread cheese,brown bread,semi-finished bread,rice,pickled vegetables,bottled beer,newspapers,pot plants
sausage,beef,citrus fruit,tropical fruit,nuts/prunes,root vegetables,other vegetables,whole milk,mayonnaise,oil,baking powder,pickled vegetables,chocolate,newspapers
frankfurter,pip fruit,nuts/prunes,onions,specialty cheese,brown bread,soda,fruit/vegetable juice,salty snack,chocolate,male cosmetics,shopping bags
citrus fruit,tropical fruit,other vegetables,whole milk,butter,yogurt,whipped/sour cream,soft cheese,sliced cheese,hard cheese,roll products ,margarine,soda,misc. beverages,fruit/vegetable juice,chocolate,newspapers
finished products,tropical fruit,pip fruit,other vegetables,whole milk,frozen fish,pastry,canned fish,seasonal products,dental care,hygiene articles,pot plants
chicken,other vegetables,whole milk,domestic eggs,oil,margarine,sugar,coffee,bottled beer,specialty bar,candy
sausage,root vegetables,onions,herbs,other vegetables,UHT-milk,hard cheese,cream cheese ,frozen vegetables,rolls/buns,bottled water,soda,bottled beer,red/blush wine
chicken,pork,other vegetables,whole milk,butter,curd,margarine,pickled vegetables,waffles,specialty chocolate,hygiene articles
beef,root vegetables,herbs,packaged fruit/vegetables,whipped/sour cream,cream cheese ,vinegar,oil,margarine,soups,pickled vegetables,meat spreads,canned fish,fruit/vegetable juice,candles
root vegetables,whole milk,semi-finished bread,cat food,fruit/vegetable juice,canned beer,liquor (appetizer),waffles,hygiene articles,newspapers,shopping bags
frankfurter,pork,tropical fruit,root vegetables,other vegetables,whole milk,curd,butter milk,yogurt,frozen dessert,chewing gum
tropical fruit,pip fruit,other vegetables,butter milk,yogurt,whipped/sour cream,UHT-milk,margarine,sugar,waffles
pip fruit,other vegetables,whole milk,butter milk,yogurt,cream cheese ,pasta,fruit/vegetable juice,dental care,hygiene articles,kitchen towels,photo/film
citrus fruit,pip fruit,root vegetables,other vegetables,butter,UHT-milk,frozen vegetables,pastry,margarine,sugar,soups,soda,bottled beer,long life bakery product,softener
pork,citrus fruit,pip fruit,root vegetables,other vegetables,dessert,butter milk,sliced cheese,processed cheese,fruit/vegetable juice,chocolate,shopping bags
ham,root vegetables,other vegetables,dessert,brown bread,pasta,margarine,bottled water,fruit/vegetable juice,red/blush wine
ham,meat,berries,other vegetables,whole milk,butter,yogurt,processed cheese,specialty cheese,white bread,margarine,specialty bar
beef,hamburger meat,tropical fruit,pip fruit,other vegetables,whole milk,butter milk,yogurt,ice cream,rolls/buns,pastry,fruit/vegetable juice
ham,citrus fruit,tropical fruit,pip fruit,herbs,other vegetables,whole milk,yogurt,spread cheese,brown bread,dog food,fruit/vegetable juice
frankfurter,liver loaf,pip fruit,whole milk,yogurt,beverages,cream cheese ,frozen vegetables,frozen meals,brown bread,pastry,cereals,bottled water,soda,fruit/vegetable juice,kitchen towels
hamburger meat,pip fruit,root vegetables,other vegetables,whole milk,curd,domestic eggs,salt,vinegar,oil,margarine,spices,coffee,bottled beer,newspapers
frankfurter,chicken,pork,citrus fruit,root vegetables,whole milk,yogurt,brown bread,instant coffee,seasonal products
sausage,ham,grapes,other vegetables,UHT-milk,frozen meals,frozen potato products,rolls/buns,waffles,chocolate,candy
frankfurter,pork,citrus fruit,other vegetables,domestic eggs,pastry,ketchup,pickled vegetables,soda,syrup,skin care,newspapers
frankfurter,chicken,hamburger meat,pip fruit,other vegetables,whole milk,butter,curd,whipped/sour cream,salad dressing,frozen dessert,frozen potato products,pastry,rice
citrus fruit,tropical fruit,root vegetables,other vegetables,whole milk,whipped/sour cream,curd cheese,frozen vegetables,soups,cat food,chewing gum
tropical fruit,other vegetables,whipped/sour cream,beverages,hard cheese,cream cheese ,flour,sweet spreads,soda,long life bakery product
chicken,hamburger meat,root vegetables,onions,other vegetables,whole milk,butter,curd,butter milk,frozen vegetables,domestic eggs,oil,canned vegetables,popcorn
tropical fruit,berries,other vegetables,whole milk,yogurt,whipped/sour cream,frozen vegetables,coffee,bottled water,soda,salty snack,long life bakery product,specialty bar
pip fruit,onions,other vegetables,whole milk,butter,soft cheese,domestic eggs,white bread,margarine,cocoa drinks,bottled water,fruit/vegetable juice,chocolate
sausage,meat,chicken,pip fruit,whole milk,dessert,whipped/sour cream,processed cheese,domestic eggs,rolls/buns,white bread,pickled vegetables,soda,fruit/vegetable juice,salty snack,long life bakery product,waffles,pot plants
ham,frozen potato products,white bread,pastry,cat food,bottled water,soda,candy,sound storage medium,shopping bags
tropical fruit,grapes,onions,other vegetables,yogurt,domestic eggs,oil,pudding powder,pickled vegetables,salty snack,waffles,specialty bar
organic sausage,citrus fruit,whole milk,whipped/sour cream,hard cheese,rolls/buns,pastry,bottled beer,long life bakery product,detergent,napkins,house keeping products,candles
citrus fruit,tropical fruit,pip fruit,yogurt,pastry,margarine,cat food,pet care,bottled water,chocolate,specialty bar,dental care,napkins
sausage,finished products,beef,citrus fruit,onions,other vegetables,whole milk,dessert,frozen dessert,brown bread,canned vegetables,canned fruit,soda
ham,meat,whole milk,dessert,butter milk,whipped/sour cream,sliced cheese,rolls/buns,soda,fruit/vegetable juice
sausage,beef,tropical fruit,onions,frozen vegetables,domestic eggs,white bread,semi-finished bread,sugar,baking powder,canned fish,coffee,seasonal products
other vegetables,yogurt,soft cheese,domestic eggs,brown bread,roll products ,cat food,coffee,bottled water,canned beer,specialty chocolate,specialty bar,detergent,softener,napkins,shopping bags
frankfurter,chicken,tropical fruit,pip fruit,root vegetables,other vegetables,whole milk,yogurt,domestic eggs,rolls/buns,pastry,oil,bottled water,soda,canned beer,shopping bags
pork,root vegetables,other vegetables,dessert,condensed milk,hard cheese,specialty cheese,frozen vegetables,ice cream,pickled vegetables,canned fish,cat food,salty snack,nut snack,waffles,seasonal products
sausage,tropical fruit,berries,whole milk,butter,rolls/buns,roll products ,vinegar,sugar,jam,candles
other vegetables,whole milk,butter milk,yogurt,cream cheese ,domestic eggs,rolls/buns,brown bread,soda,fruit/vegetable juice,canned beer,red/blush wine,long life bakery product,chocolate,shopping bags
ham,root vegetables,whole milk,curd,yogurt,frozen meals,domestic eggs,white bread,roll products ,flour,pasta,sugar,meat spreads,chewing gum
pip fruit,berries,root vegetables,yogurt,soft cheese,hard cheese,frozen meals,frozen fish,frozen dessert,white bread,pastry,pasta,cereals,soda,long life bakery product,cake bar,detergent
sausage,turkey,hamburger meat,grapes,other vegetables,whole milk,curd,dessert,yogurt,soft cheese,frozen vegetables,coffee,long life bakery product,chocolate marshmallow
tropical fruit,nuts/prunes,whole milk,cream cheese ,domestic eggs,rolls/buns,white bread,flour,margarine,cat food,bottled water,bottled beer,softener,hygiene articles,napkins
tropical fruit,grapes,whole milk,pastry,dog food,soda,waffles,specialty bar,cleaner,shopping bags
sausage,chicken,pork,beef,citrus fruit,tropical fruit,whole milk,processed cheese,frozen meals,domestic eggs,brown bread,semi-finished bread,soda,chocolate
pork,tropical fruit,onions,herbs,whole milk,butter,frozen vegetables,rolls/buns,jam,bottled water,liquor (appetizer)
ham,turkey,tropical fruit,whole milk,butter,frozen meals,pastry,roll products ,semi-finished bread,cat food,soda,waffles,cake bar,specialty chocolate,kitchen towels,shopping bags
ham,whole milk,dessert,processed cheese,domestic eggs,white bread,pickled vegetables,specialty vegetables,coffee,specialty chocolate,dental care,hygiene articles
frankfurter,sausage,citrus fruit,root vegetables,other vegetables,yogurt,soft cheese,spread cheese,rolls/buns,bottled water
meat,pork,root vegetables,other vegetables,yogurt,cream cheese ,rolls/buns,white bread,vinegar,soda,cake bar,napkins
other vegetables,whole milk,yogurt,rolls/buns,brown bread,coffee,soda,fruit/vegetable juice,bottled beer,chocolate,specialty chocolate,specialty bar,napkins,dishes
ham,chicken,citrus fruit,tropical fruit,berries,root vegetables,other vegetables,whole milk,yogurt,whipped/sour cream,beverages,soft cheese,sliced cheese,rolls/buns,pastry,semi-finished bread,oil,fruit/vegetable juice
frankfurter,citrus fruit,tropical fruit,pip fruit,grapes,root vegetables,other vegetables,whole milk,yogurt,frozen meals,frozen fish,frozen dessert,brown bread
pork,grapes,berries,other vegetables,whipped/sour cream,frozen dessert,domestic eggs,rolls/buns,pastry,sugar,baking powder,bottled water,dishes
grapes,root vegetables,other vegetables,whipped/sour cream,cat food,chewing gum,decalcifier,bathroom cleaner,napkins,dishes,kitchen towels
ham,citrus fruit,butter milk,yogurt,cream cheese ,rolls/buns,dog food,female sanitary products,napkins,pot plants
grapes,berries,other vegetables,curd,sliced cheese,pastry,misc. beverages,salty snack,detergent,hygiene articles,napkins
sausage,tropical fruit,whole milk,butter milk,yogurt,white bread,meat spreads,soda,fruit/vegetable juice,shopping bags
sausage,meat,citrus fruit,yogurt,ice cream,rolls/buns,brown bread,pickled vegetables,jam,liquor,newspapers
pork,citrus fruit,tropical fruit,whole milk,frozen vegetables,domestic eggs,honey,canned vegetables,red/blush wine,chocolate marshmallow,napkins
pork,tropical fruit,whole milk,butter,dessert,yogurt,frozen vegetables,frozen meals,frozen chicken,coffee,fruit/vegetable juice,chocolate,dental care,kitchen towels,newspapers
chicken,tropical fruit,pip fruit,other vegetables,yogurt,soft cheese,domestic eggs,roll products ,fruit/vegetable juice,dish cleaner
sausage,chicken,beef,other vegetables,butter,dessert,whipped/sour cream,UHT-milk,soft cheese,frozen meals,brown bread,pasta,oil,specialty fat,pudding powder,pickled vegetables,specialty bar
pip fruit,onions,whole milk,yogurt,frozen vegetables,frozen fish,rolls/buns,semi-finished bread,margarine,bottled beer
sausage,hamburger meat,tropical fruit,pip fruit,whole milk,beverages,frozen vegetables,frozen meals,white bread,pasta,pickled vegetables,sweet spreads,bottled water,fruit/vegetable juice,long life bakery product,specialty bar,detergent,newspapers
sausage,beef,tropical fruit,pip fruit,berries,root vegetables,other vegetables,whole milk,mustard,candles
frankfurter,beef,other vegetables,whole milk,butter,yogurt,soft cheese,pastry,oil,coffee,bottled water,soda,cake bar,specialty bar,detergent,hygiene articles,dishes
meat,chicken,hamburger meat,citrus fruit,whole milk,butter,butter milk,yogurt,soft cheese,frozen vegetables,domestic eggs,rolls/buns,fruit/vegetable juice,seasonal products
tropical fruit,other vegetables,whole milk,curd,yogurt,frozen vegetables,frozen dessert,rolls/buns,soda,liquor (appetizer),waffles,candy,seasonal products,candles
chicken,hamburger meat,pip fruit,other vegetables,UHT-milk,sliced cheese,specialty cheese,dog food,coffee,brandy,softener,pot plants
ham,chicken,turkey,beef,onions,whole milk,butter,frozen potato products,domestic eggs,pastry,salt,sugar,jam,coffee
hamburger meat,tropical fruit,yogurt,frozen vegetables,domestic eggs,rolls/buns,meat spreads,cat food,soda,misc. beverages
beef,citrus fruit,tropical fruit,whole milk,yogurt,margarine,specialty fat,mustard,canned vegetables,napkins
sausage,root vegetables,curd,yogurt,whipped/sour cream,sliced cheese,processed cheese,domestic eggs,oil,Instant food products,soda,red/blush wine,candy,newspapers
pork,root vegetables,other vegetables,mayonnaise,domestic eggs,rolls/buns,mustard,fruit/vegetable juice,chewing gum,dishes
beef,root vegetables,herbs,other vegetables,whole milk,butter,curd,whipped/sour cream,rolls/buns,pastry,margarine
meat,chicken,other vegetables,butter milk,yogurt,roll products ,flour,cat food,soda,dishes
chicken,pork,citrus fruit,root vegetables,herbs,other vegetables,whole milk,butter,frozen dessert,domestic eggs,rolls/buns,bottled water,bottled beer
tropical fruit,other vegetables,yogurt,domestic eggs,rolls/buns,pastry,semi-finished bread,zwieback,oil,margarine,organic products,coffee,bottled water,soda,snack products,waffles,chocolate marshmallow,candy,seasonal products
finished products,other vegetables,whole milk,yogurt,curd cheese,brown bread,pastry,potato products,baking powder,soda,specialty chocolate,candy,seasonal products
beef,root vegetables,other vegetables,frozen dessert,pastry,vinegar,margarine,sugar,cat food,coffee,bottled beer,cling film/bags,candles,pot plants
frankfurter,chicken,pork,other vegetables,yogurt,whipped/sour cream,soft cheese,rolls/buns,instant coffee,bottled water,napkins
sausage,citrus fruit,other vegetables,whole milk,whipped/sour cream,sliced cheese,cream cheese ,domestic eggs,rolls/buns,pastry,sugar,baking powder
sausage,turkey,citrus fruit,other vegetables,whole milk,butter,curd,whipped/sour cream,tidbits,ice cream,rolls/buns,pastry,soda,newspapers
root vegetables,whole milk,whipped/sour cream,frozen meals,flour,oil,waffles,seasonal products,napkins,house keeping products,photo/film,shopping bags
finished products,beef,citrus fruit,pip fruit,root vegetables,whole milk,semi-finished bread,potato products,rice,soda,fruit/vegetable juice,candy,pot plants,shopping bags
citrus fruit,pip fruit,butter,rolls/buns,oil,soda,bottled beer,brandy,red/blush wine,sparkling wine
citrus fruit,tropical fruit,root vegetables,other vegetables,yogurt,whipped/sour cream,frozen vegetables,ice cream,rolls/buns,salt,sugar,soda,napkins,newspapers
ham,root vegetables,onions,other vegetables,whole milk,whipped/sour cream,soft cheese,sliced cheese,hard cheese,cream cheese ,specialty cheese,domestic eggs,salt,canned fish,napkins
root vegetables,other vegetables,yogurt,UHT-milk,sugar,coffee,soda,misc. beverages,canned beer,dishes,newspapers
sausage,citrus fruit,tropical fruit,other vegetables,whole milk,butter,whipped/sour cream,hard cheese,domestic eggs,dishes
tropical fruit,yogurt,UHT-milk,cream cheese ,processed cheese,rolls/buns,pastry,margarine,waffles,hygiene articles
chicken,packaged fruit/vegetables,whole milk,curd,whipped/sour cream,frozen vegetables,frozen dessert,rolls/buns,white bread,brown bread,margarine,soda,long life bakery product,specialty chocolate,candy
ham,tropical fruit,pip fruit,other vegetables,whole milk,yogurt,whipped/sour cream,spread cheese,curd cheese,ice cream,sugar,baking powder,fruit/vegetable juice,salty snack,waffles,decalcifier,hygiene articles,napkins,light bulbs
sausage,citrus fruit,other vegetables,yogurt,whipped/sour cream,frozen meals,pasta,coffee,bottled water,shopping bags
frankfurter,citrus fruit,onions,other vegetables,curd,whipped/sour cream,frozen dessert,domestic eggs,white bread,vinegar,baking powder
beef,hamburger meat,whole milk,curd,yogurt,cream cheese ,spices,pickled vegetables,sweet spreads,cat food,soda,chocolate,cleaner
sausage,meat,other vegetables,yogurt,whipped/sour cream,domestic eggs,semi-finished bread,instant coffee,bottled water,soda,bottled beer,newspapers,shopping bags
pip fruit,nuts/prunes,whole milk,yogurt,whipped/sour cream,cream cheese ,rolls/buns,waffles,chocolate,newspapers
sausage,meat,pork,citrus fruit,curd,UHT-milk,brown bread,sugar,soda,fruit/vegetable juice,cookware,house keeping products
curd,white bread,pastry,soda,salty snack,popcorn,waffles,chewing gum,chocolate,specialty chocolate
frankfurter,chicken,beef,hamburger meat,tropical fruit,other vegetables,butter,curd,butter milk,yogurt,whipped/sour cream,UHT-milk,frozen vegetables,pastry,flour,margarine,canned fish,coffee,fruit/vegetable juice,salty snack,specialty chocolate
meat,tropical fruit,root vegetables,other vegetables,whole milk,butter,whipped/sour cream,frozen meals,rolls/buns,hygiene articles
tropical fruit,pip fruit,root vegetables,curd,yogurt,flour,margarine,sugar,bottled water,newspapers
tropical fruit,pip fruit,whole milk,yogurt,ice cream,frozen dessert,domestic eggs,pastry,flour,margarine,coffee,cake bar,napkins,shopping bags
sausage,pip fruit,rolls/buns,pastry,soda,fruit/vegetable juice,canned beer,salty snack,candy,hygiene articles
sausage,ham,other vegetables,beverages,mayonnaise,rolls/buns,soda,bottled beer,chocolate,chocolate marshmallow,candy
citrus fruit,tropical fruit,root vegetables,other vegetables,whole milk,yogurt,oil,cat food,soda,misc. beverages,fruit/vegetable juice,newspapers
ham,onions,other vegetables,whole milk,whipped/sour cream,soft cheese,sliced cheese,brown bread,canned vegetables,sweet spreads,salty snack,specialty chocolate,dishes
frankfurter,chicken,pork,citrus fruit,tropical fruit,pip fruit,root vegetables,herbs,other vegetables,whole milk,butter milk,beverages,sliced cheese,frozen vegetables,roll products ,pasta
other vegetables,whipped/sour cream,processed cheese,frozen fruits,domestic eggs,rolls/buns,cereals,dog food,specialty chocolate,chocolate marshmallow,napkins,shopping bags
pork,root vegetables,onions,other vegetables,whole milk,butter,frozen vegetables,domestic eggs,rolls/buns,bottled beer,canned beer,napkins
frankfurter,tropical fruit,dessert,UHT-milk,frozen dessert,pastry,artif. sweetener,mustard,canned fruit,hygiene articles
sausage,whole milk,butter,domestic eggs,white bread,margarine,candy,softener,flower (seeds),shopping bags
pork,whipped/sour cream,hard cheese,cream cheese ,spread cheese,mayonnaise,white bread,bottled water,soda,fruit/vegetable juice
frankfurter,meat,pork,beef,hamburger meat,citrus fruit,root vegetables,other vegetables,whole milk,domestic eggs,brown bread,cat food
frankfurter,chicken,pork,beef,hamburger meat,tropical fruit,berries,whole milk,pastry,roll products ,oil,margarine,sugar,artif. sweetener,mustard,soups,cereals,jam,bottled water,bottled beer,candles,pot plants
other vegetables,whole milk,butter,cream cheese ,brown bread,pastry,ready soups,seasonal products,hair spray,newspapers,shopping bags
tropical fruit,other vegetables,whole milk,sliced cheese,frozen dessert,brown bread,pastry,semi-finished bread,canned fish,cat food,soda,napkins,newspapers,shopping bags
finished products,chicken,citrus fruit,root vegetables,other vegetables,dessert,domestic eggs,spices,pickled vegetables,bottled water,soda,popcorn,chocolate marshmallow,detergent
sausage,pip fruit,other vegetables,whole milk,butter,dessert,butter milk,yogurt,whipped/sour cream,hard cheese,mayonnaise,oil,mustard,baking powder,popcorn,long life bakery product,chocolate,candy
frankfurter,sausage,liver loaf,chicken,pork,root vegetables,whole milk,whipped/sour cream,sliced cheese,frozen vegetables,bottled water,fruit/vegetable juice,salty snack,long life bakery product
chicken,citrus fruit,onions,other vegetables,whole milk,frozen fish,roll products ,flour,sugar,pickled vegetables
hamburger meat,citrus fruit,other vegetables,whole milk,butter,rolls/buns,baking powder,cooking chocolate,specialty chocolate,male cosmetics
sausage,finished products,hamburger meat,citrus fruit,tropical fruit,pip fruit,other vegetables,butter,UHT-milk,specialty cheese,pastry,roll products ,pasta,organic products,baking powder,canned vegetables,cat food,chewing gum,chocolate,pot plants,flower (seeds)
root vegetables,onions,other vegetables,whole milk,butter,yogurt,soft cheese,domestic eggs,rice,bottled water,soda
herbs,whole milk,yogurt,hard cheese,domestic eggs,flour,margarine,sugar,baking powder,canned fish,misc. beverages,canned beer
liver loaf,chicken,turkey,berries,packaged fruit/vegetables,whole milk,yogurt,cream cheese ,rolls/buns,pastry,bottled water,soda,bathroom cleaner
chicken,beef,root vegetables,whole milk,curd,whipped/sour cream,flour,oil,sugar,salty snack
ham,tropical fruit,whole milk,dessert,butter milk,yogurt,hard cheese,processed cheese,white bread,cat food,fruit/vegetable juice,napkins
beef,whole milk,butter,yogurt,frozen vegetables,domestic eggs,rolls/buns,coffee,bottled beer,skin care
sausage,ham,whole milk,rolls/buns,fruit/vegetable juice,red/blush wine,chocolate,specialty chocolate,candy,house keeping products,shopping bags
root vegetables,herbs,other vegetables,whole milk,yogurt,rolls/buns,flour,margarine,cereals,fruit/vegetable juice,pot plants
chicken,beef,hamburger meat,pip fruit,grapes,root vegetables,whole milk,butter,dessert,yogurt,whipped/sour cream,cream cheese ,pastry,bottled water,fruit/vegetable juice
sausage,chicken,pork,beef,root vegetables,other vegetables,yogurt,mayonnaise,spices,chocolate,candles
frankfurter,sausage,pork,onions,herbs,whole milk,sliced cheese,curd cheese,domestic eggs,rolls/buns,bottled beer,candy
frankfurter,hamburger meat,berries,onions,other vegetables,whole milk,curd,dessert,rolls/buns,cake bar,newspapers
other vegetables,whole milk,curd,cream cheese ,frozen vegetables,roll products ,sugar,soda,bottled beer,salty snack,popcorn
frankfurter,sausage,beef,tropical fruit,berries,root vegetables,other vegetables,whole milk,yogurt,beverages,soft cheese,specialty cheese,frozen fish,rolls/buns
pork,citrus fruit,other vegetables,whole milk,butter,whipped/sour cream,ice cream,margarine,sugar,baking powder,coffee,newspapers
sausage,ham,tropical fruit,whole milk,yogurt,spread cheese,rolls/buns,zwieback,long life bakery product,napkins,newspapers
onions,other vegetables,whole milk,butter,butter milk,whipped/sour cream,ice cream,rolls/buns,bottled beer,long life bakery product,dental care,napkins,newspapers
beef,hamburger meat,pip fruit,root vegetables,whole milk,butter milk,yogurt,whipped/sour cream,pasta,sugar,cereals
tropical fruit,root vegetables,other vegetables,yogurt,whipped/sour cream,rolls/buns,margarine,instant coffee,soda,newspapers
sausage,chicken,whole milk,processed cheese,frozen vegetables,rolls/buns,rice,margarine,sugar,canned fruit,pickled vegetables,hygiene articles
citrus fruit,root vegetables,other vegetables,whole milk,butter,curd,oil,canned vegetables,hygiene articles,newspapers
hamburger meat,citrus fruit,herbs,other vegetables,whole milk,butter,domestic eggs,pasta,Instant food products,canned fruit,pickled vegetables,bottled water,misc. beverages,bottled beer,hygiene articles
chicken,root vegetables,onions,other vegetables,whole milk,butter,yogurt,hard cheese,specialty cheese,rice,sugar
turkey,tropical fruit,pip fruit,root vegetables,herbs,other vegetables,packaged fruit/vegetables,whole milk,butter milk,yogurt,specialty cheese,rolls/buns,oil,cat food,coffee,bottled water,fruit/vegetable juice,candy,dish cleaner
beef,citrus fruit,tropical fruit,pip fruit,berries,root vegetables,other vegetables,whole milk,dessert,sliced cheese,rolls/buns,flour,sugar,pickled vegetables,tea,soda,bottled beer,chocolate,napkins,newspapers
sausage,ham,pork,other vegetables,whole milk,dessert,whipped/sour cream,semi-finished bread,pudding powder,fruit/vegetable juice,salty snack,long life bakery product
frankfurter,sausage,liver loaf,beef,tropical fruit,pip fruit,root vegetables,onions,whole milk,butter,yogurt,whipped/sour cream,sliced cheese,cream cheese ,frozen meals,frozen potato products,domestic eggs,rolls/buns,roll products ,salt,rice,margarine,jam,coffee,long life bakery product,waffles,hygiene articles
pip fruit,other vegetables,yogurt,whipped/sour cream,domestic eggs,brown bread,specialty vegetables,coffee,specialty chocolate,pot plants
citrus fruit,tropical fruit,pip fruit,other vegetables,yogurt,UHT-milk,cream cheese ,fruit/vegetable juice,hygiene articles,pot plants
frankfurter,turkey,citrus fruit,whole milk,curd,frozen potato products,rolls/buns,white bread,pastry,semi-finished bread,pickled vegetables,sweet spreads,bottled water,soda,fruit/vegetable juice,bottled beer,white wine,prosecco,chocolate,candy
sausage,beef,tropical fruit,other vegetables,butter,yogurt,UHT-milk,condensed milk,sliced cheese,salt,soups,sweet spreads,newspapers
sausage,tropical fruit,whole milk,dessert,butter milk,yogurt,soft cheese,sliced cheese,ice cream,white bread,coffee,soda,salty snack,long life bakery product,chewing gum,chocolate,napkins,newspapers,shopping bags
root vegetables,other vegetables,UHT-milk,hard cheese,rolls/buns,sweet spreads,salty snack,popcorn,waffles,cake bar,specialty bar
frankfurter,meat,chicken,ice cream,domestic eggs,pastry,pasta,sugar,coffee,newspapers
hamburger meat,pip fruit,root vegetables,other vegetables,whole milk,whipped/sour cream,cream cheese ,brown bread,soups,sauces
sausage,other vegetables,whole milk,dessert,domestic eggs,rolls/buns,white bread,bottled water,soda,chocolate,detergent,shopping bags
beef,root vegetables,other vegetables,whole milk,domestic eggs,rolls/buns,brown bread,soda,fruit/vegetable juice,red/blush wine,snack products,dishes,light bulbs,shopping bags
other vegetables,dessert,cream cheese ,rolls/buns,white bread,margarine,salty snack,waffles,specialty bar,female sanitary products,newspapers
fish,tropical fruit,pip fruit,berries,whole milk,curd,yogurt,whipped/sour cream,condensed milk,instant coffee,long life bakery product,cake bar,napkins
citrus fruit,tropical fruit,pip fruit,root vegetables,onions,other vegetables,whole milk,yogurt,rolls/buns,brown bread,soda,fruit/vegetable juice
pork,onions,other vegetables,whole milk,curd,butter milk,whipped/sour cream,rolls/buns,liquor (appetizer),salty snack,waffles,newspapers
pip fruit,root vegetables,UHT-milk,condensed milk,margarine,sugar,pudding powder,cocoa drinks,fruit/vegetable juice,chocolate
chicken,root vegetables,whole milk,butter,yogurt,sparkling wine,chocolate,softener,female sanitary products,napkins,kitchen towels,house keeping products,newspapers
meat,pork,pip fruit,root vegetables,other vegetables,whole milk,hard cheese,white bread,pasta,margarine,ketchup,cocoa drinks,chocolate,cling film/bags
sausage,hamburger meat,citrus fruit,whole milk,pasta,soda,chewing gum,detergent,hygiene articles,kitchen towels
frankfurter,ham,other vegetables,processed cheese,rolls/buns,white bread,potato products,coffee,bottled beer,long life bakery product
sausage,tropical fruit,other vegetables,butter,butter milk,whipped/sour cream,cream,processed cheese,ice cream,white bread,spices,soda,fruit/vegetable juice,salty snack
pork,root vegetables,herbs,other vegetables,whole milk,processed cheese,domestic eggs,margarine,fruit/vegetable juice,hygiene articles
whole milk,dessert,pastry,Instant food products,canned fish,soda,bottled beer,red/blush wine,napkins,candles
ham,hamburger meat,whole milk,processed cheese,white bread,potato products,artif. sweetener,instant coffee,bottled water,soda,fruit/vegetable juice,salty snack,specialty bar,detergent,shopping bags
finished products,citrus fruit,tropical fruit,grapes,berries,root vegetables,other vegetables,whole milk,spread cheese,brown bread,pastry,potato products,fruit/vegetable juice,chocolate,pot plants,shopping bags
meat,root vegetables,other vegetables,yogurt,whipped/sour cream,hard cheese,frozen fruits,ice cream,domestic eggs,sweet spreads,long life bakery product,shopping bags
citrus fruit,tropical fruit,pip fruit,grapes,root vegetables,other vegetables,rolls/buns,pastry,jam,cat food
beef,whole milk,curd,yogurt,hard cheese,domestic eggs,rolls/buns,white bread,oil,misc. beverages,cling film/bags,house keeping products
organic sausage,turkey,tropical fruit,pip fruit,root vegetables,other vegetables,whole milk,dessert,butter milk,yogurt,cream cheese ,processed cheese,white bread,sauces,bottled beer,waffles,candy
meat,pip fruit,dessert,processed cheese,domestic eggs,rolls/buns,white bread,brown bread,pastry,semi-finished bread,candy,cookware
tropical fruit,root vegetables,other vegetables,whole milk,yogurt,soft cheese,domestic eggs,rolls/buns,margarine,mustard,bottled water
frankfurter,sausage,tropical fruit,root vegetables,whole milk,sliced cheese,frozen vegetables,mustard,pickled vegetables,salty snack
frankfurter,sausage,berries,butter,yogurt,whipped/sour cream,cream cheese ,domestic eggs,margarine,shopping bags
hamburger meat,tropical fruit,other vegetables,whole milk,butter,yogurt,whipped/sour cream,hard cheese,white bread,Instant food products,tea,soda,bottled beer,specialty bar
pork,pip fruit,packaged fruit/vegetables,dessert,frozen vegetables,pasta,margarine,chocolate marshmallow,detergent,softener
other vegetables,whole milk,dessert,sliced cheese,hard cheese,oil,coffee,soda,fruit/vegetable juice,seasonal products
hamburger meat,whole milk,curd,dessert,rolls/buns,oil,spices,sauces,soda,cake bar,napkins,shopping bags
whole milk,butter milk,yogurt,rolls/buns,white bread,mustard,pickled vegetables,sweet spreads,canned fish,soda,misc. beverages,long life bakery product,specialty chocolate,shopping bags
frankfurter,pork,other vegetables,whole milk,butter,brown bread,semi-finished bread,pet care,canned beer,waffles,hygiene articles,newspapers
sausage,other vegetables,dessert,yogurt,condensed milk,hard cheese,spread cheese,bottled water,fruit/vegetable juice,shopping bags
citrus fruit,pip fruit,root vegetables,whole milk,coffee,popcorn,chewing gum,detergent,newspapers,shopping bags
frankfurter,meat,root vegetables,onions,other vegetables,whole milk,yogurt,UHT-milk,rolls/buns,oil,mustard,canned fish,coffee,newspapers,shopping bags
frankfurter,sausage,whole milk,butter milk,yogurt,sliced cheese,hard cheese,rolls/buns,pastry,pickled vegetables,newspapers
finished products,turkey,grapes,onions,other vegetables,whole milk,butter milk,yogurt,whipped/sour cream,hard cheese,frozen vegetables,fruit/vegetable juice,napkins
pork,other vegetables,whole milk,rolls/buns,semi-finished bread,artif. sweetener,fruit/vegetable juice,cake bar,specialty bar,skin care
citrus fruit,tropical fruit,root vegetables,other vegetables,whole milk,butter,yogurt,soft cheese,cream cheese ,domestic eggs,white bread,margarine,coffee,waffles,specialty bar,chocolate marshmallow
ham,processed cheese,rolls/buns,white bread,fruit/vegetable juice,canned beer,long life bakery product,waffles,chocolate,specialty bar
ham,tropical fruit,other vegetables,whole milk,yogurt,curd cheese,rolls/buns,flour,margarine,hygiene articles,shopping bags
beef,hamburger meat,root vegetables,other vegetables,butter,curd,dessert,yogurt,cream cheese ,frozen meals,pastry,potato products,Instant food products,soda,napkins,house keeping products,newspapers
meat,citrus fruit,tropical fruit,root vegetables,other vegetables,whole milk,butter,yogurt,sliced cheese,frozen vegetables,rice,Instant food products,baking powder,bottled water,syrup,female sanitary products,photo/film
root vegetables,herbs,other vegetables,whole milk,yogurt,whipped/sour cream,frozen vegetables,frozen fruits,baking powder,pickled vegetables,fruit/vegetable juice,sparkling wine,long life bakery product,shopping bags
citrus fruit,tropical fruit,pip fruit,condensed milk,frozen meals,meat spreads,canned fish,coffee,canned beer,salty snack,cling film/bags,kitchen towels,shopping bags
tropical fruit,other vegetables,whole milk,mayonnaise,brown bread,canned fish,soda,misc. beverages,bottled beer,dental care
frankfurter,tropical fruit,pip fruit,dessert,beverages,domestic eggs,flour,margarine,Instant food products,canned fruit,jam
frankfurter,yogurt,UHT-milk,frozen vegetables,coffee,soda,fruit/vegetable juice,white wine,chewing gum,shopping bags
frankfurter,hamburger meat,tropical fruit,other vegetables,whole milk,yogurt,whipped/sour cream,rolls/buns,kitchen towels,newspapers
meat,pip fruit,whole milk,curd,yogurt,frozen meals,pastry,potato products,fruit/vegetable juice,bottled beer,salty snack,long life bakery product,newspapers
frankfurter,ham,tropical fruit,pip fruit,grapes,other vegetables,whole milk,yogurt,sliced cheese,frozen meals,frozen fish,brown bread
pip fruit,root vegetables,whole milk,butter,curd,yogurt,UHT-milk,specialty cheese,white bread,margarine,cereals,pickled vegetables,coffee,cake bar
pork,other vegetables,whole milk,frozen vegetables,brown bread,roll products ,canned vegetables,sparkling wine,chocolate,dental care
tropical fruit,pip fruit,UHT-milk,cream cheese ,pasta,sauces,baking powder,cat food,pet care,bottled water,bottled beer,salty snack,shopping bags
root vegetables,onions,dessert,mayonnaise,brown bread,salt,canned fish,bottled water,fruit/vegetable juice,bottled beer,popcorn
sausage,meat,chicken,beef,citrus fruit,root vegetables,herbs,whole milk,butter,domestic eggs,roll products ,coffee,long life bakery product,waffles
sausage,meat,berries,onions,other vegetables,soft cheese,hard cheese,cream cheese ,mayonnaise,frozen meals,domestic eggs,rolls/buns,mustard,canned fish,shopping bags
hamburger meat,berries,other vegetables,UHT-milk,hard cheese,processed cheese,canned vegetables,soda,waffles,specialty bar,newspapers
tropical fruit,pip fruit,root vegetables,onions,other vegetables,whole milk,whipped/sour cream,misc. beverages,fruit/vegetable juice,red/blush wine,salty snack,detergent,shopping bags
sausage,pork,beef,tropical fruit,other vegetables,whole milk,butter milk,whipped/sour cream,roll products ,bottled water,detergent,hygiene articles,napkins,house keeping products
root vegetables,UHT-milk,domestic eggs,pasta,margarine,soups,cat food,coffee,bottled water,soda,misc. beverages,sparkling wine,specialty chocolate,specialty bar,seasonal products,female sanitary products,newspapers
tropical fruit,pip fruit,root vegetables,other vegetables,whole milk,curd,yogurt,tea,bottled water,salty snack,kitchen towels,newspapers
frankfurter,hamburger meat,grapes,other vegetables,whole milk,butter milk,whipped/sour cream,mayonnaise,white bread,roll products ,sauces,salty snack,waffles,chocolate
tropical fruit,root vegetables,onions,other vegetables,curd,whipped/sour cream,spread cheese,white bread,bottled water,soda
liver loaf,other vegetables,butter,yogurt,whipped/sour cream,cream cheese ,margarine,baking powder,long life bakery product,bathroom cleaner
tropical fruit,root vegetables,whole milk,yogurt,whipped/sour cream,rolls/buns,margarine,sugar,Instant food products,bottled water
beef,hamburger meat,pip fruit,berries,other vegetables,rolls/buns,semi-finished bread,baking powder,white wine,napkins,cling film/bags
sausage,ham,tropical fruit,whole milk,butter,processed cheese,rolls/buns,potato products,rice,margarine,cereals,cat food,fruit/vegetable juice,bottled beer,chocolate,napkins
sausage,other vegetables,dessert,yogurt,UHT-milk,cream cheese ,frozen vegetables,rolls/buns,brown bread,pastry,specialty bar
citrus fruit,tropical fruit,pip fruit,root vegetables,packaged fruit/vegetables,dessert,yogurt,UHT-milk,hard cheese,mayonnaise,domestic eggs,spices,canned vegetables,fruit/vegetable juice,candy
beef,root vegetables,herbs,other vegetables,whole milk,butter,rolls/buns,brown bread,bottled beer,long life bakery product,pot plants
tropical fruit,butter milk,beverages,bottled water,fruit/vegetable juice,salty snack,chewing gum,napkins,newspapers,shopping bags
turkey,tropical fruit,root vegetables,other vegetables,butter,whipped/sour cream,hard cheese,ketchup,fruit/vegetable juice,candy,napkins
citrus fruit,tropical fruit,pip fruit,other vegetables,curd,butter milk,UHT-milk,frozen meals,brown bread,semi-finished bread,spices,fruit/vegetable juice,hygiene articles
yogurt,beverages,domestic eggs,rolls/buns,pastry,soda,long life bakery product,chocolate,chocolate marshmallow,napkins
frankfurter,hamburger meat,UHT-milk,mayonnaise,rolls/buns,pastry,mustard,ketchup,Instant food products,soda,dish cleaner,dental care,shopping bags
ham,chicken,root vegetables,onions,other vegetables,yogurt,whipped/sour cream,sliced cheese,frozen vegetables,frozen meals,ice cream,newspapers
citrus fruit,root vegetables,other vegetables,coffee,liquor,chocolate,candy,seasonal products,flower (seeds),shopping bags
frankfurter,chicken,pork,tropical fruit,pip fruit,yogurt,whipped/sour cream,frozen vegetables,semi-finished bread,zwieback,flour,vinegar,margarine,pickled vegetables,bottled water,soda,waffles,chocolate,chocolate marshmallow,detergent,napkins
frankfurter,citrus fruit,other vegetables,butter milk,yogurt,whipped/sour cream,rolls/buns,brown bread,pickled vegetables,canned fish,tea
root vegetables,onions,whole milk,curd,yogurt,whipped/sour cream,soft cheese,cream cheese ,curd cheese,frozen fish,rolls/buns,waffles
sausage,pip fruit,whole milk,white bread,salt,pasta,oil,sugar,bottled water,soda,bottled beer
sausage,finished products,pork,tropical fruit,other vegetables,whole milk,yogurt,whipped/sour cream,cream cheese ,white bread,baking powder,long life bakery product,house keeping products,pot plants
pork,salad dressing,oil,sauces,coffee,soda,canned beer,liquor (appetizer),candy,newspapers
sausage,tropical fruit,pip fruit,whole milk,soft cheese,processed cheese,white bread,pastry,semi-finished bread,oil,mustard,ketchup,soda,misc. beverages,long life bakery product,waffles,chocolate,specialty chocolate,detergent,napkins,house keeping products
sausage,pip fruit,root vegetables,onions,whole milk,butter,dessert,soft cheese,cream cheese ,specialty cheese,domestic eggs,salt,pasta,vinegar,oil,mustard,ketchup,canned vegetables,pickled vegetables,canned fish,instant coffee,tea,misc. beverages,bottled beer,white wine,chocolate,abrasive cleaner,hygiene articles
pork,beef,root vegetables,other vegetables,whole milk,UHT-milk,frozen vegetables,rice,baking powder,dog food,soda
citrus fruit,tropical fruit,onions,UHT-milk,specialty fat,instant coffee,bottled water,soda,fruit/vegetable juice,bottled beer,salty snack,newspapers
sausage,chicken,herbs,other vegetables,whole milk,whipped/sour cream,sliced cheese,domestic eggs,rolls/buns,brown bread,margarine,soda,waffles,chocolate marshmallow
sausage,meat,pork,beef,root vegetables,other vegetables,UHT-milk,flour,detergent,shopping bags
sausage,pork,hamburger meat,citrus fruit,other vegetables,whole milk,soft cheese,domestic eggs,rolls/buns,sugar,cat food,chocolate
sausage,chicken,tropical fruit,berries,root vegetables,onions,whole milk,butter,yogurt,hard cheese,domestic eggs,vinegar,spices,long life bakery product,dish cleaner,newspapers
beef,berries,root vegetables,onions,flour,mustard,soda,bottled beer,salty snack,popcorn
sausage,pork,tropical fruit,root vegetables,herbs,whole milk,curd,yogurt,whipped/sour cream,chewing gum,male cosmetics,newspapers
pork,other vegetables,whole milk,butter,whipped/sour cream,hard cheese,cat food,pet care,coffee,liquor,napkins,dishes,kitchen towels
frankfurter,chicken,beef,citrus fruit,tropical fruit,root vegetables,other vegetables,curd,dessert,whipped/sour cream,soft cheese,cream cheese ,frozen vegetables,frozen meals,frozen potato products,domestic eggs,white bread,semi-finished bread,oil,instant coffee,soda,fruit/vegetable juice,flower (seeds)
sausage,meat,tropical fruit,rolls/buns,margarine,bottled water,bottled beer,skin care,hygiene articles,shopping bags
chicken,pip fruit,whole milk,rolls/buns,brown bread,pastry,semi-finished bread,margarine,bottled water,newspapers
pip fruit,root vegetables,other vegetables,whole milk,butter,whipped/sour cream,sliced cheese,domestic eggs,soups,coffee,detergent
sausage,whole milk,yogurt,hard cheese,domestic eggs,brown bread,salty snack,waffles,chocolate,newspapers
ham,chicken,citrus fruit,other vegetables,whole milk,yogurt,whipped/sour cream,bottled beer,chocolate,softener,pot plants
meat,whole milk,dessert,soft cheese,frozen meals,rolls/buns,misc. beverages,long life bakery product,chocolate,specialty bar
sausage,tropical fruit,root vegetables,other vegetables,whole milk,frozen vegetables,domestic eggs,flour,margarine,sugar,ketchup,baking powder,canned vegetables,bottled water,cooking chocolate,newspapers
tropical fruit,berries,root vegetables,other vegetables,whole milk,cream cheese ,frozen meals,white bread,soda,salty snack,napkins,shopping bags
sausage,other vegetables,whole milk,yogurt,cream,frozen vegetables,frozen potato products,roll products ,rice,cat food,misc. beverages,fruit/vegetable juice,bottled beer,salty snack,specialty chocolate
pork,pip fruit,root vegetables,curd,yogurt,whipped/sour cream,UHT-milk,domestic eggs,salt,margarine,ketchup
chicken,turkey,citrus fruit,tropical fruit,berries,onions,whole milk,yogurt,whipped/sour cream,rolls/buns,pastry,margarine,cat food,soda,kitchen utensil,pot plants
ham,tropical fruit,butter,cream cheese ,domestic eggs,white bread,pastry,tea,fruit/vegetable juice,chocolate,shopping bags
sausage,chicken,pork,other vegetables,whole milk,butter,yogurt,margarine,fruit/vegetable juice,bottled beer
sausage,beef,citrus fruit,tropical fruit,berries,root vegetables,whole milk,white bread,brown bread,fruit/vegetable juice,bottled beer,cling film/bags
pork,onions,other vegetables,butter,dessert,beverages,UHT-milk,specialty cheese,frozen vegetables,rolls/buns,coffee,shopping bags
ham,organic sausage,tropical fruit,pip fruit,onions,other vegetables,whole milk,butter,curd,yogurt,sliced cheese,salt,margarine,jam,bottled beer,chewing gum,abrasive cleaner
frankfurter,meat,beef,other vegetables,frozen vegetables,white bread,pastry,soups,pickled vegetables,specialty vegetables,cat food,soda
citrus fruit,pip fruit,berries,frozen fish,white bread,pastry,long life bakery product,waffles,specialty bar,newspapers
frankfurter,sausage,onions,other vegetables,curd,dessert,condensed milk,soft cheese,rolls/buns,pastry,potato products,soda,rum,specialty chocolate,shopping bags
frankfurter,sausage,tropical fruit,whole milk,yogurt,whipped/sour cream,white bread,flour,oil,soda,hygiene articles
tropical fruit,root vegetables,other vegetables,curd,yogurt,whipped/sour cream,cream cheese ,margarine,bottled water,newspapers
sausage,liver loaf,ham,pip fruit,yogurt,soft cheese,sliced cheese,rolls/buns,white bread,brown bread,pastry,soda,canned beer,newspapers,shopping bags
sausage,beef,hamburger meat,other vegetables,whole milk,butter,domestic eggs,roll products ,sauces,bottled beer
frankfurter,sausage,pork,pip fruit,onions,whole milk,domestic eggs,brown bread,hygiene articles,newspapers
beef,root vegetables,packaged fruit/vegetables,whole milk,rolls/buns,pastry,oil,bottled water,soda,canned beer
meat,chicken,root vegetables,other vegetables,whole milk,whipped/sour cream,rolls/buns,abrasive cleaner,cleaner,napkins,house keeping products
sausage,hamburger meat,packaged fruit/vegetables,whole milk,processed cheese,frozen vegetables,rolls/buns,white bread,tea,long life bakery product,cling film/bags,photo/film
herbs,other vegetables,sliced cheese,cream cheese ,salt,oil,margarine,fruit/vegetable juice,bottled beer,chewing gum,hygiene articles
frankfurter,meat,pip fruit,ice cream,brown bread,pickled vegetables,jam,canned fish,liquor,waffles,newspapers
sausage,packaged fruit/vegetables,whole milk,dessert,beverages,frozen vegetables,domestic eggs,brown bread,pastry,margarine,mustard,coffee,soda,bottled beer
pork,other vegetables,whole milk,yogurt,frozen fish,rolls/buns,roll products ,flour,specialty fat,sugar,bottled water,soda
chicken,yogurt,cream cheese ,specialty cheese,margarine,canned vegetables,soda,candy,hygiene articles,dishes
root vegetables,whole milk,butter,rice,bottled water,soda,canned beer,white wine,specialty chocolate,detergent,decalcifier,candles
sausage,hamburger meat,tropical fruit,pip fruit,other vegetables,sliced cheese,hard cheese,frozen fish,rolls/buns,brown bread,pastry,sauces,organic products,canned fruit,popcorn,dental care,napkins,kitchen towels
ham,pork,whole milk,yogurt,hard cheese,spread cheese,rolls/buns,white bread,brown bread,pastry,chocolate,abrasive cleaner,dental care,napkins,newspapers,shopping bags
sausage,tropical fruit,root vegetables,other vegetables,curd,yogurt,sliced cheese,cream cheese ,specialty cheese,frozen vegetables,domestic eggs,bottled water
meat,beef,root vegetables,other vegetables,butter,yogurt,frozen vegetables,frozen meals,coffee,long life bakery product,shopping bags
frankfurter,tropical fruit,whole milk,cream cheese ,rolls/buns,pet care,bottled water,napkins,dishes,shopping bags
root vegetables,yogurt,whipped/sour cream,beverages,hard cheese,cream cheese ,organic products,soda,misc. beverages,fruit/vegetable juice,liquor (appetizer),specialty chocolate,shopping bags
frankfurter,sausage,root vegetables,other vegetables,yogurt,UHT-milk,white bread,long life bakery product,chocolate,specialty bar,candy
pork,hamburger meat,citrus fruit,butter,yogurt,whipped/sour cream,hard cheese,frozen vegetables,white bread,Instant food products,fruit/vegetable juice,salty snack,candy,shopping bags
sausage,citrus fruit,tropical fruit,curd,dessert,processed cheese,margarine,soda,canned beer,napkins
beef,citrus fruit,pip fruit,yogurt,condensed milk,cream cheese ,white bread,dish cleaner,hygiene articles,dishes,shopping bags
citrus fruit,grapes,whipped/sour cream,flour,margarine,sugar,soups,baking powder,long life bakery product,waffles,chocolate,specialty bar,dish cleaner,female sanitary products,cling film/bags
frankfurter,meat,pork,beef,berries,other vegetables,whole milk,domestic eggs,Instant food products,coffee,skin care
beef,tropical fruit,onions,whole milk,butter,yogurt,rolls/buns,brown bread,sauces,canned vegetables,bottled water,fruit/vegetable juice,canned beer,long life bakery product,specialty chocolate
sausage,meat,tropical fruit,other vegetables,whole milk,yogurt,rolls/buns,bottled water,soda,bottled beer,newspapers
chicken,citrus fruit,root vegetables,butter,domestic eggs,brown bread,margarine,sweet spreads,dental care,shopping bags
whipped/sour cream,domestic eggs,salt,sugar,canned vegetables,soda,canned beer,dish cleaner,hygiene articles,shopping bags
chicken,hamburger meat,onions,frozen meals,domestic eggs,vinegar,Instant food products,baking powder,pudding powder,bottled water,skin care,hygiene articles,house keeping products
pip fruit,whole milk,curd,yogurt,whipped/sour cream,rolls/buns,oil,margarine,mustard,candles,newspapers
hamburger meat,tropical fruit,pip fruit,grapes,berries,packaged fruit/vegetables,whipped/sour cream,coffee,cake bar,shopping bags
frankfurter,other vegetables,whole milk,curd,frozen fish,domestic eggs,margarine,tea,bottled beer,canned beer
citrus fruit,other vegetables,hard cheese,spices,coffee,canned beer,chocolate,candy,flower (seeds),shopping bags
frankfurter,sausage,tropical fruit,pip fruit,grapes,root vegetables,other vegetables,whole milk,yogurt,sliced cheese,frozen meals,frozen fish,brown bread,rice,oil,red/blush wine,hygiene articles
sausage,beef,root vegetables,whole milk,butter,curd,yogurt,cream cheese ,rolls/buns,margarine
chicken,citrus fruit,tropical fruit,grapes,other vegetables,whole milk,yogurt,domestic eggs,flour,oil,coffee,fruit/vegetable juice
turkey,citrus fruit,tropical fruit,pip fruit,grapes,cream cheese ,semi-finished bread,margarine,fruit/vegetable juice,specialty bar,shopping bags
berries,whole milk,butter,whipped/sour cream,domestic eggs,flour,meat spreads,canned fish,bottled water,liquor,shopping bags
whole milk,dessert,rolls/buns,roll products ,flour,vinegar,sugar,soups,fruit/vegetable juice,chocolate
meat,chicken,pork,hamburger meat,citrus fruit,onions,other vegetables,yogurt,UHT-milk,spread cheese,domestic eggs,rolls/buns,margarine,bottled water,canned beer,female sanitary products,shopping bags
sausage,tropical fruit,berries,whole milk,butter,dessert,pastry,soda,fruit/vegetable juice,long life bakery product,chewing gum,hygiene articles
pork,beef,citrus fruit,root vegetables,herbs,other vegetables,roll products ,bottled water,bottled beer,specialty chocolate
frankfurter,chicken,root vegetables,other vegetables,whole milk,dessert,butter milk,yogurt,whipped/sour cream,sliced cheese,hard cheese,pastry,semi-finished bread,flour,pasta,canned vegetables,specialty chocolate,male cosmetics,newspapers,shopping bags
citrus fruit,tropical fruit,yogurt,frozen fish,rolls/buns,canned vegetables,soda,fruit/vegetable juice,red/blush wine,chocolate,candy,seasonal products,hygiene articles
sausage,pork,root vegetables,other vegetables,whole milk,butter,yogurt,whipped/sour cream,sliced cheese,zwieback,sugar,coffee
citrus fruit,tropical fruit,rolls/buns,oil,mustard,soups,sweet spreads,soda,syrup,canned beer,waffles,chocolate,specialty bar,dish cleaner,baby cosmetics,cookware
chicken,pork,beef,grapes,other vegetables,whole milk,butter,yogurt,margarine,waffles
frankfurter,turkey,tropical fruit,grapes,root vegetables,other vegetables,whole milk,frozen vegetables,frozen meals,frozen potato products,pastry,pickled vegetables,sweet spreads,soda,misc. beverages,salty snack,cake bar,chocolate,detergent,house keeping products
ham,yogurt,UHT-milk,sliced cheese,frozen vegetables,frozen dessert,semi-finished bread,sweet spreads,fruit/vegetable juice,newspapers,shopping bags
turkey,tropical fruit,pip fruit,onions,whipped/sour cream,pastry,semi-finished bread,potato products,coffee,salty snack,shopping bags
turkey,tropical fruit,whole milk,yogurt,beverages,hard cheese,cream cheese ,brown bread,baking powder,dog food,bottled water,soda,fruit/vegetable juice,canned beer,detergent,pot plants
meat,turkey,hamburger meat,citrus fruit,pip fruit,whole milk,butter,yogurt,specialty cheese,rolls/buns,brown bread,Instant food products,bottled beer,specialty chocolate,newspapers
berries,whole milk,hard cheese,processed cheese,domestic eggs,rolls/buns,white bread,margarine,sugar,waffles
frankfurter,sausage,hamburger meat,pip fruit,other vegetables,whole milk,dessert,frozen meals,domestic eggs,soda
citrus fruit,berries,whole milk,butter milk,whipped/sour cream,frozen vegetables,mustard,baking powder,soda,fruit/vegetable juice,liquor (appetizer),nut snack,cooking chocolate
sausage,citrus fruit,tropical fruit,root vegetables,other vegetables,whole milk,yogurt,whipped/sour cream,processed cheese,rolls/buns,pastry,coffee,cake bar,newspapers
whole milk,roll products ,semi-finished bread,margarine,pet care,instant coffee,soda,bottled beer,salty snack,popcorn,long life bakery product
pork,root vegetables,whole milk,whipped/sour cream,ice cream,brown bread,flour,pasta,margarine,sugar,pudding powder,bottled water,specialty chocolate,detergent,dish cleaner,hygiene articles,cling film/bags,house keeping products,candles
sausage,ham,root vegetables,other vegetables,soft cheese,sliced cheese,mustard,specialty vegetables,bottled beer,rum,long life bakery product
sausage,meat,chicken,hamburger meat,tropical fruit,herbs,other vegetables,ice cream,white bread,soda,specialty chocolate,dish cleaner,abrasive cleaner
beef,onions,other vegetables,whipped/sour cream,domestic eggs,pastry,flour,pet care,fruit/vegetable juice,canned beer,newspapers
sausage,other vegetables,butter,curd,whipped/sour cream,hard cheese,flour,sauces,misc. beverages,fruit/vegetable juice,salty snack
pork,beef,root vegetables,other vegetables,whole milk,domestic eggs,rice,sugar,fruit/vegetable juice,bottled beer,abrasive cleaner,soap,newspapers
frankfurter,hamburger meat,root vegetables,other vegetables,whole milk,curd,sliced cheese,processed cheese,frozen meals,ice cream,domestic eggs,bottled water,fruit/vegetable juice,bottled beer
root vegetables,whole milk,hard cheese,domestic eggs,zwieback,rice,mustard,organic products,pickled vegetables,cat food,coffee,fruit/vegetable juice,cleaner,napkins,shopping bags
chicken,berries,root vegetables,herbs,other vegetables,whole milk,curd,ice cream,domestic eggs,margarine,soups,newspapers
frankfurter,sausage,hamburger meat,tropical fruit,other vegetables,pastry,soda,salty snack,nut snack,detergent
ham,beef,citrus fruit,tropical fruit,root vegetables,other vegetables,whole milk,butter milk,domestic eggs,rolls/buns,pastry,mustard,pickled vegetables,soda,long life bakery product,chocolate,specialty chocolate,specialty bar,chocolate marshmallow,candy,napkins,cookware,newspapers
berries,other vegetables,yogurt,whipped/sour cream,soft cheese,processed cheese,pastry,roll products ,flour,cat food
beef,tropical fruit,root vegetables,other vegetables,curd,rolls/buns,tea,bottled water,hygiene articles,flower (seeds)
frankfurter,pork,beef,tropical fruit,root vegetables,other vegetables,butter,rolls/buns,pastry,coffee,fruit/vegetable juice,chocolate,hygiene articles,newspapers
tropical fruit,root vegetables,whole milk,curd,dessert,butter milk,yogurt,sauces,bottled water,syrup,specialty chocolate,cleaner
pork,citrus fruit,pip fruit,root vegetables,other vegetables,whole milk,butter,curd,yogurt,whipped/sour cream,cream cheese ,frozen vegetables,frozen meals,Instant food products,soda,fruit/vegetable juice,salty snack,specialty bar
chicken,hamburger meat,tropical fruit,pip fruit,root vegetables,other vegetables,rolls/buns,salt,canned vegetables,coffee,soda,canned beer
whole milk,butter,yogurt,frozen meals,rolls/buns,zwieback,margarine,pickled vegetables,fruit/vegetable juice,bottled beer
pip fruit,whole milk,domestic eggs,white bread,flour,specialty fat,baking powder,bottled water,fruit/vegetable juice,flower (seeds)
onions,other vegetables,whole milk,curd,yogurt,brown bread,rice,margarine,canned beer,cake bar,dish cleaner,hygiene articles,napkins,house keeping products
turkey,citrus fruit,tropical fruit,root vegetables,herbs,other vegetables,whole milk,curd,hard cheese,cream cheese ,domestic eggs,brown bread,oil,canned fruit,bottled water,misc. beverages,fruit/vegetable juice
herbs,whole milk,butter milk,yogurt,cream cheese ,frozen vegetables,frozen fish,rolls/buns,salt,margarine,newspapers
frankfurter,ham,beef,berries,other vegetables,whole milk,yogurt,domestic eggs,pastry,soda,bottled beer,red/blush wine,flower (seeds)
whole milk,curd,dessert,roll products ,tea,cocoa drinks,bottled beer,canned beer,cooking chocolate,cling film/bags
frankfurter,ham,citrus fruit,tropical fruit,pip fruit,root vegetables,herbs,other vegetables,whole milk,yogurt,whipped/sour cream,processed cheese,domestic eggs,white bread,coffee,bottled beer
sausage,turkey,tropical fruit,grapes,other vegetables,whole milk,curd,yogurt,semi-finished bread,spices,baking powder,cat food,bottled water,long life bakery product,chocolate
pork,beef,butter,whipped/sour cream,frozen meals,frozen fish,rolls/buns,pastry,canned fish,cat food,waffles,chocolate,shopping bags
pip fruit,margarine,soda,long life bakery product,waffles,specialty chocolate,detergent,dish cleaner,hygiene articles,house keeping products,flower soil/fertilizer
chicken,citrus fruit,whole milk,processed cheese,coffee,soda,fruit/vegetable juice,canned beer,white wine,candy,shopping bags
sausage,meat,berries,whole milk,whipped/sour cream,white bread,fruit/vegetable juice,long life bakery product,waffles,abrasive cleaner
sausage,meat,citrus fruit,yogurt,hard cheese,frozen meals,soda,fruit/vegetable juice,napkins,newspapers
beef,citrus fruit,root vegetables,other vegetables,whole milk,yogurt,domestic eggs,pastry,semi-finished bread,salt,sugar,sweet spreads,soda,fruit/vegetable juice,red/blush wine
citrus fruit,tropical fruit,whole milk,butter milk,rice,oil,canned fruit,bottled water,white wine,popcorn,hygiene articles,shopping bags
sausage,pip fruit,root vegetables,whole milk,butter,domestic eggs,brown bread,cereals,baking powder,fruit/vegetable juice,long life bakery product,chocolate
tropical fruit,pip fruit,whole milk,hard cheese,frozen meals,white bread,zwieback,sparkling wine,softener,hygiene articles,newspapers
chicken,beef,packaged fruit/vegetables,dessert,whipped/sour cream,soft cheese,frozen meals,rolls/buns,white bread,pasta,shopping bags
hamburger meat,citrus fruit,root vegetables,other vegetables,ice cream,domestic eggs,rolls/buns,white bread,canned beer,long life bakery product,cling film/bags
sausage,chicken,other vegetables,whole milk,whipped/sour cream,hard cheese,frozen meals,rolls/buns,cereals,coffee,nut snack,cake bar,cleaner,skin care,female sanitary products,house keeping products
citrus fruit,whole milk,butter,yogurt,frozen vegetables,rolls/buns,baking powder,instant coffee,napkins,dishes,newspapers
frankfurter,sausage,chicken,citrus fruit,root vegetables,onions,other vegetables,butter,processed cheese,spread cheese,salad dressing,frozen vegetables,frozen fish,rolls/buns,flour,artif. sweetener,soda,candy,cleaner
yogurt,cream cheese ,spread cheese,rolls/buns,bottled water,soda,fruit/vegetable juice,bottled beer,chocolate,newspapers
ham,hamburger meat,whole milk,processed cheese,rolls/buns,pastry,Instant food products,fruit/vegetable juice,salty snack,chocolate marshmallow
chicken,beef,root vegetables,whole milk,curd,yogurt,hard cheese,cream cheese ,domestic eggs,sweet spreads,dog food,napkins
sausage,tropical fruit,berries,other vegetables,whole milk,curd,mayonnaise,rolls/buns,flour,margarine,sugar,cake bar,chocolate
frankfurter,beef,berries,processed cheese,frozen meals,frozen potato products,rolls/buns,ready soups,bottled water,soda,fruit/vegetable juice,red/blush wine,long life bakery product,specialty bar
sausage,turkey,pip fruit,curd,yogurt,frozen vegetables,white bread,canned vegetables,sweet spreads,soda,fruit/vegetable juice,hygiene articles
frankfurter,sausage,tropical fruit,other vegetables,whipped/sour cream,hard cheese,rolls/buns,semi-finished bread,chocolate,dish cleaner,shopping bags
sausage,domestic eggs,rolls/buns,canned fish,coffee,canned beer,white wine,male cosmetics,napkins,shopping bags
pork,root vegetables,other vegetables,beverages,rolls/buns,pastry,sauces,bottled water,soda,red/blush wine,sparkling wine,chocolate,specialty chocolate,candy,napkins,newspapers
onions,other vegetables,whole milk,yogurt,frozen vegetables,bottled water,fruit/vegetable juice,bottled beer,salty snack,popcorn
sausage,other vegetables,whole milk,whipped/sour cream,domestic eggs,pastry,meat spreads,instant coffee,bottled water,soda
whole milk,butter,butter milk,beverages,domestic eggs,rolls/buns,salt,coffee,chocolate,shopping bags
sausage,pork,beef,tropical fruit,grapes,other vegetables,whole milk,frozen dessert,domestic eggs,soda,chocolate
grapes,root vegetables,onions,whipped/sour cream,rolls/buns,mustard,coffee,bottled water,soda,fruit/vegetable juice,chocolate,shopping bags
tropical fruit,root vegetables,yogurt,cream cheese ,processed cheese,brown bread,ketchup,salty snack,waffles,candy
frankfurter,sausage,citrus fruit,frozen vegetables,frozen meals,vinegar,oil,coffee,waffles,cooking chocolate,hygiene articles
frankfurter,tropical fruit,pip fruit,whole milk,curd,pastry,flour,margarine,sugar,organic products
beef,grapes,other vegetables,whole milk,dessert,yogurt,frozen vegetables,cake bar,dishes,newspapers
sausage,ham,root vegetables,other vegetables,whole milk,yogurt,rolls/buns,pastry,margarine,bottled water,shopping bags
sausage,citrus fruit,berries,other vegetables,whole milk,butter,whipped/sour cream,brown bread,soups,coffee,bottled water,bottled beer,waffles
sausage,pip fruit,root vegetables,other vegetables,whole milk,yogurt,pastry,soda,napkins,shopping bags
frankfurter,sausage,pork,beef,hamburger meat,tropical fruit,root vegetables,whole milk,yogurt,spread cheese,rolls/buns,pastry,bottled beer,canned beer,newspapers
sausage,finished products,pork,berries,root vegetables,packaged fruit/vegetables,whole milk,curd,frozen vegetables,brown bread,sugar,soda,fruit/vegetable juice,chocolate,specialty chocolate,specialty bar,hygiene articles,napkins
liver loaf,beef,whole milk,yogurt,soft cheese,frozen vegetables,white bread,roll products ,vinegar,baking powder,fruit/vegetable juice
hamburger meat,berries,other vegetables,whole milk,beverages,soft cheese,hard cheese,pastry,sauces,waffles
sausage,pork,citrus fruit,root vegetables,other vegetables,curd,soft cheese,hard cheese,cream cheese ,frozen dessert,roll products ,rice,oil,coffee,fruit/vegetable juice,chocolate,abrasive cleaner
citrus fruit,tropical fruit,grapes,root vegetables,herbs,other vegetables,whole milk,frozen vegetables,rice,dog food,bottled water,misc. beverages,fruit/vegetable juice,napkins
frankfurter,pork,beef,tropical fruit,other vegetables,whole milk,yogurt,rolls/buns,semi-finished bread,pickled vegetables,soda,newspapers
sausage,chicken,berries,root vegetables,other vegetables,butter milk,rolls/buns,salt,mustard,canned fish,coffee,bottled water,fruit/vegetable juice,cling film/bags,newspapers
pork,citrus fruit,other vegetables,whole milk,whipped/sour cream,specialty cheese,domestic eggs,canned vegetables,fruit/vegetable juice,canned beer,specialty bar
ham,berries,onions,whole milk,butter milk,yogurt,whipped/sour cream,cream cheese ,mayonnaise,pastry,semi-finished bread,chocolate,specialty chocolate,hygiene articles,cling film/bags
frankfurter,pork,tropical fruit,pip fruit,other vegetables,whole milk,dessert,whipped/sour cream,cream cheese ,frozen meals,cat food,salty snack,cake bar,chewing gum,specialty bar,seasonal products
sausage,ham,citrus fruit,root vegetables,other vegetables,whole milk,soft cheese,processed cheese,frozen vegetables,salt,oil,margarine,soda,fruit/vegetable juice,bottled beer,chocolate
sausage,pip fruit,berries,whole milk,curd,dessert,butter milk,yogurt,whipped/sour cream,soft cheese,sliced cheese,curd cheese,domestic eggs,rolls/buns,sugar,long life bakery product
pork,beef,whole milk,frozen vegetables,sugar,canned beer,detergent,skin care,napkins,flower (seeds)
beef,root vegetables,onions,herbs,whole milk,curd cheese,rolls/buns,oil,jam,bottled water,waffles
sausage,chicken,grapes,whole milk,cream cheese ,ice cream,domestic eggs,pickled vegetables,soda,chocolate,shopping bags
ham,tropical fruit,root vegetables,other vegetables,whole milk,butter,yogurt,frozen vegetables,frozen dessert,frozen potato products,white bread,pasta,honey,chewing gum,detergent,hygiene articles
sausage,pork,beef,pip fruit,grapes,other vegetables,whole milk,butter,curd,yogurt,pastry,bottled water,hygiene articles,napkins
beef,hamburger meat,tropical fruit,pip fruit,root vegetables,herbs,other vegetables,whole milk,butter,whipped/sour cream,hard cheese,rolls/buns,brown bread,oil,waffles,cake bar
sausage,chicken,tropical fruit,onions,other vegetables,dessert,whipped/sour cream,UHT-milk,cream cheese ,pastry,bottled water,soda,waffles,chewing gum,shopping bags
frankfurter,sausage,beef,citrus fruit,pip fruit,berries,other vegetables,whole milk,hard cheese,frozen vegetables,pastry,oil,baking powder,dog food,fruit/vegetable juice,bottled beer,specialty chocolate,seasonal products,detergent,soap
meat,whole milk,curd,sliced cheese,flour,sugar,pudding powder,bottled water,soda,canned beer
pork,beef,onions,yogurt,UHT-milk,frozen fish,rolls/buns,margarine,sugar,salty snack,newspapers
beef,whole milk,rolls/buns,pastry,cat food,waffles,chocolate,hygiene articles,newspapers,shopping bags
root vegetables,other vegetables,whole milk,processed cheese,mayonnaise,domestic eggs,brown bread,oil,soda,long life bakery product,shopping bags
hamburger meat,curd,hard cheese,flour,pasta,margarine,sugar,Instant food products,fruit/vegetable juice,chewing gum,hygiene articles,napkins
root vegetables,UHT-milk,ice cream,frozen potato products,bottled water,soda,bottled beer,specialty bar,napkins,shopping bags
ham,pork,citrus fruit,pip fruit,root vegetables,other vegetables,butter milk,beverages,sliced cheese,frozen vegetables,frozen fish,oil,margarine,canned vegetables
chicken,tropical fruit,onions,other vegetables,butter milk,yogurt,beverages,sliced cheese,hard cheese,rolls/buns,pastry,cereals,chocolate,napkins,house keeping products
frankfurter,sausage,chicken,citrus fruit,root vegetables,herbs,packaged fruit/vegetables,whole milk,salt,sugar,bottled beer,napkins
frankfurter,ham,meat,pip fruit,berries,UHT-milk,soft cheese,sliced cheese,cream cheese ,frozen vegetables,frozen fish,white bread,brown bread,sugar,sauces,sweet spreads,canned fish,pet care,fruit/vegetable juice,specialty bar,kitchen towels
beef,citrus fruit,tropical fruit,root vegetables,other vegetables,whole milk,whipped/sour cream,cream cheese ,rolls/buns,rice,vinegar,baking powder,detergent
pork,citrus fruit,tropical fruit,grapes,root vegetables,cream cheese ,pet care,bottled water,fruit/vegetable juice,bottled beer
meat,other vegetables,dessert,yogurt,domestic eggs,rolls/buns,oil,pet care,coffee,bottled water,fruit/vegetable juice,bottled beer
citrus fruit,grapes,onions,other vegetables,whipped/sour cream,cream cheese ,mayonnaise,frozen vegetables,ice cream,mustard,spices,preservation products,coffee,cocoa drinks,long life bakery product,waffles,chocolate,candy,dish cleaner,abrasive cleaner,hygiene articles
pork,other vegetables,whipped/sour cream,frozen vegetables,cereals,cat food,fruit/vegetable juice,cake bar,specialty chocolate,specialty bar,napkins,newspapers,shopping bags
sausage,beef,hamburger meat,pip fruit,root vegetables,herbs,other vegetables,yogurt,mayonnaise,rolls/buns,dishes
frankfurter,meat,chicken,pip fruit,root vegetables,onions,whipped/sour cream,domestic eggs,potato products,shopping bags
sausage,citrus fruit,tropical fruit,pip fruit,other vegetables,whole milk,butter,processed cheese,spread cheese,pastry,canned fish,bottled water,red/blush wine,salty snack,long life bakery product,chocolate,female sanitary products,rubbing alcohol,hygiene articles,napkins,house keeping products
tropical fruit,whole milk,frozen meals,frozen dessert,rolls/buns,soda,bottled beer,cake bar,detergent,pot plants
pork,root vegetables,other vegetables,whole milk,butter milk,yogurt,whipped/sour cream,rolls/buns,flour,cat food,instant coffee,waffles,cling film/bags,newspapers
organic sausage,tropical fruit,packaged fruit/vegetables,whole milk,curd,yogurt,soft cheese,curd cheese,frozen vegetables,domestic eggs,rolls/buns,pastry,margarine,bottled water,cooking chocolate,hygiene articles,shopping bags
sausage,ham,beef,citrus fruit,berries,yogurt,spread cheese,rolls/buns,cat food,chocolate,specialty bar
frankfurter,rolls/buns,brown bread,coffee,bottled water,soda,canned beer,chocolate,cling film/bags,shopping bags
whole milk,yogurt,frozen fish,domestic eggs,white bread,margarine,fruit/vegetable juice,waffles,skin care,hygiene articles
sausage,tropical fruit,pip fruit,specialty cheese,ice cream,rolls/buns,soda,specialty chocolate,candy,shopping bags
pork,beef,root vegetables,other vegetables,UHT-milk,spread cheese,mayonnaise,domestic eggs,zwieback,toilet cleaner,newspapers,shopping bags
sausage,pork,beef,hamburger meat,root vegetables,whole milk,butter,dessert,pasta,cat food,chocolate,candles,shopping bags
chicken,berries,root vegetables,whole milk,butter,whipped/sour cream,cereals,napkins,photo/film,flower (seeds)
sausage,tropical fruit,pip fruit,root vegetables,whole milk,yogurt,rolls/buns,pastry,oil,coffee,specialty bar,dish cleaner,cling film/bags,shopping bags
frankfurter,sausage,meat,whole milk,beverages,hard cheese,fruit/vegetable juice,bottled beer,sparkling wine,specialty chocolate,napkins
frankfurter,sausage,tropical fruit,pip fruit,grapes,other vegetables,whole milk,butter,yogurt,frozen meals,brown bread,red/blush wine
other vegetables,whole milk,yogurt,frozen meals,semi-finished bread,cat food,soda,fruit/vegetable juice,chocolate,hygiene articles,newspapers
tropical fruit,grapes,yogurt,frozen vegetables,ice cream,rolls/buns,sugar,soda,detergent,dish cleaner
whole milk,curd,whipped/sour cream,cream cheese ,white bread,oil,sugar,baking powder,cat food,chocolate,cooking chocolate
sausage,citrus fruit,tropical fruit,grapes,other vegetables,packaged fruit/vegetables,butter,curd,butter milk,yogurt,brown bread,flour,fruit/vegetable juice,waffles,candy,shopping bags
citrus fruit,pip fruit,butter,spices,bottled beer,long life bakery product,specialty bar,dental care,napkins,light bulbs
frankfurter,chicken,citrus fruit,root vegetables,packaged fruit/vegetables,domestic eggs,brown bread,artif. sweetener,bottled water,waffles,napkins
frankfurter,root vegetables,onions,whole milk,curd,butter milk,frozen meals,oil,soda,fruit/vegetable juice,shopping bags
meat,tropical fruit,butter,yogurt,soft cheese,cat food,bottled water,specialty chocolate,dish cleaner,napkins,shopping bags
frankfurter,beef,hamburger meat,grapes,whole milk,whipped/sour cream,mayonnaise,frozen vegetables,coffee,soda,misc. beverages,long life bakery product,hygiene articles
pork,citrus fruit,root vegetables,whole milk,dessert,yogurt,frozen fish,margarine,pickled vegetables,chocolate,candy
sausage,pork,beef,tropical fruit,root vegetables,onions,other vegetables,UHT-milk,sliced cheese,mustard,ketchup,bottled water,soda,waffles,chocolate marshmallow,bathroom cleaner,napkins,newspapers
chicken,beef,other vegetables,whole milk,UHT-milk,frozen vegetables,pasta,vinegar,baking powder,detergent,cleaner,house keeping products
tropical fruit,yogurt,beverages,hard cheese,frozen meals,rolls/buns,tea,bottled water,light bulbs,shopping bags
meat,turkey,hamburger meat,citrus fruit,root vegetables,herbs,other vegetables,whole milk,curd,yogurt,rolls/buns,pastry,rice,baking powder
chicken,grapes,whole milk,yogurt,rolls/buns,bottled water,fruit/vegetable juice,bottled beer,chocolate,napkins
citrus fruit,tropical fruit,pip fruit,onions,other vegetables,whole milk,yogurt,frozen fish,long life bakery product,newspapers,pot plants
sausage,chicken,beef,citrus fruit,tropical fruit,root vegetables,onions,herbs,other vegetables,whole milk,butter,curd,yogurt,frozen meals,domestic eggs
tropical fruit,dessert,yogurt,UHT-milk,domestic eggs,rolls/buns,brown bread,canned vegetables,meat spreads,cake bar,chocolate,specialty chocolate
sausage,beef,citrus fruit,yogurt,brown bread,margarine,soda,long life bakery product,hygiene articles,napkins,pot plants
hamburger meat,white bread,pasta,specialty vegetables,bottled water,soda,snack products,waffles,cake bar,candy
frankfurter,grapes,yogurt,cream cheese ,frozen potato products,rolls/buns,meat spreads,bottled water,soda,chewing gum
beef,citrus fruit,root vegetables,other vegetables,dessert,whipped/sour cream,oil,fruit/vegetable juice,napkins,cling film/bags,newspapers,shopping bags
sausage,root vegetables,other vegetables,sliced cheese,hard cheese,semi-finished bread,oil,baking powder,canned vegetables,pet care,chocolate,napkins,newspapers
pork,citrus fruit,pip fruit,root vegetables,whole milk,frozen dessert,rolls/buns,oil,coffee,bottled beer
pork,beef,tropical fruit,root vegetables,other vegetables,whole milk,yogurt,whipped/sour cream,processed cheese,frozen vegetables,frozen dessert,rolls/buns,semi-finished bread,zwieback,margarine,sugar,Instant food products,canned fish,bottled water,bottled beer,snack products,waffles,chocolate marshmallow,hygiene articles
tropical fruit,other vegetables,whole milk,yogurt,cream cheese ,curd cheese,domestic eggs,sugar,fruit/vegetable juice,napkins
chicken,root vegetables,other vegetables,coffee,chewing gum,hygiene articles,napkins,cling film/bags,kitchen towels,light bulbs
turkey,citrus fruit,pip fruit,root vegetables,onions,other vegetables,whole milk,butter,spices,bottled water,bottled beer
tropical fruit,pip fruit,root vegetables,other vegetables,whole milk,processed cheese,domestic eggs,brown bread,roll products ,cat food,bottled beer,house keeping products
turkey,tropical fruit,grapes,root vegetables,other vegetables,butter,whipped/sour cream,beverages,processed cheese,oil,baking powder,pudding powder,long life bakery product
frankfurter,sausage,pork,citrus fruit,other vegetables,whole milk,rolls/buns,oil,bottled water,specialty chocolate,flower (seeds)
frankfurter,citrus fruit,whole milk,butter,yogurt,frozen vegetables,frozen meals,ice cream,rolls/buns,popcorn,chocolate marshmallow
pip fruit,herbs,other vegetables,whole milk,curd,whipped/sour cream,rum,napkins,house keeping products,shopping bags
sausage,organic sausage,chicken,berries,whole milk,butter,whipped/sour cream,soda,fruit/vegetable juice,chocolate
frankfurter,root vegetables,whole milk,butter,curd,domestic eggs,brown bread,flour,pickled vegetables,house keeping products
ham,grapes,berries,hard cheese,processed cheese,snack products,long life bakery product,waffles,female sanitary products,pot plants,shopping bags
frankfurter,sausage,liver loaf,citrus fruit,pip fruit,onions,yogurt,domestic eggs,brown bread,oil,fruit/vegetable juice
sausage,beef,pip fruit,grapes,root vegetables,other vegetables,whole milk,curd,butter milk,yogurt,sliced cheese,cream cheese ,specialty cheese,frozen meals,white bread,pastry,candy
citrus fruit,tropical fruit,other vegetables,whole milk,butter,curd,yogurt,sliced cheese,spread cheese,rolls/buns,semi-finished bread
chicken,pork,beef,whole milk,curd,soft cheese,processed cheese,frozen potato products,rolls/buns,popcorn
chicken,hamburger meat,other vegetables,butter,yogurt,rolls/buns,white bread,rice,fruit/vegetable juice,cake bar,chocolate,candy,shopping bags
citrus fruit,tropical fruit,whole milk,curd,dessert,mayonnaise,domestic eggs,margarine,sugar,pot plants
frankfurter,citrus fruit,pip fruit,dessert,butter milk,frozen vegetables,frozen meals,domestic eggs,white bread,brown bread,pastry,soda,salty snack,long life bakery product,napkins,shopping bags
citrus fruit,rolls/buns,flour,margarine,sugar,mustard,cat food,soda,bottled beer,nut snack,newspapers,shopping bags
sausage,pork,hamburger meat,tropical fruit,pip fruit,whole milk,yogurt,sliced cheese,frozen vegetables,white bread,dog food,coffee,bottled water,fruit/vegetable juice,long life bakery product,specialty chocolate,specialty bar,chocolate marshmallow,hygiene articles,pot plants
finished products,pork,grapes,other vegetables,hard cheese,bottled water,salty snack,popcorn,waffles,cleaner
beef,tropical fruit,root vegetables,other vegetables,yogurt,condensed milk,sliced cheese,specialty cheese,mayonnaise,cat food,liquor,salty snack,nut snack,napkins,dishes,shopping bags
pork,onions,whole milk,butter,curd,bottled water,soda,misc. beverages,popcorn,chocolate,napkins
other vegetables,whole milk,yogurt,frozen vegetables,brown bread,pastry,flour,bottled water,soda,fruit/vegetable juice,canned beer,long life bakery product
sausage,chicken,hamburger meat,pip fruit,berries,other vegetables,whole milk,dessert,butter milk,UHT-milk,domestic eggs,salty snack
frankfurter,chicken,beef,other vegetables,dessert,yogurt,frozen vegetables,rolls/buns,baking powder,pickled vegetables,seasonal products
frankfurter,meat,hamburger meat,berries,whole milk,butter,pasta,honey,coffee,fruit/vegetable juice,napkins
frankfurter,chicken,pork,grapes,root vegetables,other vegetables,whole milk,domestic eggs,brown bread,soups,newspapers
other vegetables,cream cheese ,frozen fruits,frozen fish,domestic eggs,rolls/buns,margarine,cereals,pickled vegetables,canned fish,dog food,salty snack,specialty chocolate,dental care,kitchen towels,shopping bags
beef,citrus fruit,berries,whole milk,yogurt,UHT-milk,specialty cheese,pastry,cake bar,seasonal products,detergent,pot plants
frankfurter,tropical fruit,berries,whole milk,dessert,yogurt,whipped/sour cream,domestic eggs,pasta,specialty vegetables,sweet spreads,soda,long life bakery product,napkins,shopping bags
sausage,beef,berries,root vegetables,other vegetables,whole milk,butter,sliced cheese,rolls/buns,white bread,brown bread,pastry,jam,soda,fruit/vegetable juice,syrup,chocolate,dish cleaner,dental care,napkins,newspapers
frankfurter,sausage,finished products,fish,whole milk,white bread,pastry,oil,margarine,sugar,fruit/vegetable juice,cake bar,chocolate
frankfurter,ham,chicken,pork,root vegetables,other vegetables,dessert,cream cheese ,rolls/buns,cat food,bottled water,shopping bags
hamburger meat,citrus fruit,tropical fruit,pip fruit,whole milk,yogurt,frozen meals,domestic eggs,brown bread,pasta,sugar,Instant food products,canned fish,soda,salty snack,popcorn,chocolate,dish cleaner,shopping bags
tropical fruit,berries,root vegetables,other vegetables,butter,yogurt,UHT-milk,domestic eggs,margarine,bottled water,soda,salty snack,newspapers
beef,hamburger meat,berries,root vegetables,onions,other vegetables,dessert,yogurt,frozen meals,rolls/buns,sugar,cat food,soda,fruit/vegetable juice,salty snack,popcorn,cake bar
sausage,chicken,pip fruit,grapes,berries,root vegetables,onions,other vegetables,whole milk,butter,whipped/sour cream,ice cream,rolls/buns,margarine,mustard,ready soups,bottled water,canned beer,skin care,hygiene articles
frankfurter,meat,pork,root vegetables,onions,whole milk,beverages,mayonnaise,soda,chocolate
sausage,hamburger meat,other vegetables,yogurt,sliced cheese,brown bread,sugar,fruit/vegetable juice,canned beer,cleaner,bathroom cleaner,napkins,newspapers
pork,tropical fruit,pip fruit,root vegetables,frozen dessert,rolls/buns,margarine,seasonal products,napkins,dishes
ham,meat,tropical fruit,pip fruit,other vegetables,yogurt,UHT-milk,processed cheese,white bread,semi-finished bread,oil,margarine,pickled vegetables,coffee,soda,liquor (appetizer),napkins,light bulbs
chicken,pork,beef,other vegetables,whole milk,butter,whipped/sour cream,soft cheese,cream cheese ,processed cheese,frozen vegetables,frozen fruits,pastry,sugar,soda,long life bakery product,waffles,chocolate marshmallow,candy
sausage,berries,curd,yogurt,whipped/sour cream,cream cheese ,frozen vegetables,tea,fruit/vegetable juice,napkins,shopping bags
frankfurter,ham,whole milk,butter,yogurt,sliced cheese,hard cheese,domestic eggs,zwieback,baking powder,napkins
ham,beef,other vegetables,whole milk,domestic eggs,oil,sugar,jam,bottled water,pot plants
frankfurter,tropical fruit,grapes,other vegetables,rolls/buns,white bread,soda,syrup,canned beer,long life bakery product,candy,rubbing alcohol,cling film/bags
sausage,citrus fruit,tropical fruit,berries,root vegetables,other vegetables,condensed milk,curd cheese,roll products ,pasta,oil,coffee,soda,fruit/vegetable juice,bottled beer,abrasive cleaner,bathroom cleaner,napkins
frankfurter,meat,citrus fruit,pip fruit,other vegetables,whole milk,yogurt,sliced cheese,canned beer,house keeping products
pip fruit,other vegetables,whole milk,dessert,butter milk,yogurt,cream cheese ,tidbits,frozen potato products,rolls/buns,white bread,mustard,fruit/vegetable juice,salty snack,long life bakery product,chocolate,specialty bar,napkins
sausage,tropical fruit,grapes,berries,other vegetables,pastry,soda,specialty chocolate,napkins,shopping bags
hamburger meat,tropical fruit,other vegetables,whole milk,butter,curd,dessert,yogurt,whipped/sour cream,UHT-milk,domestic eggs,pastry,flour,margarine,cereals,canned fish,cat food,bottled water,bottled beer,hygiene articles,napkins
frankfurter,pork,hamburger meat,pip fruit,other vegetables,whole milk,rolls/buns,white bread,pastry,Instant food products,waffles,chocolate
frankfurter,pork,pip fruit,berries,root vegetables,other vegetables,whole milk,pastry,semi-finished bread,syrup,shopping bags
sausage,tropical fruit,pip fruit,berries,other vegetables,whole milk,butter,curd,whipped/sour cream,cat food,salty snack,popcorn,pot plants,shopping bags
frankfurter,tropical fruit,pip fruit,other vegetables,yogurt,whipped/sour cream,rolls/buns,bottled water,soda,misc. beverages,chocolate,specialty chocolate,candy,shopping bags
sausage,pork,citrus fruit,tropical fruit,pip fruit,root vegetables,whole milk,butter,curd,yogurt,cream,sliced cheese,hard cheese,frozen vegetables,frozen fish,frozen potato products,brown bread,margarine,baking powder,cat food,pet care,soda,fruit/vegetable juice,nut snack,chocolate,female sanitary products,hygiene articles,napkins,house keeping products
citrus fruit,root vegetables,other vegetables,UHT-milk,domestic eggs,canned fruit,soda,waffles,candy,newspapers
chicken,other vegetables,whole milk,yogurt,frozen vegetables,rolls/buns,oil,bottled beer,canned beer,long life bakery product
sausage,tropical fruit,other vegetables,whole milk,frozen vegetables,rolls/buns,white bread,brown bread,roll products ,oil,sugar
ham,pork,berries,root vegetables,oil,soda,bottled beer,salty snack,popcorn,newspapers
pork,tropical fruit,grapes,onions,other vegetables,whole milk,yogurt,frozen vegetables,pet care,bottled water,seasonal products
pork,pip fruit,grapes,other vegetables,whole milk,pastry,flour,oil,sugar,dog food,chocolate
chicken,hamburger meat,citrus fruit,tropical fruit,pip fruit,other vegetables,yogurt,rolls/buns,mustard,canned vegetables,cake bar,napkins,newspapers
chicken,pork,beef,hamburger meat,citrus fruit,other vegetables,packaged fruit/vegetables,whole milk,pastry,napkins
frankfurter,citrus fruit,grapes,root vegetables,onions,other vegetables,whole milk,rolls/buns,soups,bottled beer,newspapers
other vegetables,whole milk,condensed milk,white bread,sugar,coffee,soda,fruit/vegetable juice,bottled beer,shopping bags
sausage,chicken,pork,citrus fruit,berries,root vegetables,packaged fruit/vegetables,curd,yogurt,whipped/sour cream,frozen vegetables
beef,curd,yogurt,whipped/sour cream,frozen meals,brown bread,canned fish,coffee,candy,cling film/bags
ham,meat,root vegetables,other vegetables,whole milk,curd,yogurt,frozen vegetables,frozen meals,frozen fish,rolls/buns,jam,misc. beverages,candy,seasonal products,detergent
citrus fruit,onions,other vegetables,yogurt,beverages,rolls/buns,brown bread,vinegar,bottled water,long life bakery product
meat,pork,fish,tropical fruit,grapes,berries,other vegetables,whole milk,frozen vegetables,semi-finished bread,chocolate,detergent,kitchen utensil,candles
meat,root vegetables,other vegetables,dessert,yogurt,whipped/sour cream,rolls/buns,potato products,soda,misc. beverages,napkins,photo/film
hamburger meat,other vegetables,whole milk,yogurt,whipped/sour cream,mayonnaise,frozen vegetables,frozen fish,soups,fruit/vegetable juice,canned beer,detergent
citrus fruit,pip fruit,onions,other vegetables,whole milk,butter milk,whipped/sour cream,cream cheese ,domestic eggs,brown bread,shopping bags
frankfurter,sausage,chicken,pork,tropical fruit,pip fruit,root vegetables,whole milk,dessert,cream cheese ,frozen vegetables,rolls/buns,white bread,cake bar,napkins,shopping bags
citrus fruit,tropical fruit,pip fruit,whole milk,yogurt,rolls/buns,pastry,white wine,red/blush wine,hygiene articles
sausage,hamburger meat,grapes,whipped/sour cream,frozen potato products,domestic eggs,oil,seasonal products,napkins,newspapers
pork,beef,berries,root vegetables,herbs,butter,yogurt,white bread,brown bread,bottled water,misc. beverages,bottled beer,liquor,hygiene articles
grapes,ice cream,pastry,soda,canned beer,salty snack,chewing gum,seasonal products,flower (seeds),shopping bags
frankfurter,meat,beef,citrus fruit,berries,root vegetables,packaged fruit/vegetables,whole milk,whipped/sour cream,frozen vegetables,rolls/buns,canned fruit,house keeping products,flower (seeds),shopping bags
pork,beef,citrus fruit,pip fruit,root vegetables,onions,other vegetables,whole milk,butter,ice cream,bottled water,waffles,newspapers,shopping bags
sausage,chicken,citrus fruit,pip fruit,root vegetables,other vegetables,whole milk,yogurt,whipped/sour cream,domestic eggs,white bread,soda,shopping bags
frankfurter,other vegetables,yogurt,rolls/buns,pastry,margarine,sugar,waffles,chocolate,chocolate marshmallow
sausage,root vegetables,onions,other vegetables,whole milk,butter milk,sliced cheese,curd cheese,frozen vegetables,rolls/buns
tropical fruit,pip fruit,root vegetables,other vegetables,whole milk,dessert,yogurt,UHT-milk,baking powder,canned vegetables,waffles
other vegetables,whole milk,dessert,sliced cheese,hard cheese,cream cheese ,pastry,margarine,sugar,ready soups,bottled water,soda,salty snack,newspapers,shopping bags
frankfurter,yogurt,frozen fish,ice cream,frozen potato products,pastry,margarine,canned fish,soda,bottled beer,salty snack,nut snack,long life bakery product,specialty bar,candy
meat,chicken,pork,pip fruit,other vegetables,whole milk,butter milk,frozen vegetables,rolls/buns,rice,sugar,coffee,photo/film
meat,chicken,root vegetables,other vegetables,whole milk,yogurt,sliced cheese,cream cheese ,roll products ,oil,margarine,artif. sweetener,detergent,shopping bags
root vegetables,other vegetables,whole milk,butter,whipped/sour cream,soft cheese,rolls/buns,white bread,margarine,cocoa drinks,flower (seeds)
ham,pork,citrus fruit,tropical fruit,root vegetables,other vegetables,yogurt,frozen fish,fruit/vegetable juice,long life bakery product,female sanitary products
tropical fruit,butter milk,UHT-milk,condensed milk,brown bread,sugar,coffee,bottled water,soda,fruit/vegetable juice,syrup,bottled beer,house keeping products,shopping bags
sausage,ham,pork,beef,hamburger meat,tropical fruit,pip fruit,berries,other vegetables,curd,dessert,yogurt,sliced cheese,spread cheese,semi-finished bread,canned vegetables,bottled water,misc. beverages,syrup,waffles,chocolate,seasonal products
chicken,root vegetables,other vegetables,whole milk,butter,yogurt,specialty cheese,domestic eggs,pastry,rice,canned fish,misc. beverages,detergent,house keeping products
sausage,chicken,other vegetables,whole milk,yogurt,rolls/buns,soda,hygiene articles,napkins,shopping bags
turkey,tropical fruit,grapes,other vegetables,whole milk,curd,yogurt,processed cheese,dog food,pot plants
chicken,tropical fruit,pip fruit,other vegetables,packaged fruit/vegetables,domestic eggs,rolls/buns,flour,pasta,dog food,bottled water,newspapers
sausage,chicken,citrus fruit,pip fruit,yogurt,condensed milk,frozen vegetables,domestic eggs,rolls/buns,pastry,long life bakery product,waffles,newspapers
chicken,beef,tropical fruit,pip fruit,root vegetables,other vegetables,whole milk,domestic eggs,pastry,canned vegetables,pickled vegetables,coffee,soda,canned beer,cookware
sausage,other vegetables,whole milk,hard cheese,frozen meals,ice cream,brown bread,pastry,salty snack,shopping bags
other vegetables,whole milk,yogurt,rolls/buns,pastry,margarine,artif. sweetener,baking powder,soda,candles,newspapers
frankfurter,beef,citrus fruit,tropical fruit,onions,other vegetables,whole milk,yogurt,whipped/sour cream,fruit/vegetable juice
sausage,ham,pork,hamburger meat,citrus fruit,whole milk,butter,yogurt,whipped/sour cream,sliced cheese,hard cheese,cream cheese ,frozen meals,brown bread
sausage,ham,tropical fruit,pip fruit,other vegetables,whole milk,curd,dessert,condensed milk,white bread,fruit/vegetable juice
ham,other vegetables,whole milk,dessert,yogurt,pasta,oil,canned fish,coffee,soda,shopping bags
dessert,yogurt,frozen vegetables,soda,misc. beverages,white wine,prosecco,long life bakery product,waffles,cleaner,toilet cleaner,dental care,napkins,newspapers
citrus fruit,tropical fruit,pip fruit,berries,other vegetables,whipped/sour cream,soft cheese,brown bread,zwieback,soups,specialty vegetables,coffee,newspapers,shopping bags
citrus fruit,grapes,whole milk,dessert,yogurt,brown bread,pastry,soda,newspapers,shopping bags
citrus fruit,grapes,whole milk,pastry,canned fruit,canned fish,chocolate,specialty bar,hygiene articles,napkins,shopping bags
root vegetables,onions,other vegetables,whole milk,frozen vegetables,frozen meals,jam,instant coffee,bottled water,misc. beverages,skin care,hygiene articles,napkins
sausage,chicken,onions,other vegetables,packaged fruit/vegetables,butter,yogurt,beverages,hard cheese,frozen vegetables,domestic eggs,white bread,bottled water,soda,fruit/vegetable juice,bottled beer,canned beer,sparkling wine,waffles,chocolate,candy,cleaner,dental care
meat,citrus fruit,tropical fruit,berries,curd,whipped/sour cream,white bread,bottled water,long life bakery product,chocolate marshmallow,candy,dish cleaner
frankfurter,ham,tropical fruit,pip fruit,other vegetables,frozen vegetables,domestic eggs,zwieback,margarine,soda
frankfurter,pork,pip fruit,other vegetables,hard cheese,frozen meals,frozen dessert,pastry,semi-finished bread,sugar,soda,salty snack,specialty chocolate,specialty bar,candy,seasonal products
hamburger meat,tropical fruit,herbs,other vegetables,whole milk,curd,ice cream,Instant food products,newspapers,shopping bags
frankfurter,beef,tropical fruit,grapes,onions,other vegetables,whole milk,whipped/sour cream,cream cheese ,semi-finished bread,vinegar
sausage,pip fruit,root vegetables,cream cheese ,specialty cheese,white bread,brown bread,salt,margarine,canned fish,bottled water,soda,waffles,shopping bags
frankfurter,ham,tropical fruit,other vegetables,whole milk,processed cheese,white bread,potato products,fruit/vegetable juice,decalcifier,shopping bags
beef,hamburger meat,citrus fruit,tropical fruit,root vegetables,onions,other vegetables,whole milk,curd,whipped/sour cream,flour,pudding powder
beef,grapes,herbs,other vegetables,whole milk,curd,whipped/sour cream,frozen vegetables,ice cream,oil,coffee,fruit/vegetable juice,chewing gum,specialty chocolate,cleaner,kitchen towels
frankfurter,pork,citrus fruit,whole milk,whipped/sour cream,rolls/buns,oil,sugar,soups,bottled water,bottled beer
ham,chicken,pork,root vegetables,whole milk,whipped/sour cream,rolls/buns,sugar,soda,waffles,chocolate,specialty chocolate,chocolate marshmallow,napkins
finished products,other vegetables,butter,cream cheese ,processed cheese,domestic eggs,rolls/buns,pastry,long life bakery product,candy
citrus fruit,other vegetables,whole milk,yogurt,UHT-milk,white bread,salt,Instant food products,bottled water,nut snack,newspapers
beef,tropical fruit,other vegetables,whole milk,cream cheese ,rolls/buns,mustard,bottled water,red/blush wine,dishes
frankfurter,sausage,meat,hamburger meat,other vegetables,whole milk,butter,rolls/buns,coffee,bottled water
ham,tropical fruit,whole milk,dessert,butter milk,brown bread,pastry,oil,cake bar,chocolate
domestic eggs,brown bread,flour,oil,cat food,coffee,soda,candy,hygiene articles,kitchen towels
frankfurter,yogurt,UHT-milk,pastry,potato products,vinegar,artif. sweetener,cat food,coffee,bottled water
onions,packaged fruit/vegetables,whole milk,sliced cheese,domestic eggs,brown bread,ketchup,meat spreads,newspapers,flower (seeds)
ham,whole milk,butter,curd,dessert,butter milk,yogurt,soft cheese,brown bread,pastry,fruit/vegetable juice,chocolate,shopping bags
citrus fruit,pip fruit,root vegetables,whole milk,butter,whipped/sour cream,salt,tea,bottled water,chocolate
pip fruit,whole milk,yogurt,soft cheese,sliced cheese,cream cheese ,margarine,bottled water,fruit/vegetable juice,rum,cling film/bags
frankfurter,citrus fruit,other vegetables,whole milk,condensed milk,rolls/buns,white bread,coffee,fruit/vegetable juice,bottled beer,brandy
sausage,tropical fruit,butter,yogurt,rolls/buns,pastry,instant coffee,bottled water,soda,newspapers
chicken,berries,root vegetables,other vegetables,whole milk,butter,curd,condensed milk,rolls/buns,white bread,brown bread,oil,baking powder,salty snack,long life bakery product
pork,hamburger meat,pip fruit,root vegetables,onions,other vegetables,whole milk,dessert,whipped/sour cream,soft cheese,hard cheese,domestic eggs,salt,pasta,cat food,fruit/vegetable juice,kitchen towels
ham,hamburger meat,pip fruit,butter,butter milk,yogurt,frozen meals,rolls/buns,semi-finished bread,pasta,sweet spreads,waffles,softener,shopping bags
sausage,other vegetables,whole milk,dessert,butter milk,yogurt,whipped/sour cream,brown bread,bottled water,soda,long life bakery product,cake bar
beef,citrus fruit,cream cheese ,frozen fish,flour,margarine,sugar,baking powder,salty snack,chewing gum
pip fruit,grapes,berries,other vegetables,whole milk,UHT-milk,rolls/buns,zwieback,bottled water,soda,red/blush wine,specialty bar
chicken,hamburger meat,citrus fruit,root vegetables,other vegetables,cream cheese ,curd cheese,domestic eggs,cat food,long life bakery product
sausage,chicken,beef,hamburger meat,citrus fruit,grapes,root vegetables,whole milk,butter,whipped/sour cream,flour,coffee,red/blush wine,salty snack,chocolate,hygiene articles,napkins
chicken,citrus fruit,other vegetables,butter,yogurt,frozen dessert,domestic eggs,rolls/buns,rum,cling film/bags
