whole milk,tropical fruit,yogurt,cream cheese ,meat spreads,margarine,citrus fruit,ready soups,coffee,pip fruit,semi-finished bread
condensed milk,whole milk,liquor (appetizer),yogurt,abrasive cleaner,rice,UHT-milk,rolls/buns,other vegetables,butter,bottled beer,long life bakery product
whole milk,curd,bottled water,tropical fruit,yogurt,cereals,chocolate,citrus fruit,dishes,white bread,other vegetables,butter,pot plants,flour
sugar,beef,tropical fruit,newspapers,chicken,soda,rolls/buns,butter,fruit/vegetable juice,frankfurter
pastry,whole milk,tropical fruit,cream cheese ,newspapers,detergent,chocolate,specialty bar,processed cheese,other vegetables,fruit/vegetable juice,butter milk,packaged fruit/vegetables
tropical fruit,root vegetables,other vegetables,frozen dessert,rolls/buns,flour,sweet spreads,salty snack,waffles,candy,bathroom cleaner
bottled water,sausage,newspapers,canned beer,yogurt,chocolate,soda,shopping bags,brown bread,rolls/buns,other vegetables,fruit/vegetable juice
spices,bottled water,hamburger meat,yogurt,napkins,specialty bar,beverages,rolls/buns,other vegetables,hygiene articles
whole milk,root vegetables,sugar,pork,abrasive cleaner,soda,beverages,other vegetables,whipped/sour cream,berries,artif. sweetener
pastry,root vegetables,whole milk,beef,detergent,canned beer,dessert,soda,other vegetables,fruit/vegetable juice,grapes
tropical fruit,root vegetables,whole milk,yogurt,domestic eggs,brown bread,pastry,sugar,cereals,coffee,soda,waffles,candy
bottled water,yogurt,cream cheese ,newspapers,canned beer,soda,spread cheese,rolls/buns,butter milk,berries
root vegetables,other vegetables,butter,curd,whipped/sour cream,UHT-milk,hard cheese,rolls/buns,bottled water,long life bakery product
turkey,tropical fruit,other vegetables,curd,domestic eggs,brown bread,semi-finished bread,margarine,baking powder,fruit/vegetable juice
pastry,whole milk,curd,pickled vegetables,yogurt,canned beer,soda,processed cheese,brown bread,packaged fruit/vegetables
ham,beef,bottled water,chocolate marshmallow,napkins,ice cream,oil,rolls/buns,hygiene articles,whipped/sour cream,chewing gum,cat food
salty snack,whole milk,frozen vegetables,pastry,sugar,seasonal products,detergent,canned fish,rolls/buns,other vegetables
pastry,sugar,beef,whole milk,sausage,tropical fruit,soda,rolls/buns,brown bread,frankfurter
whole milk,curd,pickled vegetables,sausage,tropical fruit,newspapers,chocolate,frozen potato products,rolls/buns,curd cheese,coffee,pip fruit,berries,red/blush wine
domestic eggs,flower (seeds),whole milk,specialty chocolate,specialty fat,newspapers,candles,citrus fruit,margarine,oil,butter,frankfurter,sparkling wine,red/blush wine
pastry,whole milk,curd,sugar,meat spreads,frozen potato products,citrus fruit,soda,rolls/buns,other vegetables,butter milk
sugar,bottled water,chocolate,frozen meals,salt,soda,fruit/vegetable juice,flour,coffee,bottled beer
root vegetables,whole milk,frozen vegetables,domestic eggs,rolls/buns,oil,margarine,canned vegetables,fruit/vegetable juice,bathroom cleaner
condensed milk,frozen vegetables,root vegetables,candles,onions,salt,oil,hard cheese,white wine,herbs
root vegetables,bottled water,sausage,newspapers,yogurt,detergent,onions,brandy,rolls/buns,coffee
salty snack,yogurt,candles,cream cheese,pork,citrus fruit,soda,other vegetables,whipped/sour cream,fruit/vegetable juice,butter milk,berries
hamburger meat,detergent,chocolate,onions,pork,citrus fruit,rice,whipped/sour cream,coffee,berries
sausage,sliced cheese,canned beer,shopping bags,rolls/buns,brown bread,waffles,fruit/vegetable juice,photo/film,red/blush wine,grapes
chicken,hamburger meat,citrus fruit,tropical fruit,root vegetables,other vegetables,butter,pasta,oil,detergent
pastry,whole milk,misc. beverages,sausage,tropical fruit,bathroom cleaner,yogurt,pork,specialty bar,soda,citrus fruit,rolls/buns,brown bread,grapes
sausage,whole milk,yogurt,coffee,fruit/vegetable juice,bottled beer,softener,napkins,photo/film,shopping bags
whole milk,beef,root vegetables,detergent,cling film/bags,soda,citrus fruit,rolls/buns,brown bread,waffles,fruit/vegetable juice,whipped/sour cream,candy,berries
frankfurter,sausage,root vegetables,other vegetables,rolls/buns,oil,pickled vegetables,bottled beer,chewing gum,dishes
whole milk,frozen vegetables,bottled water,newspapers,dessert,margarine,rolls/buns,whipped/sour cream,red/blush wine,berries,packaged fruit/vegetables
whole milk,frozen vegetables,sparkling wine,hamburger meat,tropical fruit,yogurt,citrus fruit,processed cheese,UHT-milk,rolls/buns,bottled beer,berries
domestic eggs,pastry,male cosmetics,whole milk,frozen vegetables,hamburger meat,cream cheese ,fish,margarine,soda,shopping bags,dishes,other vegetables,coffee,long life bakery product
pastry,sausage,canned beer,dessert,soda,waffles,frankfurter,semi-finished bread,packaged fruit/vegetables,long life bakery product
frankfurter,sausage,citrus fruit,tropical fruit,pip fruit,whole milk,hard cheese,cream cheese ,domestic eggs,rice,sugar,canned fruit,misc. beverages,fruit/vegetable juice,hygiene articles
whole milk,sausage,sparkling wine,yogurt,specialty bar,dessert,beverages,shopping bags,brown bread,rolls/buns,frankfurter,butter milk,curd cheese
curd,liquor (appetizer),tropical fruit,newspapers,Instant food products,soda,rolls/buns,other vegetables,flour,coffee,berries
misc. beverages,whole milk,frozen vegetables,sausage,cream cheese ,newspapers,canned beer,citrus fruit,margarine,oil,white bread,rolls/buns,butter,other vegetables,frankfurter
frankfurter,ham,pip fruit,other vegetables,whole milk,soft cheese,frozen vegetables,rolls/buns,sugar,baking powder
bottled water,hamburger meat,yogurt,detergent,onions,citrus fruit,soda,rolls/buns,honey,dental care,butter milk
whole milk,sausage,candles,chocolate,pasta,cake bar,pork,dessert,meat spreads,citrus fruit,popcorn,dishes,shopping bags,white bread,other vegetables
root vegetables,whole milk,soft cheese,frozen vegetables,curd,yogurt,napkins,dessert,beverages,rolls/buns,other vegetables,fruit/vegetable juice,bottled beer,grapes
whole milk,sugar,bottled water,tropical fruit,snack products,soda,popcorn,shopping bags,rolls/buns,other vegetables,coffee,packaged fruit/vegetables
whole milk,beef,flower soil/fertilizer,cling film/bags,dessert,soda,flour,rolls/buns,butter,frankfurter,chewing gum,herbs
frozen vegetables,bottled water,tropical fruit,canned beer,specialty cheese,soda,bottled beer,beverages,other vegetables,finished products
ham,whole milk,pastry,root vegetables,finished products,tropical fruit,hamburger meat,white wine,shopping bags,white bread,other vegetables,brown bread,fruit/vegetable juice,bottled beer,long life bakery product
salty snack,curd,chocolate,cake bar,cocoa drinks,dessert,soda,popcorn,shopping bags,other vegetables,waffles,butter milk,bottled beer
whole milk,soft cheese,sausage,cream cheese ,cereals,dessert,ice cream,salt,dog food,coffee
ham,whole milk,bottled water,white wine,ice cream,soda,bottled beer,shopping bags,dishes,rolls/buns,other vegetables,waffles,prosecco
frankfurter,ham,tropical fruit,pip fruit,root vegetables,other vegetables,whole milk,butter,curd,yogurt,whipped/sour cream,soft cheese,sliced cheese,cream cheese ,frozen meals,frozen fish,domestic eggs,white bread,sugar,cereals,fruit/vegetable juice,bottled beer,waffles
whole milk,curd,tropical fruit,cream cheese ,canned beer,cake bar,specialty bar,margarine,shopping bags,spread cheese,rolls/buns,frankfurter,semi-finished bread,zwieback
curd,liquor (appetizer),detergent,specialty bar,salt,shopping bags,rolls/buns,dog food,other vegetables,frankfurter
beef,spices,whole milk,root vegetables,canned beer,pork,dessert,soda,berries,spread cheese,brown bread,pip fruit,herbs
frankfurter,sugar,sausage,liquor (appetizer),canned beer,citrus fruit,margarine,UHT-milk,specialty chocolate,bottled beer
root vegetables,whole milk,curd,bottled water,newspapers,canned beer,pork,dishes,rolls/buns,other vegetables,chewing gum
pastry,make up remover,bottled water,yogurt,soda,citrus fruit,hygiene articles,rolls/buns,butter,pot plants
condensed milk,whole milk,sugar,sausage,yogurt,soda,beverages,UHT-milk,shopping bags,other vegetables,coffee
whole milk,beef,sausage,bottled water,specialty bar,pork,margarine,beverages,rolls/buns,fruit/vegetable juice
sausage,beef,citrus fruit,other vegetables,whole milk,butter milk,whipped/sour cream,beverages,hard cheese,rolls/buns,dish cleaner,cookware
misc. beverages,curd,sausage,newspapers,sliced cheese,canned beer,cake bar,white wine,soda,shopping bags,rolls/buns,bottled beer,meat
baking powder,tropical fruit,canned beer,cling film/bags,onions,ice cream,tea,oil,rolls/buns,frankfurter,meat
meat,citrus fruit,other vegetables,curd,dessert,butter milk,beverages,cream cheese ,rolls/buns,brown bread,tea,bottled water
flower (seeds),beef,spices,whole milk,sausage,bottled water,house keeping products,sliced cheese,mustard,beverages,rolls/buns
salty snack,root vegetables,curd,sausage,sliced cheese,rolls/buns,other vegetables,butter,long life bakery product,frankfurter,meat
root vegetables,whole milk,pickled vegetables,detergent,sliced cheese,Instant food products,beverages,rolls/buns,other vegetables,herbs
citrus fruit,whole milk,curd,dessert,yogurt,whipped/sour cream,frozen dessert,rolls/buns,salt,sugar,cereals,canned vegetables,canned fish,skin care,hygiene articles,napkins
misc. beverages,whole milk,pastry,sugar,bottled water,curd,newspapers,napkins,soda,citrus fruit,margarine,other vegetables,candy,bottled beer,red/blush wine
frankfurter,beef,hamburger meat,grapes,root vegetables,whole milk,butter,frozen dessert,potato products,bottled water,bottled beer
beef,frozen vegetables,bottled water,cream cheese ,newspapers,chocolate,turkey,soda,dishes,rolls/buns,hard cheese,photo/film
whole milk,curd,sausage,bottled water,yogurt,sliced cheese,pork,soda,beverages,shopping bags,rolls/buns,hygiene articles,other vegetables,whipped/sour cream,pip fruit
sausage,citrus fruit,tropical fruit,other vegetables,whole milk,yogurt,rolls/buns,bottled water,soda,chocolate,newspapers
pastry,root vegetables,whole milk,detergent,chocolate,pet care,pork,specialty bar,other vegetables,berries
butter,spices,pickled vegetables,sausage,bottled water,margarine,rolls/buns,whipped/sour cream,fruit/vegetable juice,frankfurter,coffee
tropical fruit,pip fruit,onions,other vegetables,whole milk,domestic eggs,sugar,soups,tea,soda,hygiene articles,napkins
root vegetables,whole milk,bottled water,canned beer,citrus fruit,soda,rolls/buns,hygiene articles,fruit/vegetable juice,frankfurter,berries,meat
root vegetables,whole milk,tropical fruit,rum,margarine,hygiene articles,whipped/sour cream,flour,butter milk,herbs
citrus fruit,pip fruit,root vegetables,other vegetables,whole milk,cream cheese ,domestic eggs,brown bread,margarine,baking powder,waffles
hamburger meat,other vegetables,whole milk,curd,yogurt,rolls/buns,pastry,semi-finished bread,margarine,bottled water,fruit/vegetable juice
chicken,pip fruit,other vegetables,whole milk,dessert,yogurt,whipped/sour cream,rolls/buns,pasta,soda,waffles
whole milk,sugar,root vegetables,tropical fruit,frozen fish,onions,citrus fruit,soda,chicken,rolls/buns,other vegetables,frankfurter
packaged fruit/vegetables,whole milk,curd,yogurt,domestic eggs,brown bread,mustard,pickled vegetables,bottled water,misc. beverages
pastry,whole milk,sausage,tropical fruit,yogurt,frozen meals,pasta,citrus fruit,rolls/buns,brown bread,waffles,fruit/vegetable juice,pot plants
salty snack,sugar,sausage,liquor (appetizer),canned beer,citrus fruit,sauces,shopping bags,rolls/buns,other vegetables
root vegetables,whole milk,bottled water,hamburger meat,vinegar,yogurt,newspapers,canned beer,specialty cheese,napkins,margarine,chicken,oil,other vegetables,whipped/sour cream,flour
beef,whole milk,root vegetables,sausage,yogurt,dessert,pork,abrasive cleaner,soda,oil,other vegetables,whipped/sour cream,berries
beef,bottled water,yogurt,newspapers,citrus fruit,UHT-milk,other vegetables,coffee,candy,packaged fruit/vegetables
frankfurter,beef,root vegetables,curd,dessert,yogurt,soft cheese,rolls/buns,mustard,pickled vegetables,canned beer,hygiene articles,napkins
tropical fruit,cream cheese ,newspapers,chocolate,canned beer,onions,soda,bottled beer,chewing gum,white bread,candy,packaged fruit/vegetables
pastry,root vegetables,whole milk,beef,sausage,tropical fruit,cleaner,yogurt,bottled water,pasta,white wine,abrasive cleaner,chicken,white bread,candy,soap
pastry,sugar,whole milk,spices,pork,citrus fruit,chicken,shopping bags,brown bread,long life bakery product,hair spray,cat food
bottled water,yogurt,cake bar,ice cream,brown bread,other vegetables,hard cheese,bottled beer,meat,instant coffee
salty snack,sausage,tropical fruit,yogurt,canned beer,citrus fruit,soda,dishes,photo/film,coffee
domestic eggs,whole milk,root vegetables,tropical fruit,canned beer,canned fish,rolls/buns,brown bread,photo/film,grapes
berries,root vegetables,other vegetables,curd,butter milk,cream cheese ,roll products ,margarine,misc. beverages,specialty chocolate,detergent
ham,misc. beverages,tropical fruit,yogurt,chocolate,soda,margarine,shopping bags,rolls/buns,other vegetables,hard cheese,hygiene articles,whipped/sour cream,candy
salty snack,bottled water,hamburger meat,yogurt,napkins,soda,rolls/buns,white bread,specialty chocolate,mayonnaise
sausage,hamburger meat,pet care,rubbing alcohol,citrus fruit,soda,beverages,hard cheese,fruit/vegetable juice,waffles,pip fruit,meat
whole milk,curd,newspapers,frozen potato products,specialty bar,shopping bags,other vegetables,frankfurter,zwieback,dish cleaner
salty snack,whole milk,sausage,canned beer,salt,citrus fruit,oil,rolls/buns,cookware,frankfurter
pastry,curd,cream cheese ,cake bar,soda,beverages,rolls/buns,other vegetables,butter,specialty chocolate,chewing gum
salty snack,whole milk,root vegetables,tropical fruit,frozen meals,citrus fruit,processed cheese,butter,frankfurter,butter milk,bottled beer,mayonnaise
beef,hamburger meat,cereals,canned beer,pip fruit,shopping bags,whipped/sour cream,waffles,red/blush wine,berries
domestic eggs,frozen vegetables,whole milk,root vegetables,beef,chocolate marshmallow,soda,margarine,rolls/buns,candy,bottled beer
pastry,whole milk,curd,soft cheese,sausage,pork,citrus fruit,processed cheese,white bread,brown bread,butter,hygiene articles,frankfurter,pip fruit,fruit/vegetable juice
domestic eggs,pastry,root vegetables,whole milk,sausage,tropical fruit,yogurt,napkins,whipped/sour cream,frankfurter
berries,root vegetables,other vegetables,packaged fruit/vegetables,whole milk,curd,curd cheese,cat food,specialty bar,detergent
pastry,root vegetables,curd,frozen vegetables,specialty fat,dessert,brown bread,rolls/buns,coffee,bottled beer,packaged fruit/vegetables
bottled water,newspapers,yogurt,frozen meals,rolls/buns,white bread,other vegetables,coffee,berries,butter milk
salty snack,whole milk,ham,pastry,napkins,frozen dessert,citrus fruit,rolls/buns,hygiene articles,whipped/sour cream,waffles
onions,butter,whipped/sour cream,hard cheese,frozen vegetables,pasta,specialty fat,syrup,candy,napkins,cling film/bags
pastry,salty snack,sausage,hamburger meat,cream cheese ,pasta,frozen meals,liver loaf,shopping bags,other vegetables,dog food,hard cheese,soap
condensed milk,pastry,whole milk,sausage,tropical fruit,hamburger meat,napkins,onions,frozen dessert,beverages,rolls/buns,hard cheese
pastry,whole milk,bottled water,sausage,yogurt,sliced cheese,soda,shopping bags,rolls/buns,coffee
domestic eggs,whole milk,yogurt,chocolate,dish cleaner,hygiene articles,other vegetables,whipped/sour cream,rolls/buns,meat
whole milk,butter milk,yogurt,sliced cheese,rolls/buns,sweet spreads,coffee,fruit/vegetable juice,long life bakery product,shopping bags
salty snack,whole milk,baking powder,bottled water,tropical fruit,specialty bar,Instant food products,rolls/buns,other vegetables,chewing gum
whole milk,bottled water,yogurt,canned beer,ice cream,margarine,rolls/buns,other vegetables,frankfurter,bottled beer
ham,whole milk,sausage,hamburger meat,tropical fruit,newspapers,onions,soda,citrus fruit,shopping bags,other vegetables,softener
domestic eggs,root vegetables,curd,tropical fruit,napkins,pork,specialty bar,citrus fruit,hygiene articles,other vegetables,rolls/buns
salty snack,frozen vegetables,sparkling wine,yogurt,specialty cheese,pork,citrus fruit,soda,fruit/vegetable juice,coffee,pip fruit
domestic eggs,beef,yogurt,sliced cheese,pet care,chicken,dishes,rolls/buns,other vegetables,whipped/sour cream,chewing gum,berries
pastry,whole milk,male cosmetics,root vegetables,bottled water,cake bar,pet care,soda,chewing gum,shopping bags,rolls/buns,bottled beer,berries
canned fruit,whole milk,root vegetables,bottled water,tropical fruit,yogurt,citrus fruit,soda,oil,canned vegetables,softener,fruit/vegetable juice
salty snack,frozen vegetables,misc. beverages,bottled water,tropical fruit,cream cheese ,chocolate,canned beer,citrus fruit,soda,UHT-milk,rolls/buns,other vegetables
pastry,male cosmetics,bottled water,canned beer,napkins,onions,dessert,soda,oil,other vegetables,cat food
beef,other vegetables,whole milk,frozen potato products,rolls/buns,oil,margarine,coffee,dental care,hygiene articles,newspapers
misc. beverages,beef,root vegetables,bottled water,tropical fruit,canned beer,onions,brandy,soda,rolls/buns,other vegetables,bottled beer,zwieback,instant coffee
beef,whole milk,frozen vegetables,bottled water,hamburger meat,pork,margarine,soda,shopping bags,rolls/buns,other vegetables,brown bread,hygiene articles,coffee
ham,sausage,liquor (appetizer),newspapers,canned beer,napkins,ice cream,soda,white bread,other vegetables,hygiene articles
butter,beef,whole milk,root vegetables,bottled water,sugar,house keeping products,pork,ice cream,hygiene articles,rolls/buns,other vegetables,bottled beer
salty snack,frozen vegetables,curd,whole milk,sausage,yogurt,specialty bar,ice cream,rolls/buns,other vegetables,whipped/sour cream,fruit/vegetable juice,roll products,berries,packaged fruit/vegetables
misc. beverages,whole milk,bottled water,tropical fruit,cling film/bags,frozen dessert,rice,other vegetables,hard cheese,packaged fruit/vegetables
beef,liquor,root vegetables,bottled water,yogurt,Instant food products,rolls/buns,specialty chocolate,coffee,bottled beer,herbs
frankfurter,sausage,liver loaf,root vegetables,curd,frozen vegetables,rolls/buns,semi-finished bread,hygiene articles,photo/film
whole milk,root vegetables,pickled vegetables,seasonal products,newspapers,cream cheese,soda,rolls/buns,other vegetables,frankfurter
pastry,whole milk,salty snack,bottled water,onions,rum,pork,margarine,shopping bags,rolls/buns,hygiene articles,butter,other vegetables,frankfurter,dental care
domestic eggs,whole milk,curd,bottled water,hamburger meat,canned beer,pasta,specialty cheese,other vegetables,whipped/sour cream
pastry,whole milk,bottled water,hamburger meat,cream cheese ,ice cream,soda,citrus fruit,shopping bags,other vegetables,fruit/vegetable juice
ham,pip fruit,whole milk,curd,dessert,butter milk,whipped/sour cream,sliced cheese,cream cheese ,white bread,coffee,long life bakery product,chocolate,baby cosmetics
sausage,turkey,beef,root vegetables,domestic eggs,rolls/buns,flour,rice,organic products,misc. beverages,napkins
bottled water,frozen meals,napkins,dessert,soda,bottled beer,other vegetables,hard cheese,candy,meat
ham,bottled water,mustard,soda,canned fish,beverages,UHT-milk,rolls/buns,other vegetables,packaged fruit/vegetables
salty snack,pastry,whole milk,cream cheese ,specialty bar,soda,shopping bags,rolls/buns,brown bread,coffee,red/blush wine
frozen vegetables,pet care,pork,citrus fruit,soda,shopping bags,hygiene articles,other vegetables,bottled beer,nut snack
sugar,whole milk,bottled water,detergent,white wine,dessert,soda,shopping bags,pip fruit,bottled beer
root vegetables,cream cheese ,spread cheese,frozen dessert,white bread,bottled water,soda,misc. beverages,fruit/vegetable juice,bottled beer
misc. beverages,whole milk,male cosmetics,curd,bottled water,tropical fruit,yogurt,soda,brown bread,white bread,other vegetables
root vegetables,sugar,bottled water,tropical fruit,house keeping products,shopping bags,hygiene articles,brown bread,candy,coffee,red/blush wine
pork,beef,berries,packaged fruit/vegetables,whole milk,mayonnaise,frozen fish,frozen potato products,oil,mustard,cat food,coffee,soda,chocolate,dish cleaner,napkins,newspapers
candy,sugar,bottled water,yogurt,citrus fruit,dishes,hygiene articles,other vegetables,fruit/vegetable juice,butter milk,sparkling wine,berries
salty snack,whole milk,root vegetables,bottled water,seasonal products,hamburger meat,yogurt,frozen potato products,margarine,soda,rolls/buns,other vegetables,fruit/vegetable juice,packaged fruit/vegetables
misc. beverages,whole milk,tropical fruit,yogurt,pasta,female sanitary products,soda,citrus fruit,beverages,shopping bags,white bread,spread cheese,rolls/buns,herbs
root vegetables,whole milk,frozen vegetables,baking powder,tropical fruit,bottled water,waffles,chocolate marshmallow,female sanitary products,soda,chewing gum,white bread,honey,coffee,red/blush wine
frankfurter,tropical fruit,pip fruit,curd,UHT-milk,hard cheese,domestic eggs,rolls/buns,hygiene articles,napkins,shopping bags
whole milk,sausage,bottled water,yogurt,cereals,newspapers,soda,brown bread,other vegetables,fruit/vegetable juice
pastry,root vegetables,whole milk,curd,bottled water,onions,other vegetables,fruit/vegetable juice,specialty chocolate,pip fruit
domestic eggs,curd,hamburger meat,newspapers,candles,frozen meals,kitchen towels,canned beer,frozen potato products,snack products,soda,rolls/buns,other vegetables,photo/film,bottled beer
domestic eggs,whole milk,curd,spices,bottled water,yogurt,newspapers,canned beer,soda,rolls/buns,other vegetables,butter,fruit/vegetable juice,whipped/sour cream,zwieback
beef,whole milk,curd,sausage,tropical fruit,yogurt,sliced cheese,rolls/buns,whipped/sour cream,herbs
whole milk,bottled water,detergent,soda,shopping bags,rolls/buns,coffee,fruit/vegetable juice,pip fruit,candy,long life bakery product
domestic eggs,root vegetables,frozen vegetables,hamburger meat,liquor (appetizer),newspapers,napkins,margarine,bottled beer,oil,beverages,hygiene articles,other vegetables,roll products ,chewing gum
whole milk,root vegetables,frozen vegetables,newspapers,yogurt,canned beer,white wine,other vegetables,fruit/vegetable juice,bottled beer
domestic eggs,salty snack,root vegetables,frozen vegetables,whole milk,curd,hamburger meat,canned beer,rum,UHT-milk,rolls/buns,pip fruit,white wine,grapes
salty snack,root vegetables,frozen vegetables,canned beer,cling film/bags,citrus fruit,rolls/buns,pot plants,butter,whipped/sour cream,packaged fruit/vegetables
pork,tropical fruit,whole milk,curd,yogurt,hard cheese,frozen meals,frozen dessert,domestic eggs,cereals,baking powder,fruit/vegetable juice,soap
pastry,root vegetables,sausage,specialty bar,soda,chicken,dishes,rolls/buns,brown bread,whipped/sour cream,dish cleaner
citrus fruit,tropical fruit,berries,root vegetables,other vegetables,whole milk,butter,bottled water,rubbing alcohol,hygiene articles,napkins
pastry,root vegetables,whole milk,sausage,tropical fruit,yogurt,soda,processed cheese,rolls/buns,brown bread,frankfurter,candy
ham,whole milk,curd,sugar,bottled water,canned beer,pork,white wine,soda,canned fish,white bread,other vegetables,rolls/buns,coffee,pip fruit,long life bakery product
beef,whole milk,bottled water,hamburger meat,pasta,frozen meals,mustard,citrus fruit,butter,pip fruit,soap
sausage,meat,other vegetables,whole milk,yogurt,rolls/buns,soda,bottled beer,chocolate,newspapers
curd,bottled water,tropical fruit,seasonal products,yogurt,frozen chicken,soda,brown bread,rolls/buns,bottled beer
beef,curd,detergent,newspapers,specialty bar,citrus fruit,margarine,oil,rolls/buns,other vegetables
root vegetables,whole milk,beef,pickled vegetables,hamburger meat,newspapers,pork,citrus fruit,other vegetables,butter,packaged fruit/vegetables,meat
pastry,whole milk,bottled water,newspapers,canned beer,pork,soda,sauces,rolls/buns,red/blush wine,long life bakery product
pastry,beef,frozen vegetables,bottled water,tropical fruit,yogurt,newspapers,sliced cheese,citrus fruit,UHT-milk,rolls/buns,pip fruit,white wine,skin care,light bulbs
citrus fruit,tropical fruit,herbs,whole milk,butter,curd,whipped/sour cream,frozen vegetables,canned vegetables,misc. beverages
meat,beef,herbs,whole milk,frozen dessert,rolls/buns,semi-finished bread,flour,oil,coffee,pot plants
ham,whole milk,pastry,beef,bottled water,margarine,citrus fruit,beverages,white bread,rolls/buns,other vegetables,hair spray
hamburger meat,whole milk,oil,ketchup,soups,Instant food products,canned fish,coffee,bottled beer,hygiene articles,newspapers
beef,citrus fruit,other vegetables,butter milk,sliced cheese,processed cheese,rolls/buns,margarine,bottled water,fruit/vegetable juice
domestic eggs,pastry,root vegetables,whole milk,beef,detergent,citrus fruit,tea,rolls/buns,roll products ,fruit/vegetable juice
citrus fruit,tropical fruit,grapes,other vegetables,frozen vegetables,pickled vegetables,fruit/vegetable juice,liquor,rum,liquor (appetizer),candy,cling film/bags
root vegetables,bottled water,tropical fruit,newspapers,yogurt,canned fish,brown bread,other vegetables,whipped/sour cream,frankfurter,long life bakery product
salty snack,whole milk,pastry,beef,canned beer,abrasive cleaner,shopping bags,rolls/buns,brown bread,other vegetables
misc. beverages,bottled water,hamburger meat,yogurt,chocolate,meat spreads,soda,rolls/buns,other vegetables,waffles,candy
hamburger meat,citrus fruit,root vegetables,rolls/buns,Instant food products,canned fish,bottled water,soda,fruit/vegetable juice,napkins
domestic eggs,pastry,sausage,tropical fruit,soda,bottled beer,shopping bags,rolls/buns,frankfurter,chewing gum
chicken,hamburger meat,herbs,whipped/sour cream,soups,soda,canned beer,dish cleaner,napkins,cling film/bags
whole milk,bottled water,tropical fruit,cream cheese ,canned beer,margarine,soda,other vegetables,coffee,meat
pastry,whole milk,curd,yogurt,newspapers,citrus fruit,rolls/buns,other vegetables,potato products,fruit/vegetable juice,long life bakery product
ham,sugar,butter,whole milk,detergent,female sanitary products,soda,citrus fruit,shopping bags,UHT-milk,rolls/buns,other vegetables,whipped/sour cream,frankfurter,butter milk
domestic eggs,salty snack,curd,sausage,yogurt,onions,citrus fruit,frankfurter,coffee,bottled beer
domestic eggs,root vegetables,whole milk,sausage,newspapers,chocolate marshmallow,soda,rolls/buns,other vegetables,hard cheese,bottled beer
frankfurter,hamburger meat,whole milk,rolls/buns,potato products,mustard,coffee,waffles,chocolate marshmallow,soap,newspapers
pastry,sugar,sausage,tropical fruit,newspapers,candles,chicken,pot plants,butter,coffee,pip fruit,meat
pastry,whole milk,detergent,sliced cheese,yogurt,pork,margarine,dishes,shopping bags,beverages,whipped/sour cream,coffee,cat food
frankfurter,ham,whole milk,yogurt,rolls/buns,pastry,vinegar,sugar,soda,fruit/vegetable juice,napkins
beef,whole milk,cream cheese ,newspapers,rolls/buns,other vegetables,brown bread,specialty chocolate,butter milk,pip fruit
pastry,root vegetables,whole milk,frozen vegetables,beef,sausage,sliced cheese,frozen fish,chocolate,frozen dessert,chicken,rolls/buns,other vegetables,specialty chocolate,coffee
whole milk,cleaner,yogurt,house keeping products,detergent,frozen meals,salt,canned fish,rolls/buns,sparkling wine,jam
beef,curd,tropical fruit,sliced cheese,onions,soda,UHT-milk,rolls/buns,dental care,berries,artif. sweetener
whole milk,bottled water,newspapers,canned beer,pasta,napkins,pork,soda,margarine,UHT-milk,brown bread
curd,cleaner,yogurt,canned beer,soda,margarine,shopping bags,rolls/buns,hygiene articles,other vegetables,fruit/vegetable juice,curd cheese,white wine,long life bakery product
whole milk,curd,yogurt,sliced cheese,newspapers,shopping bags,hygiene articles,rolls/buns,roll products,frankfurter,coffee,pip fruit,cat food
pastry,whole milk,beef,bottled water,snack products,soda,shopping bags,hygiene articles,rolls/buns,butter,frankfurter,candy
whole milk,tropical fruit,onions,chicken,dishes,brown bread,other vegetables,butter,rolls/buns,white wine,red/blush wine
whole milk,curd,sausage,newspapers,yogurt,turkey,soda,oil,shopping bags,brown bread,other vegetables,hard cheese,hygiene articles,candy
pastry,newspapers,frozen dessert,citrus fruit,margarine,shopping bags,UHT-milk,ready soups,fruit/vegetable juice,frankfurter,decalcifier,instant coffee
curd,bottled water,yogurt,sliced cheese,canned beer,newspapers,specialty bar,citrus fruit,oil,shopping bags,rolls/buns,beverages,whipped/sour cream,bottled beer
domestic eggs,pastry,beef,root vegetables,bottled water,candles,margarine,soda,rolls/buns,coffee,pip fruit
salty snack,whole milk,bottled water,tropical fruit,yogurt,newspapers,napkins,canned beer,candles,white wine,soda,spread cheese,rolls/buns,bottled beer,packaged fruit/vegetables
domestic eggs,whole milk,beef,liquor (appetizer),detergent,onions,dishes,rolls/buns,other vegetables,butter,bottled beer,meat
frankfurter,grapes,other vegetables,butter milk,UHT-milk,brown bread,margarine,organic products,bottled water,soda
beef,sausage,liquor (appetizer),canned beer,onions,chicken,hygiene articles,rolls/buns,bottled beer,herbs
whole milk,curd,root vegetables,sausage,tropical fruit,seasonal products,yogurt,other vegetables,whipped/sour cream,bottled beer
flower (seeds),beef,root vegetables,sausage,tropical fruit,yogurt,newspapers,abrasive cleaner,soda,rolls/buns,frankfurter,semi-finished bread
pastry,tropical fruit,yogurt,rum,mustard,soda,flour,rolls/buns,frankfurter,bottled beer,grapes
flower (seeds),sugar,curd,sausage,canned beer,ice cream,soda,shopping bags,beverages,rolls/buns,pot plants,bottled beer
whole milk,bottled water,canned beer,dessert,beverages,other vegetables,whipped/sour cream,coffee,berries,decalcifier
frankfurter,chicken,pork,citrus fruit,other vegetables,whole milk,butter milk,whipped/sour cream,cream cheese ,frozen dessert,domestic eggs,rolls/buns,sugar,baking powder
domestic eggs,root vegetables,beef,whole milk,bottled water,onions,pork,citrus fruit,hygiene articles,other vegetables,frankfurter,bottled beer,packaged fruit/vegetables,cat food
condensed milk,frozen vegetables,vinegar,brandy,frozen dessert,chicken,oil,other vegetables,fruit/vegetable juice,packaged fruit/vegetables
root vegetables,whole milk,newspapers,pork,specialty bar,Instant food products,soda,dishes,rolls/buns,other vegetables,whipped/sour cream,zwieback,grapes
root vegetables,frozen vegetables,baking powder,seasonal products,yogurt,cream cheese ,napkins,specialty cheese,ice cream,soda,bottled beer,citrus fruit,rolls/buns,whipped/sour cream,frankfurter,finished products,packaged fruit/vegetables
whole milk,tropical fruit,cream cheese ,chocolate,chocolate marshmallow,onions,tea,rolls/buns,other vegetables,flour
ham,beef,whole milk,curd,sausage,turkey,margarine,other vegetables,pot plants,bottled beer
ham,chicken,citrus fruit,berries,onions,whole milk,curd,yogurt,frozen vegetables,rolls/buns,margarine,soda,liquor (appetizer),cake bar,candy,seasonal products,skin care
whole milk,bottled water,yogurt,specialty bar,dessert,soda,margarine,UHT-milk,rolls/buns,long life bakery product,packaged fruit/vegetables,meat
whole milk,newspapers,house keeping products,canned beer,dessert,chicken,UHT-milk,rolls/buns,coffee,red/blush wine,long life bakery product
domestic eggs,flower (seeds),whole milk,pastry,root vegetables,bottled water,hamburger meat,pet care,margarine,soda,shopping bags,rolls/buns,brown bread,other vegetables,frankfurter
citrus fruit,tropical fruit,grapes,yogurt,rolls/buns,margarine,canned fruit,bottled water,soda,misc. beverages,candy,female sanitary products,shopping bags
sausage,pork,beef,berries,root vegetables,whole milk,butter,rolls/buns,cat food,bottled water,newspapers
root vegetables,onions,other vegetables,packaged fruit/vegetables,whole milk,whipped/sour cream,frozen vegetables,rolls/buns,pasta,soups,baking powder,soda,detergent
butter,root vegetables,whole milk,bottled water,newspapers,yogurt,canned beer,soda,UHT-milk,hygiene articles,other vegetables,whipped/sour cream,rolls/buns,frankfurter,coffee,bottled beer,berries
whole milk,tropical fruit,hamburger meat,newspapers,frozen meals,pork,margarine,beverages,rolls/buns,waffles,fruit/vegetable juice,frankfurter,semi-finished bread,long life bakery product
pastry,beef,whole milk,frozen vegetables,sausage,newspapers,frozen fish,specialty bar,ice cream,soda,margarine,brown bread,frankfurter,coffee
pastry,whole milk,curd,sugar,bottled water,yogurt,newspapers,pork,fish,butter,flour,whipped/sour cream,photo/film
root vegetables,whole milk,pork,margarine,chewing gum,UHT-milk,brown bread,pot plants,bottled beer,grapes
butter,root vegetables,whole milk,bottled water,canned beer,mustard,citrus fruit,oil,whipped/sour cream,bottled beer
root vegetables,whole milk,yogurt,cream cheese ,female sanitary products,dessert,rice,shopping bags,hygiene articles,other vegetables,coffee,pip fruit,herbs
beef,root vegetables,other vegetables,whole milk,butter,soft cheese,hard cheese,domestic eggs,pasta,coffee,candles
pastry,whole milk,newspapers,candles,pork,citrus fruit,margarine,chicken,oil,rolls/buns,white bread,butter,grapes
meat,beef,tropical fruit,pip fruit,other vegetables,whipped/sour cream,soft cheese,frozen meals,margarine,coffee,fruit/vegetable juice,pot plants
whole milk,bottled water,cream cheese ,specialty bar,citrus fruit,spread cheese,rolls/buns,pot plants,bottled beer,herbs
whole milk,tropical fruit,newspapers,chocolate,napkins,citrus fruit,margarine,beverages,rolls/buns,other vegetables,pip fruit,meat
frankfurter,root vegetables,curd,whole milk,beef,frozen vegetables,tropical fruit,turkey,citrus fruit,other vegetables,specialty chocolate,bottled beer,packaged fruit/vegetables
citrus fruit,onions,whole milk,curd,yogurt,rolls/buns,pasta,mustard,dog food,canned beer
domestic eggs,pastry,whole milk,sausage,bottled water,yogurt,newspapers,rolls/buns,whipped/sour cream,berries,packaged fruit/vegetables
citrus fruit,other vegetables,packaged fruit/vegetables,whole milk,butter,whipped/sour cream,flour,sugar,coffee,soda,sparkling wine,dishes
whole milk,frozen vegetables,beef,root vegetables,curd,yogurt,canned beer,napkins,onions,citrus fruit,rolls/buns,hard cheese,fruit/vegetable juice,coffee
fish,berries,other vegetables,whole milk,dessert,yogurt,spread cheese,coffee,white wine,red/blush wine
tropical fruit,berries,root vegetables,whole milk,butter,yogurt,whipped/sour cream,sliced cheese,hard cheese,specialty chocolate,napkins
sausage,pork,other vegetables,frozen fish,rolls/buns,semi-finished bread,artif. sweetener,ready soups,bottled water,hygiene articles,newspapers
chicken,tropical fruit,pip fruit,root vegetables,other vegetables,packaged fruit/vegetables,butter,rolls/buns,margarine,sugar,rum,long life bakery product,abrasive cleaner
misc. beverages,beef,root vegetables,whole milk,chocolate,frozen meals,margarine,shopping bags,whipped/sour cream,fruit/vegetable juice,organic products,bottled beer,berries
chicken,pork,other vegetables,whole milk,whipped/sour cream,UHT-milk,domestic eggs,rolls/buns,bottled water,soda,fruit/vegetable juice,bottled beer
chicken,pork,hamburger meat,pip fruit,nuts/prunes,root vegetables,other vegetables,whole milk,spread cheese,frozen potato products,brown bread,Instant food products,soda,fruit/vegetable juice,shopping bags
beef,tropical fruit,root vegetables,herbs,other vegetables,whole milk,yogurt,hard cheese,rolls/buns,brown bread,bottled water,bottled beer,salty snack,shopping bags
frankfurter,sausage,beef,root vegetables,packaged fruit/vegetables,whole milk,dessert,yogurt,sliced cheese,ice cream,rolls/buns,soda
root vegetables,curd,frozen vegetables,sausage,bottled water,napkins,pet care,abrasive cleaner,chicken,citrus fruit,soda,beverages,chewing gum,berries,instant coffee
domestic eggs,whole milk,tropical fruit,newspapers,ice cream,citrus fruit,soda,dishes,UHT-milk,rolls/buns,fruit/vegetable juice,frankfurter
root vegetables,whole milk,sausage,brandy,shopping bags,rolls/buns,brown bread,white bread,dog food,specialty chocolate,sweet spreads
sausage,ham,citrus fruit,tropical fruit,berries,packaged fruit/vegetables,whole milk,whipped/sour cream,sliced cheese,pastry,sugar,baking powder
whole milk,sugar,root vegetables,beef,yogurt,cream cheese,beverages,hygiene articles,whipped/sour cream,fruit/vegetable juice,coffee,berries
beef,curd,yogurt,canned beer,sliced cheese,pork,Instant food products,shopping bags,coffee,bottled beer,butter milk
newspapers,chocolate,pork,soda,beverages,oil,white bread,whipped/sour cream,flour,berries
flower (seeds),root vegetables,whole milk,bottled water,yogurt,onions,processed cheese,dishes,rolls/buns,white bread,potato products,fruit/vegetable juice,coffee,grapes
hamburger meat,bathroom cleaner,cream cheese ,newspapers,canned beer,fish,salt,chicken,soda,UHT-milk,other vegetables,coffee
whole milk,frozen vegetables,vinegar,newspapers,canned beer,frozen meals,napkins,pork,chicken,brown bread,rolls/buns,other vegetables,bottled beer,red/blush wine
pastry,beef,misc. beverages,whole milk,hamburger meat,tropical fruit,newspapers,cake bar,hygiene articles,other vegetables,berries
salty snack,whole milk,sausage,tropical fruit,chocolate,citrus fruit,soda,rolls/buns,other vegetables,pip fruit,grapes
tropical fruit,other vegetables,whole milk,yogurt,soft cheese,hard cheese,spread cheese,curd cheese,frozen vegetables,ice cream,pastry,coffee,fruit/vegetable juice,hygiene articles
ham,whole milk,pastry,newspapers,sliced cheese,frozen meals,dessert,citrus fruit,popcorn,soda,shopping bags,coffee
misc. beverages,root vegetables,whole milk,curd,salty snack,bottled water,cream cheese ,newspapers,whipped/sour cream,flour,coffee
curd,bottled water,canned beer,napkins,white wine,soda,margarine,shopping bags,roll products ,fruit/vegetable juice,bottled beer,dish cleaner
ham,beef,grapes,yogurt,whipped/sour cream,domestic eggs,white bread,pastry,bottled water,fruit/vegetable juice,white wine,salty snack,chocolate,newspapers,shopping bags
misc. beverages,liqueur,canned beer,cake bar,pork,soda,citrus fruit,beverages,UHT-milk,rolls/buns,brown bread,bottled beer,long life bakery product
root vegetables,whole milk,sausage,bottled water,yogurt,cream cheese ,frozen fish,napkins,citrus fruit,soda,shopping bags,rolls/buns,butter
pastry,root vegetables,whole milk,yogurt,turkey,cream cheese,rolls/buns,other vegetables,ready soups,frankfurter
whole milk,pickled vegetables,detergent,newspapers,soda,popcorn,shopping bags,whipped/sour cream,frankfurter,bottled beer,berries
frankfurter,hamburger meat,whole milk,butter,curd,flour,rice,oil,sugar,mustard,salty snack,chocolate,chocolate marshmallow,dish cleaner,dental care
root vegetables,whole milk,sugar,beverages,shopping bags,rolls/buns,soups,frankfurter,coffee,berries
beef,whole milk,tropical fruit,yogurt,newspapers,frozen fish,rolls/buns,pot plants,berries,grapes
salty snack,napkins,citrus fruit,shopping bags,rolls/buns,pot plants,specialty chocolate,coffee,sparkling wine,dish cleaner,instant coffee
pastry,whole milk,hamburger meat,detergent,candles,onions,bottled beer,white bread,other vegetables,photo/film,chewing gum,herbs
tropical fruit,grapes,berries,other vegetables,whole milk,butter,dessert,yogurt,whipped/sour cream,ice cream,pastry,salt,baking powder,bottled water,misc. beverages,fruit/vegetable juice,canned beer,specialty chocolate,pot plants
bottled water,sausage,pork,chicken,citrus fruit,chewing gum,white bread,other vegetables,whipped/sour cream,pot plants,red/blush wine
domestic eggs,misc. beverages,whole milk,curd,baking powder,newspapers,ice cream,rolls/buns,hygiene articles,whipped/sour cream,flour,coffee
domestic eggs,whole milk,bottled water,newspapers,frozen meals,onions,dessert,rolls/buns,white bread,coffee
tropical fruit,root vegetables,other vegetables,domestic eggs,white bread,brown bread,canned vegetables,soda,fruit/vegetable juice,rum
pastry,whole milk,tropical fruit,yogurt,sliced cheese,chocolate,specialty cheese,ice cream,citrus fruit,oil,other vegetables,fruit/vegetable juice,frankfurter,cat food
pastry,flower (seeds),salty snack,butter,tropical fruit,canned beer,chocolate,frozen fish,pasta,canned fish,other vegetables,softener,butter milk
root vegetables,yogurt,sliced cheese,salt,soda,citrus fruit,shopping bags,UHT-milk,rolls/buns,white bread,brown bread,packaged fruit/vegetables,specialty chocolate,zwieback
salty snack,whole milk,frozen vegetables,sugar,curd,beef,yogurt,dessert,citrus fruit,canned vegetables,spread cheese,other vegetables,fruit/vegetable juice,bottled beer
liquor,yogurt,pork,white wine,soda,bottled beer,brown bread,other vegetables,red/blush wine,grapes
sausage,citrus fruit,berries,other vegetables,whole milk,yogurt,whipped/sour cream,cream cheese ,frozen vegetables,domestic eggs,pastry,margarine,soups,canned fish,chocolate,candy,napkins
frankfurter,chicken,pork,tropical fruit,root vegetables,other vegetables,yogurt,UHT-milk,mayonnaise,brown bread,pastry,flour,mustard,coffee,cocoa drinks,fruit/vegetable juice,salty snack,long life bakery product,chocolate,seasonal products
onions,soda,processed cheese,rolls/buns,butter,frankfurter,coffee,bottled beer,artif. sweetener,photo/film
domestic eggs,whole milk,root vegetables,detergent,yogurt,dessert,shopping bags,frankfurter,coffee,pip fruit
domestic eggs,flower (seeds),whole milk,flower soil/fertilizer,newspapers,chocolate,dessert,soda,oil,shopping bags,hygiene articles,waffles,photo/film,mayonnaise,packaged fruit/vegetables
pork,whole milk,curd,yogurt,whipped/sour cream,cream cheese ,domestic eggs,white bread,sugar,baking powder,coffee,cocoa drinks,salty snack,waffles,candy,napkins
citrus fruit,other vegetables,whole milk,curd,yogurt,whipped/sour cream,cream cheese ,pastry,vinegar,oil,coffee,long life bakery product,detergent,cleaner,napkins,newspapers
sausage,curd,frozen meals,domestic eggs,cake bar,seasonal products,detergent,cleaner,house keeping products,pot plants,shopping bags
chicken,tropical fruit,pip fruit,root vegetables,other vegetables,whole milk,butter,yogurt,whipped/sour cream,hard cheese,frozen vegetables,frozen fish,domestic eggs,white bread,rice,specialty fat,dog food,bottled water,fruit/vegetable juice,long life bakery product,softener,napkins,cling film/bags
pork,tropical fruit,other vegetables,yogurt,semi-finished bread,flour,margarine,artif. sweetener,organic products,chocolate marshmallow
tropical fruit,pip fruit,grapes,root vegetables,herbs,yogurt,baking powder,seasonal products,pot plants,shopping bags
berries,root vegetables,other vegetables,butter,hard cheese,domestic eggs,rolls/buns,fruit/vegetable juice,sparkling wine,hygiene articles
dessert,ice cream,dishes,shopping bags,white bread,rolls/buns,whipped/sour cream,fruit/vegetable juice,coffee,berries,long life bakery product
beef,grapes,nuts/prunes,root vegetables,onions,other vegetables,cream,soft cheese,sliced cheese,hard cheese,domestic eggs,rolls/buns,pastry,mustard,specialty chocolate,specialty bar,dental care,shopping bags
turkey,tropical fruit,pip fruit,root vegetables,other vegetables,curd,butter milk,yogurt,curd cheese,rice,vinegar,margarine
beef,tropical fruit,onions,other vegetables,whole milk,butter,curd,butter milk,yogurt,domestic eggs,white bread,pastry,shopping bags
domestic eggs,whole milk,bottled water,chocolate,chicken,margarine,rice,frankfurter,butter milk,pip fruit,long life bakery product
domestic eggs,root vegetables,whole milk,sausage,soda,white bread,waffles,zwieback,dish cleaner,grapes
salty snack,root vegetables,bottled water,cream cheese ,pasta,margarine,oil,UHT-milk,brown bread,other vegetables,pot plants
misc. beverages,whole milk,beef,bottled water,onions,pork,shopping bags,rolls/buns,specialty chocolate,bottled beer
yogurt,whipped/sour cream,flour,margarine,sugar,baking powder,cat food,soda,fruit/vegetable juice,chocolate,hygiene articles,napkins,newspapers
root vegetables,whole milk,curd,yogurt,newspapers,dessert,specialty bar,chicken,oil,shopping bags,specialty chocolate,pip fruit,meat
misc. beverages,whole milk,liquor,sausage,bottled water,pasta,pet care,whipped/sour cream,fruit/vegetable juice,coffee,bottled beer
domestic eggs,yogurt,specialty cheese,pork,specialty bar,dishes,shopping bags,other vegetables,frankfurter,chewing gum,herbs
sausage,tropical fruit,grapes,other vegetables,processed cheese,frozen meals,domestic eggs,white bread,salty snack,newspapers
sausage,citrus fruit,pip fruit,root vegetables,other vegetables,whole milk,yogurt,whipped/sour cream,spread cheese,frozen vegetables,pastry,instant coffee,soda,fruit/vegetable juice,hygiene articles
grapes,yogurt,UHT-milk,soft cheese,rolls/buns,fruit/vegetable juice,candy,dental care,newspapers,shopping bags
domestic eggs,pastry,whole milk,yogurt,canned beer,margarine,shopping bags,brown bread,fruit/vegetable juice,frankfurter
frankfurter,ham,chicken,whole milk,butter,processed cheese,frozen vegetables,white bread,pastry,soda,fruit/vegetable juice,red/blush wine,chocolate,pot plants
whole milk,cake bar,pork,ice cream,soda,brown bread,rolls/buns,roll products ,bottled beer,zwieback
pork,hamburger meat,pip fruit,grapes,root vegetables,other vegetables,whole milk,yogurt,cream cheese ,frozen dessert,sugar,meat spreads,soda,fruit/vegetable juice
frankfurter,pip fruit,root vegetables,curd,yogurt,UHT-milk,white bread,pastry,instant coffee,waffles,dish cleaner
sausage,grapes,butter,curd,yogurt,whipped/sour cream,beverages,UHT-milk,sliced cheese,processed cheese,rolls/buns,pastry,chocolate
domestic eggs,ham,butter,misc. beverages,liquor,yogurt,specialty bar,ice cream,citrus fruit,shopping bags,white bread,hard cheese,fruit/vegetable juice
beef,tropical fruit,pip fruit,grapes,root vegetables,processed cheese,rolls/buns,white bread,pastry,pasta,specialty vegetables,cat food,soda,misc. beverages
frankfurter,sausage,ham,other vegetables,domestic eggs,rolls/buns,pastry,long life bakery product,specialty bar,chocolate marshmallow
candy,whole milk,baking powder,pickled vegetables,bottled water,sausage,sliced cheese,rum,soda,canned fish,white bread,other vegetables,fruit/vegetable juice,chewing gum,long life bakery product
chicken,beef,whole milk,curd,brown bread,pastry,sauces,pickled vegetables,bottled water,soda,salty snack,waffles,specialty bar,napkins,light bulbs
frankfurter,tropical fruit,dessert,pastry,flour,margarine,sugar,artif. sweetener,sauces,rum,skin care
chicken,citrus fruit,root vegetables,other vegetables,whole milk,yogurt,hard cheese,processed cheese,mayonnaise,frozen vegetables,pastry,roll products ,rice,margarine,sugar,pickled vegetables,bottled water,fruit/vegetable juice,candy,skin care,napkins
chicken,tropical fruit,whole milk,condensed milk,soft cheese,processed cheese,domestic eggs,white bread,pastry,semi-finished bread,soda,long life bakery product,waffles,specialty chocolate,napkins,dishes,kitchen towels,shopping bags
pastry,root vegetables,bottled water,yogurt,canned beer,dessert,citrus fruit,UHT-milk,brown bread,rolls/buns,butter,waffles
beef,citrus fruit,other vegetables,whole milk,domestic eggs,rolls/buns,brown bread,coffee,soda,salty snack,shopping bags
sausage,finished products,tropical fruit,pip fruit,other vegetables,butter,curd,dessert,butter milk,yogurt,whipped/sour cream,soft cheese,frozen vegetables,rolls/buns,white bread,brown bread,pastry,pasta,soups,baby food,fruit/vegetable juice,salty snack,waffles,cake bar,chocolate,shopping bags
flower (seeds),whole milk,butter,dessert,ice cream,citrus fruit,shopping bags,UHT-milk,waffles,coffee
frankfurter,herbs,yogurt,UHT-milk,mayonnaise,frozen vegetables,margarine,bottled water,soda,salty snack,seasonal products,detergent,pot plants
domestic eggs,liquor (appetizer),vinegar,newspapers,canned beer,chocolate,pork,soda,UHT-milk,brown bread,waffles,coffee
sausage,hamburger meat,tropical fruit,onions,other vegetables,butter,yogurt,white bread,brown bread,margarine,cat food
domestic eggs,pastry,root vegetables,bottled water,cream cheese ,yogurt,house keeping products,Instant food products,citrus fruit,shopping bags,UHT-milk,rolls/buns,other vegetables,soups,frankfurter,dish cleaner
ham,whole milk,processed cheese,white bread,semi-finished bread,bottled water,soda,fruit/vegetable juice,popcorn,chewing gum,shopping bags
ham,bottled water,canned beer,napkins,chicken,citrus fruit,other vegetables,butter,pip fruit,herbs
frankfurter,sausage,UHT-milk,frozen meals,frozen dessert,domestic eggs,rolls/buns,pastry,mustard,coffee
flower (seeds),root vegetables,bottled water,sausage,hamburger meat,vinegar,cocoa drinks,soda,citrus fruit,rolls/buns,candy,specialty chocolate,white wine,packaged fruit/vegetables
meat,other vegetables,whole milk,yogurt,soft cheese,sliced cheese,domestic eggs,margarine,cat food,pet care,coffee,bottled beer,red/blush wine,dish cleaner,napkins,kitchen towels
misc. beverages,whole milk,soda,shopping bags,UHT-milk,brown bread,cat food,red/blush wine,semi-finished bread,dish cleaner,instant coffee
citrus fruit,tropical fruit,pip fruit,grapes,root vegetables,other vegetables,whole milk,curd,dessert,whipped/sour cream,UHT-milk,frozen vegetables,frozen meals,bottled water,fruit/vegetable juice,specialty chocolate,napkins
salty snack,bottled water,seasonal products,cream cheese ,canned beer,chocolate,margarine,citrus fruit,soda,other vegetables,butter,waffles,bottled beer,packaged fruit/vegetables,meat
salty snack,whole milk,curd,root vegetables,tropical fruit,salt,rolls/buns,other vegetables,whipped/sour cream,fruit/vegetable juice,bottled beer
ham,sugar,tropical fruit,cream cheese ,white wine,soda,processed cheese,bottled beer,oil,shopping bags,white bread,brown bread,candy,grapes
misc. beverages,root vegetables,bottled water,tropical fruit,canned beer,napkins,ice cream,shopping bags,other vegetables,bottled beer,skin care
misc. beverages,finished products,yogurt,dessert,soda,oil,other vegetables,fruit/vegetable juice,dental care,sparkling wine
misc. beverages,tropical fruit,cream cheese ,newspapers,kitchen towels,yogurt,canned beer,dessert,light bulbs,soda,UHT-milk,rolls/buns,other vegetables,fruit/vegetable juice,frankfurter,nut snack
sausage,citrus fruit,pip fruit,yogurt,beverages,sliced cheese,sugar,bottled water,soda,cake bar
pastry,flower (seeds),salty snack,root vegetables,sausage,yogurt,soda,margarine,citrus fruit,other vegetables,whipped/sour cream,bottled beer,semi-finished bread,meat
beef,citrus fruit,onions,herbs,other vegetables,whole milk,yogurt,whipped/sour cream,specialty cheese,brown bread,canned vegetables,bottled water,dish cleaner,abrasive cleaner,hygiene articles
ham,hamburger meat,onions,other vegetables,processed cheese,frozen vegetables,domestic eggs,rolls/buns,white bread,cookware,shopping bags
sugar,curd,bottled water,yogurt,newspapers,frozen meals,frozen fish,pork,citrus fruit,shopping bags,other vegetables,waffles,grapes
ham,bottled water,bathroom cleaner,canned beer,pasta,specialty cheese,brandy,frozen potato products,ice cream,soda,oil,spread cheese,white bread,coffee,white wine,pudding powder,grapes
pastry,bottled water,tropical fruit,dessert,citrus fruit,white bread,photo/film,pip fruit,long life bakery product,red/blush wine
whole milk,root vegetables,sliced cheese,turkey,pork,soda,chewing gum,UHT-milk,other vegetables,fruit/vegetable juice,bottled beer
sausage,other vegetables,pasta,oil,margarine,coffee,syrup,canned beer,napkins,light bulbs,shopping bags
pork,tropical fruit,other vegetables,dessert,yogurt,roll products ,flour,rice,coffee,bottled water,soda,fruit/vegetable juice,canned beer,salty snack
salty snack,pastry,sausage,chocolate,citrus fruit,shopping bags,brown bread,pip fruit,mayonnaise,light bulbs,grapes
male cosmetics,bottled water,yogurt,napkins,ketchup,soda,processed cheese,UHT-milk,hygiene articles,pot plants,other vegetables,prosecco,dish cleaner
beef,other vegetables,butter milk,yogurt,whipped/sour cream,cream cheese ,white bread,fruit/vegetable juice,bottled beer,chocolate
beef,root vegetables,bottled water,tropical fruit,yogurt,pasta,rolls/buns,other vegetables,butter,flour
whole milk,root vegetables,pickled vegetables,sausage,hamburger meat,roll products ,bottled beer,oil,rolls/buns,hygiene articles,softener,whipped/sour cream,white wine,berries
sausage,citrus fruit,whole milk,cream cheese ,processed cheese,frozen vegetables,rolls/buns,pastry,fruit/vegetable juice,chewing gum
whole milk,newspapers,canned beer,yogurt,soda,shopping bags,UHT-milk,brown bread,rolls/buns,coffee,red/blush wine
citrus fruit,root vegetables,other vegetables,whole milk,curd,yogurt,whipped/sour cream,hard cheese,cream cheese ,domestic eggs,flour,rice,oil,margarine,sugar
pastry,frozen vegetables,whole milk,tropical fruit,chocolate,kitchen towels,margarine,citrus fruit,oil,UHT-milk,brown bread,other vegetables,whipped/sour cream,fruit/vegetable juice,grapes
frankfurter,tropical fruit,butter,whipped/sour cream,frozen vegetables,rolls/buns,sugar,baking powder,bottled water,misc. beverages,long life bakery product,newspapers
ham,curd,pickled vegetables,bottled water,yogurt,chewing gum,rolls/buns,other vegetables,coffee,bottled beer
whole milk,curd,sausage,newspapers,canned beer,pork,margarine,soda,whipped/sour cream,butter milk
domestic eggs,pastry,whole milk,tropical fruit,yogurt,citrus fruit,soda,hygiene articles,cookware,whipped/sour cream
chicken,pork,pip fruit,other vegetables,whole milk,tidbits,frozen fish,rolls/buns,margarine,baking powder,soda,bottled beer,white wine,waffles,chocolate,candy
root vegetables,whole milk,baby cosmetics,yogurt,cake bar,citrus fruit,shopping bags,rolls/buns,pot plants,fruit/vegetable juice
frankfurter,sausage,liver loaf,ham,chicken,beef,citrus fruit,tropical fruit,root vegetables,other vegetables,whole milk,butter,curd,yogurt,whipped/sour cream,beverages,soft cheese,hard cheese,cream cheese ,mayonnaise,domestic eggs,rolls/buns,roll products ,flour,pasta,margarine,specialty fat,sugar,soups,skin care,hygiene articles,candles
frankfurter,pip fruit,other vegetables,yogurt,spread cheese,rolls/buns,white bread,pastry,coffee,soda,waffles,hygiene articles
ham,pork,hamburger meat,pip fruit,other vegetables,whole milk,butter,curd,dessert,butter milk,whipped/sour cream,domestic eggs,brown bread,roll products ,hygiene articles
pork,root vegetables,other vegetables,specialty fat,sugar,baking powder,cat food,salty snack,waffles,shopping bags
domestic eggs,condensed milk,misc. beverages,sausage,bottled water,bathroom cleaner,newspapers,chicken,butter,meat,bottled beer,cat food,red/blush wine
domestic eggs,pastry,pork,specialty bar,chicken,soda,rolls/buns,other vegetables,pot plants,bottled beer,grapes
pork,beef,citrus fruit,berries,root vegetables,other vegetables,whole milk,yogurt,cream cheese ,vinegar,oil,cat food,specialty chocolate,detergent,dish cleaner,abrasive cleaner,cleaner,hygiene articles,shopping bags
domestic eggs,root vegetables,whole milk,bottled water,seasonal products,yogurt,specialty bar,frozen potato products,soda,shopping bags
sausage,meat,pork,whole milk,butter,whipped/sour cream,frozen vegetables,frozen dessert,white bread,brown bread,pastry,coffee
frankfurter,beef,tropical fruit,pip fruit,butter,yogurt,dog food,long life bakery product,cookware,newspapers
chicken,tropical fruit,pip fruit,root vegetables,herbs,other vegetables,dessert,yogurt,whipped/sour cream,beverages,brown bread,cat food,shopping bags
pastry,flower (seeds),whole milk,tropical fruit,napkins,citrus fruit,soda,bottled beer,dishes,rolls/buns,other vegetables,coffee,pip fruit,grapes
salty snack,frozen vegetables,whole milk,curd,male cosmetics,hamburger meat,newspapers,brandy,chicken,beverages,shopping bags,cookware,pip fruit,mayonnaise,berries
sausage,tropical fruit,whole milk,yogurt,processed cheese,pastry,margarine,Instant food products,coffee,popcorn,house keeping products
frankfurter,whole milk,whipped/sour cream,curd cheese,domestic eggs,margarine,baking powder,cat food,bottled water,canned beer,candy,napkins
sausage,root vegetables,other vegetables,whole milk,butter,whipped/sour cream,processed cheese,sugar,baking powder,jam,coffee,bottled water,soda,fruit/vegetable juice,salty snack,long life bakery product,candy,napkins
whole milk,tropical fruit,dessert,citrus fruit,brown bread,rolls/buns,fruit/vegetable juice,coffee,bottled beer,sweet spreads
turkey,pork,beef,hamburger meat,tropical fruit,root vegetables,onions,other vegetables,whole milk,butter,butter milk,yogurt,rolls/buns,oil,fruit/vegetable juice,waffles,candy
pork,root vegetables,whole milk,curd,whipped/sour cream,rolls/buns,white bread,canned vegetables,soda,cleaner
frankfurter,sausage,tropical fruit,whole milk,yogurt,pastry,sugar,bottled water,soda,fruit/vegetable juice
domestic eggs,beef,hamburger meat,newspapers,chicken,shopping bags,oil,rolls/buns,other vegetables,flour,dental care,candy
domestic eggs,bottled water,canned beer,pork,dessert,citrus fruit,margarine,soda,shopping bags,UHT-milk,other vegetables,softener,chewing gum
frankfurter,ham,root vegetables,onions,whole milk,yogurt,rolls/buns,white bread,brown bread,margarine
pastry,root vegetables,chocolate,pet care,mustard,liver loaf,shopping bags,rolls/buns,waffles,frankfurter,bottled beer
whole milk,root vegetables,chocolate,pasta,turkey,napkins,onions,pork,liver loaf,dishes,UHT-milk,shopping bags,other vegetables,waffles,frankfurter,dental care
pork,citrus fruit,root vegetables,other vegetables,whole milk,butter,soda,dishes,newspapers,flower (seeds)
pork,tropical fruit,root vegetables,onions,other vegetables,whole milk,butter,whipped/sour cream,soft cheese,sliced cheese,ice cream,semi-finished bread,soda,newspapers
whole milk,root vegetables,frozen vegetables,chocolate,margarine,soda,beverages,rolls/buns,whipped/sour cream,fruit/vegetable juice,specialty chocolate,bottled beer
pastry,whole milk,beef,curd,yogurt,specialty cheese,pork,citrus fruit,shopping bags,rolls/buns,other vegetables,hard cheese,coffee,flour,waffles,cat food
cream cheese ,chocolate,newspapers,pasta,yogurt,soda,citrus fruit,shopping bags,rolls/buns,brown bread,specialty chocolate
salty snack,root vegetables,whole milk,sausage,frozen fish,salt,chicken,soda,shopping bags,other vegetables,whipped/sour cream,coffee,meat
ham,whole milk,hard cheese,frozen meals,rolls/buns,rice,soups,baking powder,canned vegetables,bottled beer,female sanitary products
chicken,pork,root vegetables,onions,packaged fruit/vegetables,butter,hard cheese,salt,bottled water,bottled beer
misc. beverages,root vegetables,whole milk,margarine,shopping bags,white bread,other vegetables,butter,hygiene articles,herbs,grapes
frankfurter,meat,tropical fruit,berries,other vegetables,whole milk,whipped/sour cream,domestic eggs,margarine,ketchup,misc. beverages,canned beer,salty snack
sausage,organic sausage,citrus fruit,berries,yogurt,whipped/sour cream,domestic eggs,rolls/buns,canned vegetables,salty snack,newspapers
pastry,soft cheese,hamburger meat,detergent,canned beer,newspapers,soda,citrus fruit,shopping bags,hygiene articles,rolls/buns,softener,other vegetables
frankfurter,root vegetables,other vegetables,whole milk,whipped/sour cream,sliced cheese,frozen meals,frozen dessert,flour,sugar,coffee,cleaner,shopping bags
whole milk,root vegetables,sausage,newspapers,canned beer,kitchen towels,yogurt,pork,oil,other vegetables,pip fruit,chewing gum,dish cleaner
frankfurter,berries,other vegetables,whole milk,soft cheese,domestic eggs,rolls/buns,brown bread,pastry,shopping bags
meat,beef,tropical fruit,pip fruit,berries,other vegetables,whole milk,white bread,brown bread,sugar,detergent
baking powder,whole milk,hamburger meat,candles,dessert,soda,dishes,canned fish,hygiene articles,bottled beer,sweet spreads
pastry,prosecco,bottled water,chocolate marshmallow,napkins,bottled beer,beverages,dishes,fruit/vegetable juice,chewing gum,long life bakery product
citrus fruit,pip fruit,grapes,other vegetables,dessert,butter milk,yogurt,domestic eggs,flour,oil,sugar,ketchup,detergent,dish cleaner
pastry,whole milk,bottled water,tropical fruit,soda,beverages,rolls/buns,hard cheese,cat food,dish cleaner
root vegetables,whole milk,butter,yogurt,whipped/sour cream,soft cheese,cream cheese ,domestic eggs,brown bread,jam,misc. beverages,fruit/vegetable juice,napkins,pot plants
root vegetables,sausage,yogurt,newspapers,abrasive cleaner,soda,berries,other vegetables,pip fruit,bottled beer,butter milk,light bulbs
misc. beverages,whole milk,root vegetables,bottled water,vinegar,yogurt,chocolate,chicken,shopping bags,beverages,roll products 
ham,hamburger meat,citrus fruit,root vegetables,onions,other vegetables,whole milk,white bread,brown bread,sugar,soda,red/blush wine,dishes,shopping bags
frankfurter,chicken,butter,dessert,butter milk,ice cream,pastry,oil,margarine,soda,salty snack,chocolate,chocolate marshmallow,detergent,hygiene articles,napkins,pot plants
sausage,ham,meat,chicken,tropical fruit,other vegetables,whole milk,butter,yogurt,cream cheese ,frozen vegetables,domestic eggs,rolls/buns,brown bread,semi-finished bread,candy,newspapers
ham,tropical fruit,grapes,onions,other vegetables,yogurt,whipped/sour cream,soft cheese,sliced cheese,frozen vegetables,white bread,pastry,semi-finished bread,oil,cat food,bottled water,fruit/vegetable juice,detergent,house keeping products
salty snack,pastry,whole milk,chocolate,canned beer,frozen meals,citrus fruit,white bread,other vegetables,pot plants,coffee,red/blush wine
domestic eggs,pastry,whole milk,canned beer,chocolate,mustard,chicken,oil,other vegetables,zwieback
ham,dessert,frozen meals,frozen dessert,white bread,sweet spreads,soda,long life bakery product,specialty bar,hygiene articles,newspapers,shopping bags
ham,misc. beverages,curd,whole milk,liquor,yogurt,cream cheese ,cling film/bags,citrus fruit,soda,shopping bags,other vegetables,butter milk,chewing gum,herbs,light bulbs
tropical fruit,canned beer,chicken,margarine,shopping bags,brown bread,waffles,frankfurter,candy,packaged fruit/vegetables
sausage,meat,grapes,other vegetables,yogurt,soft cheese,domestic eggs,rolls/buns,margarine,soda,chocolate
canned fruit,butter,bottled water,yogurt,chocolate,frozen meals,meat spreads,pet care,canned beer,soda,waffles
pastry,whole milk,soft cheese,yogurt,canned beer,citrus fruit,soda,shopping bags,semi-finished bread,meat
pastry,whole milk,salty snack,root vegetables,sausage,frozen vegetables,dessert,butter,fruit/vegetable juice,frankfurter
tropical fruit,other vegetables,packaged fruit/vegetables,whole milk,frozen meals,white bread,instant coffee,soda,female sanitary products,newspapers,pot plants,shopping bags
pastry,root vegetables,sugar,yogurt,soda,rolls/buns,white bread,other vegetables,sparkling wine,instant coffee
beef,root vegetables,whole milk,butter milk,yogurt,beverages,cream cheese ,sweet spreads,soda,chocolate
citrus fruit,onions,other vegetables,whole milk,cream cheese ,domestic eggs,sugar,bottled water,bottled beer,long life bakery product,seasonal products,napkins
domestic eggs,misc. beverages,curd,sausage,bottled water,dessert,soda,shopping bags,coffee,jam
packaged fruit/vegetables,whole milk,pastry,bottled water,soda,misc. beverages,chewing gum,specialty bar,hygiene articles,pot plants,shopping bags
finished products,beef,tropical fruit,spread cheese,rolls/buns,waffles,chocolate,specialty chocolate,hair spray,shopping bags
curd,sausage,sliced cheese,soda,shopping bags,oil,rolls/buns,other vegetables,pot plants,coffee,herbs
root vegetables,whole milk,sugar,bottled water,sausage,detergent,canned beer,napkins,brandy,female sanitary products,soda,shopping bags,brown bread,waffles,pudding powder,dish cleaner
misc. beverages,sugar,detergent,cream cheese ,frozen fruits,chocolate,shopping bags,dishes,other vegetables,candy,long life bakery product
domestic eggs,sugar,baking powder,beef,yogurt,pork,salt,shopping bags,other vegetables,butter,whipped/sour cream,grapes
sausage,ham,citrus fruit,grapes,berries,butter milk,frozen meals,domestic eggs,cat food,coffee,bottled water,soda,fruit/vegetable juice,waffles,hygiene articles
whole milk,spices,hamburger meat,yogurt,canned beer,chicken,soda,coffee,bottled beer,meat
pastry,whole milk,root vegetables,chocolate,pork,margarine,oil,shopping bags,rolls/buns,UHT-milk,coffee,pip fruit
ham,whole milk,curd,root vegetables,detergent,chocolate marshmallow,dessert,ice cream,soda,coffee,bottled beer
tropical fruit,pip fruit,grapes,ice cream,frozen potato products,rolls/buns,pastry,soda,misc. beverages,salty snack,long life bakery product,chewing gum,specialty bar,napkins,photo/film
grapes,root vegetables,whole milk,butter,whipped/sour cream,condensed milk,roll products ,oil,bottled water,fruit/vegetable juice
beef,root vegetables,whole milk,curd,frozen vegetables,baking powder,tropical fruit,soda,liver loaf,hygiene articles,other vegetables,whipped/sour cream,pip fruit,bottled beer,grapes
root vegetables,whole milk,butter,domestic eggs,flour,oil,sugar,baking powder,white wine,specialty chocolate,shopping bags
curd,bottled water,vinegar,newspapers,canned beer,pork,shopping bags,brown bread,roll products ,fruit/vegetable juice,specialty chocolate,butter milk,herbs
pastry,sugar,newspapers,chocolate,brandy,soda,beverages,shopping bags,bottled beer,long life bakery product
liquor,cream cheese ,chocolate,pasta,soda,UHT-milk,rolls/buns,sweet spreads,coffee,red/blush wine,jam
pastry,whole milk,bottled water,sausage,canned beer,soda,shopping bags,rolls/buns,brown bread,hard cheese
tropical fruit,yogurt,canned beer,cream cheese ,meat spreads,citrus fruit,beverages,rolls/buns,pot plants,brown bread,fruit/vegetable juice,berries
salty snack,whole milk,frozen vegetables,tropical fruit,cleaner,citrus fruit,rolls/buns,other vegetables,butter,brown bread,fruit/vegetable juice
salty snack,whole milk,bottled water,citrus fruit,rolls/buns,other vegetables,soups,whipped/sour cream,bottled beer,butter milk
ham,whole milk,frozen vegetables,liquor (appetizer),bathroom cleaner,tropical fruit,canned beer,soda,other vegetables,fruit/vegetable juice,coffee,bottled beer
whole milk,bottled water,tropical fruit,newspapers,dessert,citrus fruit,rolls/buns,long life bakery product,whipped/sour cream,fruit/vegetable juice,decalcifier
whole milk,yogurt,canned beer,cling film/bags,dessert,fish,soda,rolls/buns,other vegetables,fruit/vegetable juice,meat
sausage,tropical fruit,baby cosmetics,napkins,margarine,oil,dishes,rolls/buns,other vegetables,waffles
domestic eggs,root vegetables,whole milk,bottled water,tropical fruit,yogurt,margarine,citrus fruit,rolls/buns,whipped/sour cream,coffee
condensed milk,root vegetables,whole milk,spices,sausage,hamburger meat,yogurt,citrus fruit,rolls/buns,coffee
salty snack,beef,canned beer,candles,soda,margarine,shopping bags,rolls/buns,other vegetables,waffles
root vegetables,whole milk,bottled water,yogurt,newspapers,onions,shopping bags,beverages,brown bread,pot plants
bottled water,hamburger meat,tropical fruit,napkins,citrus fruit,rice,dishes,UHT-milk,brown bread,other vegetables,rolls/buns,coffee,butter milk
whole milk,curd,detergent,newspapers,frozen potato products,margarine,soda,chicken,UHT-milk,rolls/buns,other vegetables,meat
butter,sausage,yogurt,fish,soda,shopping bags,brown bread,other vegetables,rolls/buns,jam
turkey,citrus fruit,tropical fruit,grapes,root vegetables,onions,other vegetables,rolls/buns,brown bread,pastry,pickled vegetables,jam,cat food,fruit/vegetable juice,napkins
whole milk,curd,roll products ,newspapers,napkins,onions,ice cream,Instant food products,canned fish,oil,butter
domestic eggs,canned fruit,whole milk,misc. beverages,flower (seeds),frozen vegetables,bottled water,detergent,yogurt,newspapers,citrus fruit,brown bread,dog food,whipped/sour cream,skin care,sweet spreads
pastry,sausage,yogurt,napkins,onions,soda,dishes,oil,rolls/buns,other vegetables,butter,butter milk
domestic eggs,sugar,soda,bottled beer,canned fish,rolls/buns,brown bread,waffles,frankfurter,white wine
condensed milk,whole milk,frozen vegetables,meat,canned beer,napkins,onions,dishes,other vegetables,fruit/vegetable juice,coffee,chewing gum,long life bakery product
pastry,sugar,root vegetables,whole milk,beef,vinegar,napkins,mustard,margarine,liver loaf,rolls/buns,frankfurter,pip fruit,packaged fruit/vegetables,cat food
ham,whole milk,sugar,vinegar,salt,citrus fruit,chicken,flour,rolls/buns,other vegetables,frankfurter
root vegetables,whole milk,bottled water,newspapers,yogurt,sliced cheese,dishes,rolls/buns,other vegetables,pip fruit
condensed milk,whole milk,baking powder,hamburger meat,frozen meals,pork,salt,other vegetables,whipped/sour cream,coffee,pip fruit
pastry,sausage,newspapers,detergent,pip fruit,processed cheese,shopping bags,whipped/sour cream,dental care,red/blush wine,long life bakery product
sausage,root vegetables,other vegetables,whole milk,dessert,canned fruit,soda,snack products,waffles,shopping bags
whole milk,frozen vegetables,root vegetables,tropical fruit,detergent,ice cream,citrus fruit,pip fruit,coffee,bottled beer
salty snack,yogurt,white wine,frozen dessert,soda,bottled beer,shopping bags,other vegetables,whipped/sour cream,frankfurter,chewing gum
beef,other vegetables,yogurt,beverages,rolls/buns,flour,margarine,cat food,bottled water,fruit/vegetable juice
pastry,sugar,bottled water,hamburger meat,yogurt,napkins,margarine,other vegetables,whipped/sour cream,bottled beer,long life bakery product,red/blush wine
domestic eggs,whole milk,bottled water,tropical fruit,citrus fruit,chewing gum,oil,beverages,rolls/buns,butter,bottled beer,herbs
citrus fruit,tropical fruit,root vegetables,yogurt,roll products ,margarine,sugar,bottled water,napkins,house keeping products
cream,frankfurter,sausage,cream cheese ,canned beer,yogurt,soda,beverages,brown bread,specialty chocolate,candy
sausage,specialty fat,yogurt,chocolate,napkins,pork,fish,oil,UHT-milk,other vegetables,dog food,herbs
frankfurter,sausage,berries,whole milk,yogurt,brown bread,pastry,margarine,fruit/vegetable juice,waffles,decalcifier,napkins
pastry,curd,pickled vegetables,frozen meals,processed cheese,shopping bags,rolls/buns,fruit/vegetable juice,frankfurter,semi-finished bread
pastry,candles,specialty bar,pork,ice cream,liver loaf,canned fish,organic sausage,fruit/vegetable juice,cat food
pork,beef,citrus fruit,root vegetables,other vegetables,whole milk,rolls/buns,flour,pasta,oil,waffles,seasonal products,female sanitary products
beef,citrus fruit,root vegetables,butter,yogurt,whipped/sour cream,frozen meals,pasta,oil,fruit/vegetable juice,waffles,dishes,cookware
chicken,other vegetables,whole milk,curd,ice cream,rolls/buns,sugar,soda,napkins,pot plants
tropical fruit,yogurt,detergent,chocolate,napkins,soda,pip fruit,dishes,coffee,red/blush wine,berries,sweet spreads
condensed milk,pickled vegetables,bottled water,yogurt,onions,brandy,pork,sauces,rolls/buns,other vegetables,softener,bottled beer
salty snack,bottled water,house keeping products,napkins,onions,pork,margarine,soda,chicken,canned vegetables,citrus fruit,rolls/buns,dishes,canned fish,other vegetables
ham,tropical fruit,pip fruit,other vegetables,whole milk,processed cheese,frozen vegetables,brown bread,soda,shopping bags
whole milk,soft cheese,tropical fruit,house keeping products,chocolate,margarine,soda,bottled beer,brown bread,rolls/buns,pip fruit
sausage,hamburger meat,tropical fruit,root vegetables,whole milk,UHT-milk,domestic eggs,rolls/buns,semi-finished bread,margarine,pickled vegetables,soda,fruit/vegetable juice
pastry,tropical fruit,yogurt,turkey,UHT-milk,rolls/buns,brown bread,specialty chocolate,bottled beer,meat
pastry,whole milk,canned beer,female sanitary products,dessert,soda,shopping bags,UHT-milk,rolls/buns,coffee
frozen vegetables,sausage,hamburger meat,sliced cheese,onions,pork,mustard,other vegetables,hard cheese,fruit/vegetable juice,butter milk
misc. beverages,sausage,canned beer,sliced cheese,chocolate,specialty bar,soda,shopping bags,beverages,rolls/buns,waffles
domestic eggs,pastry,whole milk,seasonal products,yogurt,soda,UHT-milk,rolls/buns,fruit/vegetable juice,pip fruit,long life bakery product
frankfurter,sausage,tropical fruit,pork,soda,popcorn,oil,white bread,specialty chocolate,pip fruit,bottled beer
whole milk,tropical fruit,newspapers,canned beer,napkins,citrus fruit,rolls/buns,other vegetables,coffee,bottled beer
grapes,root vegetables,other vegetables,roll products ,pasta,oil,margarine,coffee,bottled water,detergent
pastry,root vegetables,whole milk,sausage,yogurt,canned beer,candles,rolls/buns,other vegetables,chewing gum
whole milk,tropical fruit,yogurt,citrus fruit,soda,spread cheese,other vegetables,butter,frankfurter,whipped/sour cream
whole milk,frozen vegetables,sausage,newspapers,canned beer,shopping bags,rolls/buns,other vegetables,frankfurter,pip fruit
ham,pip fruit,herbs,other vegetables,butter,rolls/buns,white bread,oil,canned fish,soda
beef,whole milk,bottled water,yogurt,newspapers,citrus fruit,margarine,rolls/buns,white bread,soups,flour,pip fruit
domestic eggs,whole milk,bottled water,yogurt,newspapers,mustard,soda,beverages,rolls/buns,waffles
ham,sugar,curd,whole milk,yogurt,newspapers,ketchup,cling film/bags,margarine,brown bread,rolls/buns,honey,pip fruit,mayonnaise,dish cleaner
whole milk,bottled water,turkey,onions,specialty bar,pork,oil,shopping bags,other vegetables,coffee,butter milk,instant coffee
whole milk,root vegetables,tropical fruit,newspapers,yogurt,cream cheese ,citrus fruit,margarine,soda,shopping bags,rolls/buns,other vegetables,bottled beer,berries
frankfurter,sausage,root vegetables,yogurt,mayonnaise,rolls/buns,brown bread,roll products ,margarine,coffee
butter,bottled water,tropical fruit,rolls/buns,brown bread,whipped/sour cream,frankfurter,butter milk,pip fruit,long life bakery product
sausage,tropical fruit,whole milk,processed cheese,frozen vegetables,domestic eggs,rolls/buns,white bread,rice,soda,detergent,softener,decalcifier,napkins,shopping bags
whole milk,sausage,bottled water,tropical fruit,detergent,newspapers,specialty bar,soda,citrus fruit,rolls/buns
pickled vegetables,tropical fruit,sliced cheese,pet care,soda,margarine,shopping bags,rolls/buns,candy,berries
domestic eggs,whole milk,bottled water,tropical fruit,cream cheese ,dessert,citrus fruit,rolls/buns,brown bread,fruit/vegetable juice,butter milk,pip fruit,grapes
hamburger meat,pip fruit,other vegetables,butter,cream cheese ,mayonnaise,domestic eggs,pastry,rice,margarine,canned fruit,canned fish,coffee,tea,candles
whole milk,curd,Instant food products,soda,spread cheese,rolls/buns,other vegetables,brown bread,coffee,curd cheese,nuts/prunes
ham,beef,root vegetables,liquor,bottled water,newspapers,napkins,margarine,soda,rolls/buns,other vegetables,butter,bottled beer
pastry,whole milk,curd,frankfurter,hamburger meat,canned beer,citrus fruit,canned fish,other vegetables,waffles,flour,mayonnaise,meat
misc. beverages,root vegetables,whole milk,liquor,sausage,sugar,soda,white bread,rolls/buns,butter,other vegetables
domestic eggs,root vegetables,whole milk,curd,sausage,yogurt,onions,pork,salt,bottled beer,white bread,other vegetables,hard cheese,flour,salad dressing,meat
sausage,whole milk,yogurt,pastry,pudding powder,bottled water,soda,bottled beer,canned beer,male cosmetics,flower (seeds)
sausage,tropical fruit,pip fruit,other vegetables,whole milk,curd,dessert,yogurt,whipped/sour cream,cream cheese ,brown bread,detergent
beef,tropical fruit,yogurt,sliced cheese,cream cheese ,chocolate,dessert,soda,citrus fruit,rolls/buns,other vegetables,butter milk,pip fruit,berries
pastry,root vegetables,whole milk,flower (seeds),sausage,beef,bottled water,yogurt,frozen meals,oil,other vegetables,waffles,butter milk,bottled beer,herbs,meat
whole milk,sausage,yogurt,napkins,pork,shopping bags,rolls/buns,brown bread,fruit/vegetable juice,frankfurter
whole milk,baking powder,chocolate marshmallow,candles,soda,pip fruit,whipped/sour cream,photo/film,coffee,white wine,grapes
curd,liquor,cleaner,meat,chocolate,specialty bar,bottled beer,butter,fruit/vegetable juice,pip fruit,nut snack,red/blush wine
domestic eggs,pastry,whole milk,tropical fruit,sliced cheese,mustard,soda,shopping bags,rolls/buns,white bread,dog food,other vegetables,frankfurter,mayonnaise,long life bakery product
salty snack,whole milk,pastry,newspapers,canned beer,specialty bar,soda,rolls/buns,white bread,other vegetables,whipped/sour cream,candy,red/blush wine
domestic eggs,newspapers,canned beer,pasta,bags,frozen dessert,dessert,rolls/buns,butter,fruit/vegetable juice
chicken,hamburger meat,pip fruit,onions,other vegetables,whole milk,butter,yogurt,whipped/sour cream,white bread,long life bakery product,chocolate
domestic eggs,pastry,beef,tropical fruit,citrus fruit,soda,spread cheese,pot plants,other vegetables,long life bakery product
whole milk,baking powder,cooking chocolate,bottled water,candles,canned beer,soda,rolls/buns,pot plants,roll products ,pip fruit
whole milk,sausage,sliced cheese,canned beer,chocolate,dessert,white bread,brown bread,hard cheese,rolls/buns,other vegetables,pip fruit
butter,curd,napkins,soda,citrus fruit,UHT-milk,hygiene articles,other vegetables,softener,candy,frankfurter,pip fruit,bottled beer
condensed milk,pastry,whole milk,domestic eggs,root vegetables,curd,frozen vegetables,tropical fruit,yogurt,cream cheese ,rolls/buns,other vegetables,frankfurter
pip fruit,other vegetables,butter milk,frozen vegetables,brown bread,soups,sauces,fruit/vegetable juice,long life bakery product,cling film/bags
tropical fruit,newspapers,canned beer,chocolate,pork,citrus fruit,soda,rolls/buns,other vegetables,hygiene articles,pip fruit
pastry,whole milk,tropical fruit,newspapers,frozen fish,soda,shopping bags,dishes,hygiene articles,white wine,grapes
pastry,misc. beverages,whole milk,sausage,specialty cheese,pork,bottled beer,shopping bags,beverages,white bread,potato products,pip fruit
pastry,whole milk,spices,bottled water,tropical fruit,sausage,newspapers,dessert,soda,canned fish,rolls/buns,fruit/vegetable juice,bottled beer,grapes
turkey,citrus fruit,tropical fruit,pip fruit,berries,root vegetables,herbs,whole milk,butter,frozen vegetables,sauces,pickled vegetables,bottled water,rubbing alcohol,hygiene articles,napkins,flower (seeds)
baking powder,bottled water,tropical fruit,seasonal products,yogurt,popcorn,shopping bags,whipped/sour cream,specialty chocolate,finished products
sausage,meat,pip fruit,other vegetables,yogurt,rolls/buns,brown bread,bottled water,soda,fruit/vegetable juice,newspapers
misc. beverages,beef,yogurt,frozen fish,margarine,soda,UHT-milk,rolls/buns,waffles,red/blush wine
sausage,tropical fruit,citrus fruit,soda,flour,rolls/buns,hygiene articles,other vegetables,meat,frankfurter,long life bakery product,photo/film
tropical fruit,pip fruit,root vegetables,whole milk,yogurt,rolls/buns,sweet spreads,cat food,pet care,hygiene articles,shopping bags
whole milk,bottled water,house keeping products,pork,soda,citrus fruit,UHT-milk,hygiene articles,bottled beer,zwieback
chicken,dessert,yogurt,frozen vegetables,domestic eggs,salt,pasta,specialty fat,bottled water,newspapers
frankfurter,root vegetables,whole milk,butter milk,whipped/sour cream,rolls/buns,pastry,vinegar,coffee,bottled water,dish cleaner,female sanitary products
domestic eggs,misc. beverages,root vegetables,whole milk,bottled water,tropical fruit,yogurt,female sanitary products,soda,processed cheese,rolls/buns
meat,citrus fruit,pip fruit,curd,yogurt,whipped/sour cream,domestic eggs,pastry,flour,fruit/vegetable juice,bottled beer,salty snack,chocolate,cooking chocolate,hygiene articles,napkins,shopping bags
pastry,frozen vegetables,whole milk,hamburger meat,tropical fruit,newspapers,pasta,napkins,dessert,citrus fruit,rolls/buns,butter,coffee,sweet spreads
frozen vegetables,curd,sausage,canned beer,soda,whipped/sour cream,frankfurter,candy,long life bakery product,jam
flower (seeds),whole milk,bottled water,yogurt,canned beer,frozen meals,chocolate,rice,popcorn,butter,whipped/sour cream,bottled beer
pastry,root vegetables,frozen vegetables,bottled water,napkins,salt,citrus fruit,pip fruit,hygiene articles,other vegetables,coffee,butter milk,chewing gum,dish cleaner
whole milk,root vegetables,onions,zwieback,other vegetables,soups,pot plants,pip fruit,bottled beer,fruit/vegetable juice
tropical fruit,canned beer,snack products,soda,tea,shopping bags,canned vegetables,brown bread,other vegetables,oil,fruit/vegetable juice,grapes
domestic eggs,misc. beverages,root vegetables,whole milk,curd,bottled water,cream cheese ,newspapers,napkins,canned beer,citrus fruit,shopping bags,rolls/buns,other vegetables,red/blush wine
whole milk,curd,root vegetables,tropical fruit,yogurt,frozen meals,pork,margarine,butter milk,pip fruit
whole milk,tropical fruit,newspapers,canned beer,yogurt,ice cream,soda,brown bread,butter,pip fruit
pork,pip fruit,other vegetables,whole milk,yogurt,frozen fish,flour,sugar,baking powder,long life bakery product,chewing gum
whole milk,frozen vegetables,pickled vegetables,napkins,female sanitary products,UHT-milk,rolls/buns,organic sausage,butter,cat food,pip fruit,meat
pastry,root vegetables,sausage,canned beer,white wine,soda,sauces,shopping bags,butter,red/blush wine,dish cleaner
beef,citrus fruit,pip fruit,root vegetables,other vegetables,whipped/sour cream,margarine,canned vegetables,cat food,shopping bags
ham,whole milk,curd,sausage,tropical fruit,house keeping products,softener,pork,shopping bags,rolls/buns,whipped/sour cream,fruit/vegetable juice,butter milk,sweet spreads
pastry,whole milk,frozen vegetables,tropical fruit,cream cheese ,chocolate,soda,rolls/buns,pot plants,candy
root vegetables,liquor,beef,whole milk,bottled water,newspapers,canned beer,chicken,shopping bags,other vegetables,whipped/sour cream,pip fruit
sausage,chicken,beef,root vegetables,other vegetables,curd,yogurt,cream cheese ,ice cream,newspapers
pastry,root vegetables,bottled water,tropical fruit,sliced cheese,dessert,soda,shopping bags,rolls/buns,other vegetables,whipped/sour cream,pip fruit
pastry,flower (seeds),root vegetables,tropical fruit,UHT-milk,pot plants,other vegetables,coffee,red/blush wine,packaged fruit/vegetables
root vegetables,other vegetables,domestic eggs,sugar,instant coffee,bottled water,soda,bottled beer,red/blush wine,waffles,specialty chocolate
pastry,whole milk,newspapers,pasta,frozen meals,dessert,specialty bar,canned fish,brown bread,other vegetables,rolls/buns,coffee,pip fruit,zwieback
pork,hamburger meat,yogurt,cream cheese ,spread cheese,frozen vegetables,pasta,instant coffee,soda,waffles,specialty bar,seasonal products
frankfurter,pork,citrus fruit,pip fruit,other vegetables,whipped/sour cream,UHT-milk,salad dressing,frozen potato products,salty snack,newspapers
other vegetables,whole milk,frozen potato products,rolls/buns,pasta,instant coffee,soda,fruit/vegetable juice,bottled beer,cake bar,seasonal products
condensed milk,butter,whole milk,frozen vegetables,soft cheese,pastry,curd,ham,detergent,bottled water,pasta,margarine,processed cheese,soda,rolls/buns,whipped/sour cream,hard cheese
whole milk,tropical fruit,pork,frozen dessert,margarine,soda,rolls/buns,pot plants,other vegetables,pip fruit,packaged fruit/vegetables
sausage,meat,turkey,citrus fruit,tropical fruit,pip fruit,root vegetables,onions,herbs,other vegetables,whole milk,curd,yogurt,whipped/sour cream,soft cheese,cream cheese ,frozen vegetables,brown bread,pastry,semi-finished bread,margarine
liver loaf,pork,citrus fruit,tropical fruit,root vegetables,other vegetables,whole milk,curd,dessert,yogurt,frozen vegetables,brown bread,semi-finished bread,oil,dog food,fruit/vegetable juice
root vegetables,whole milk,bottled water,tropical fruit,yogurt,softener,chicken,citrus fruit,margarine,spread cheese,other vegetables,whipped/sour cream,bottled beer,herbs
citrus fruit,whole milk,sliced cheese,rolls/buns,pastry,roll products ,coffee,bottled water,soda,bottled beer,canned beer,rum,waffles,chocolate
whole milk,curd,yogurt,frozen vegetables,margarine,ketchup,cereals,canned fish,soda,cling film/bags
turkey,hamburger meat,root vegetables,other vegetables,whole milk,yogurt,hard cheese,cereals,long life bakery product,specialty chocolate,candy,hygiene articles
ham,beef,tropical fruit,pip fruit,other vegetables,whole milk,dessert,yogurt,whipped/sour cream,soft cheese,frozen potato products,rolls/buns,soda,long life bakery product,chocolate
domestic eggs,pastry,sausage,yogurt,napkins,dessert,citrus fruit,canned vegetables,other vegetables,pip fruit
chicken,hamburger meat,whole milk,rolls/buns,flour,margarine,coffee,canned beer,hygiene articles,shopping bags
male cosmetics,bottled water,canned beer,napkins,onions,cling film/bags,soda,shopping bags,beverages,rolls/buns,chewing gum,long life bakery product
sausage,ham,meat,pork,tropical fruit,pip fruit,grapes,other vegetables,whole milk,butter,whipped/sour cream,frozen meals,frozen fish,ice cream,domestic eggs,pastry,soda,syrup,detergent
pastry,whole milk,ham,tropical fruit,newspapers,chocolate,canned beer,chicken,soda,spread cheese,rolls/buns,waffles,long life bakery product
root vegetables,whole milk,sausage,soda,bottled beer,oil,rolls/buns,other vegetables,flour,pip fruit
tropical fruit,pip fruit,whole milk,curd,yogurt,frozen vegetables,frozen meals,white bread,instant coffee,misc. beverages,bottled beer,hygiene articles
tropical fruit,pip fruit,root vegetables,whole milk,yogurt,beverages,domestic eggs,white bread,sweet spreads,soda
salty snack,pastry,curd,napkins,cake bar,female sanitary products,Instant food products,chicken,other vegetables,whipped/sour cream,chewing gum
domestic eggs,whole milk,root vegetables,sausage,bottled water,yogurt,other vegetables,whipped/sour cream,bottled beer,berries
root vegetables,whole milk,beef,bottled water,frozen vegetables,yogurt,brown bread,rolls/buns,butter,bottled beer,cat food
frozen vegetables,beef,seasonal products,canned beer,frozen meals,chocolate,pot plants,specialty chocolate,coffee,sweet spreads
domestic eggs,sugar,bottled water,candles,napkins,ice cream,Instant food products,dishes,roll products ,specialty chocolate,coffee
ham,pastry,sausage,tropical fruit,newspapers,specialty cheese,canned vegetables,hygiene articles,brown bread,butter,fruit/vegetable juice,whipped/sour cream,long life bakery product
citrus fruit,pip fruit,other vegetables,whole milk,butter,cream cheese ,domestic eggs,vinegar,fruit/vegetable juice,softener,napkins
butter,whole milk,bottled water,newspapers,soda,margarine,shopping bags,hygiene articles,soups,hard cheese,red/blush wine,fruit/vegetable juice
pastry,curd,onions,ice cream,citrus fruit,soda,rolls/buns,dog food,fruit/vegetable juice,coffee,pip fruit,herbs,artif. sweetener
salty snack,misc. beverages,root vegetables,sugar,cake bar,ice cream,soda,pip fruit,white bread,coffee,bottled beer
beef,frozen vegetables,pickled vegetables,bottled water,tropical fruit,chocolate,canned beer,soda,pot plants,specialty chocolate,cat food
domestic eggs,whole milk,root vegetables,pickled vegetables,yogurt,detergent,ketchup,pork,soda,shopping bags,other vegetables,pot plants,whipped/sour cream,pip fruit,berries
sausage,pork,fish,citrus fruit,berries,whipped/sour cream,soda,fruit/vegetable juice,bathroom cleaner,soap
berries,root vegetables,whole milk,dessert,yogurt,whipped/sour cream,cream cheese ,semi-finished bread,canned fruit,fruit/vegetable juice
candy,whole milk,pork,ice cream,dessert,soda,shopping bags,whipped/sour cream,fruit/vegetable juice,specialty chocolate,bottled beer,berries
domestic eggs,curd,sausage,vinegar,yogurt,dessert,soda,rolls/buns,other vegetables,waffles,bottled beer
pastry,whole milk,root vegetables,vinegar,yogurt,cream cheese ,cling film/bags,pet care,soda,canned vegetables,shopping bags,other vegetables,butter,fruit/vegetable juice
domestic eggs,pastry,whole milk,salty snack,frozen vegetables,bottled water,tropical fruit,specialty bar,citrus fruit,soda,brown bread,other vegetables
citrus fruit,berries,onions,other vegetables,condensed milk,soft cheese,oil,pickled vegetables,specialty vegetables,coffee,bottled water,soda,bottled beer,dish cleaner,male cosmetics,cling film/bags
salty snack,whole milk,yogurt,canned beer,frozen meals,chocolate,citrus fruit,rice,shopping bags,other vegetables,pot plants,fruit/vegetable juice
sausage,chicken,beef,pip fruit,root vegetables,onions,yogurt,soft cheese,mayonnaise,margarine,jam,sweet spreads,coffee,bottled water,soda,dish cleaner
sausage,chicken,pip fruit,berries,other vegetables,dessert,yogurt,frozen vegetables,frozen meals,brown bread,semi-finished bread,ketchup,spices,ready soups,soda,canned beer,popcorn
domestic eggs,bottled water,tropical fruit,vinegar,yogurt,soda,shopping bags,brown bread,pip fruit,candy,berries
whole milk,yogurt,cream cheese ,oil,pickled vegetables,cat food,misc. beverages,long life bakery product,chocolate,specialty bar,dishes
salty snack,ketchup,mustard,citrus fruit,popcorn,soda,shopping bags,white bread,fruit/vegetable juice,bottled beer
root vegetables,curd,dessert,whipped/sour cream,pastry,sauces,coffee,soda,fruit/vegetable juice,newspapers
beef,tropical fruit,soda,citrus fruit,shopping bags,UHT-milk,other vegetables,fruit/vegetable juice,bottled beer,grapes
root vegetables,onions,other vegetables,yogurt,frozen meals,vinegar,canned vegetables,soda,salty snack,napkins
chicken,beef,citrus fruit,whole milk,cream cheese ,domestic eggs,rolls/buns,canned beer,napkins,shopping bags
domestic eggs,pastry,whole milk,bottled water,specialty chocolate,canned beer,flour,fruit/vegetable juice,frankfurter,pip fruit,candy
whole milk,bottled water,cream cheese ,canned beer,margarine,oil,pot plants,fruit/vegetable juice,specialty chocolate,butter milk
salty snack,root vegetables,whole milk,liquor,pastry,canned beer,onions,frozen dessert,ice cream,margarine,shopping bags,UHT-milk,syrup,whipped/sour cream,coffee
sausage,citrus fruit,other vegetables,dessert,yogurt,whipped/sour cream,hard cheese,curd cheese,white bread,semi-finished bread,cat food,bottled water,seasonal products,softener,flower soil/fertilizer,flower (seeds)
ham,whole milk,sausage,waffles,cream cheese,dessert,chicken,brown bread,other vegetables,butter,whipped/sour cream,light bulbs
domestic eggs,ham,whole milk,spices,frozen vegetables,sausage,bottled water,newspapers,onions,bottled beer,other vegetables,pip fruit,cat food
whole milk,root vegetables,yogurt,cling film/bags,frozen potato products,pork,specialty bar,soda,citrus fruit,other vegetables,fruit/vegetable juice,dish cleaner
onions,dessert,yogurt,domestic eggs,rolls/buns,brown bread,pastry,cat food,bottled water,soda,fruit/vegetable juice,long life bakery product,chocolate,female sanitary products,napkins
beef,whole milk,spices,yogurt,sliced cheese,pork,chicken,shopping bags,other vegetables,berries,jam
whole milk,seasonal products,newspapers,canned beer,specialty bar,chicken,margarine,shopping bags,pip fruit,chewing gum,berries
pastry,whole milk,bottled water,tropical fruit,specialty fat,yogurt,onions,pork,soda,oil,white bread,potato products,berries
flower (seeds),pastry,yogurt,chocolate,margarine,citrus fruit,soda,shopping bags,brown bread,waffles,cat food,finished products,long life bakery product
domestic eggs,ham,whole milk,pastry,baking powder,bottled water,chocolate marshmallow,dessert,white wine,soda,oil,whipped/sour cream,fruit/vegetable juice,chewing gum,berries
pastry,whole milk,baking powder,sausage,yogurt,chocolate,canned beer,cake bar,napkins,specialty bar,pet care,fish,soda,shopping bags,spread cheese,brown bread,semi-finished bread
root vegetables,whole milk,sausage,napkins,soda,white bread,brown bread,roll products ,bottled beer,semi-finished bread
ham,whole milk,bottled water,canned beer,chocolate,chocolate marshmallow,dessert,soda,processed cheese,fruit/vegetable juice,bottled beer
ham,whole milk,baking powder,sausage,bottled water,yogurt,cream cheese ,dessert,chicken,soda,margarine,brown bread,other vegetables
sausage,root vegetables,other vegetables,dessert,yogurt,whipped/sour cream,sliced cheese,domestic eggs,white bread,pastry,bottled water,fruit/vegetable juice,popcorn
domestic eggs,root vegetables,sausage,yogurt,pork,beverages,white bread,rolls/buns,white wine,cat food
whole milk,baking powder,yogurt,cocoa drinks,ice cream,soda,citrus fruit,shopping bags,white bread,other vegetables,skin care,sweet spreads
misc. beverages,pickled vegetables,tropical fruit,citrus fruit,soda,shopping bags,UHT-milk,rolls/buns,other vegetables,hygiene articles,fruit/vegetable juice,pip fruit,mayonnaise
whole milk,bottled water,ice cream,citrus fruit,pip fruit,brown bread,whipped/sour cream,specialty chocolate,butter milk,candy,dish cleaner
sugar,sausage,newspapers,canned beer,frozen fish,soda,chewing gum,rolls/buns,bottled beer,sweet spreads
pastry,whole milk,frozen vegetables,flower (seeds),baking powder,tropical fruit,cake bar,soda,rolls/buns,other vegetables,coffee
pastry,soft cheese,sausage,soda,shopping bags,spread cheese,rolls/buns,hard cheese,fruit/vegetable juice,butter milk,instant coffee
newspapers,detergent,onions,chewing gum,canned fish,rolls/buns,candy,frankfurter,pip fruit,sweet spreads
condensed milk,pastry,coffee,soda,red/blush wine,salty snack,nut snack,long life bakery product,waffles,cookware
whole milk,canned beer,cake bar,specialty bar,shopping bags,white bread,rolls/buns,brown bread,frankfurter,bottled beer,dish cleaner
whole milk,sausage,tropical fruit,yogurt,chocolate,frozen potato products,soda,beverages,shopping bags,rolls/buns,other vegetables,fruit/vegetable juice,coffee,pip fruit
frankfurter,root vegetables,bottled water,chocolate,soda,citrus fruit,flour,rolls/buns,specialty chocolate,pip fruit
pastry,frozen vegetables,whole milk,baking powder,house keeping products,newspapers,pork,rolls/buns,specialty chocolate,artif. sweetener
pastry,beef,whole milk,tropical fruit,frozen meals,citrus fruit,rolls/buns,other vegetables,whipped/sour cream,frankfurter
domestic eggs,whole milk,sausage,vinegar,ketchup,soda,margarine,canned fish,shopping bags,rolls/buns,other vegetables,waffles,frankfurter,cat food,long life bakery product,sweet spreads
salty snack,ham,beef,sausage,cream cheese ,frozen meals,napkins,pork,shopping bags,rolls/buns,other vegetables,waffles,hard cheese,brown bread,finished products,long life bakery product
pastry,whole milk,soft cheese,newspapers,chocolate,yogurt,onions,canned beer,salt,soda,liver loaf,bottled beer,shopping bags,beverages,white bread,frankfurter,pip fruit
tidbits,curd,liquor,pasta,onions,soda,dishes,brown bread,whipped/sour cream,berries
domestic eggs,whole milk,curd,bottled water,sausage,cleaner,yogurt,onions,hard cheese,bottled beer
chicken,citrus fruit,yogurt,UHT-milk,soft cheese,rolls/buns,margarine,mustard,coffee,kitchen towels,candles
bottled water,cream cheese ,chocolate,cream cheese,specialty bar,white bread,syrup,fruit/vegetable juice,coffee,cat food,sweet spreads
domestic eggs,whole milk,liquor (appetizer),newspapers,canned beer,soda,shopping bags,brown bread,rolls/buns,specialty chocolate
tropical fruit,yogurt,newspapers,onions,mustard,popcorn,spread cheese,other vegetables,fruit/vegetable juice,bottled beer,mayonnaise,grapes
pastry,whole milk,curd,tropical fruit,hamburger meat,frozen dessert,Instant food products,margarine,rolls/buns,other vegetables,frankfurter,semi-finished bread,jam
sausage,beef,other vegetables,frozen fish,domestic eggs,roll products ,margarine,sugar,baking powder,coffee,kitchen towels,shopping bags
citrus fruit,tropical fruit,pip fruit,grapes,onions,other vegetables,sliced cheese,cream cheese ,mayonnaise,ice cream,frozen dessert,margarine,mustard,soups,pickled vegetables,coffee,long life bakery product,chocolate,seasonal products,female sanitary products,hygiene articles,cling film/bags
beef,whole milk,root vegetables,bottled water,tropical fruit,pasta,pork,margarine,other vegetables,jam
beef,whole milk,sausage,hamburger meat,frozen potato products,citrus fruit,rolls/buns,frankfurter,coffee,sweet spreads
ham,cake bar,onions,soda,margarine,bottled beer,brown bread,other vegetables,specialty chocolate,pip fruit
curd,sparkling wine,vinegar,pasta,napkins,frozen dessert,nuts/prunes,soda,fruit/vegetable juice,pip fruit,light bulbs,sweet spreads
sausage,rum,pork,dessert,soda,shopping bags,rolls/buns,other vegetables,hard cheese,frankfurter
sausage,meat,other vegetables,curd,sliced cheese,domestic eggs,rolls/buns,pastry,cat food,bottled water,soda,newspapers,shopping bags
ham,whole milk,tropical fruit,hamburger meat,yogurt,cream cheese ,chocolate,soda,chicken,other vegetables
tropical fruit,pip fruit,whole milk,cream cheese ,frozen dessert,rolls/buns,bottled water,waffles,napkins,dishes
domestic eggs,whole milk,curd,bottled water,tropical fruit,pork,soda,rolls/buns,cat food,meat
sausage,citrus fruit,pip fruit,root vegetables,herbs,other vegetables,curd,yogurt,soft cheese,cat food,shopping bags
root vegetables,frozen vegetables,bottled water,tropical fruit,newspapers,tea,shopping bags,beverages,rolls/buns,meat,herbs,light bulbs,sweet spreads
whole milk,bottled water,tropical fruit,frozen meals,frozen dessert,citrus fruit,soda,beverages,pip fruit,berries,zwieback,red/blush wine
hamburger meat,whole milk,ice cream,domestic eggs,white bread,pastry,margarine,sweet spreads,soda,fruit/vegetable juice,syrup,red/blush wine,salty snack,popcorn,shopping bags
domestic eggs,pastry,beef,bottled water,newspapers,napkins,specialty bar,dessert,soda,beverages,brown bread,other vegetables,rolls/buns,whipped/sour cream
beef,root vegetables,whole milk,bottled water,tropical fruit,mustard,chicken,citrus fruit,rolls/buns,other vegetables,pip fruit
pastry,whole milk,curd,sausage,hamburger meat,newspapers,napkins,Instant food products,shopping bags,rolls/buns,hygiene articles,brown bread,fruit/vegetable juice
domestic eggs,baking powder,root vegetables,sausage,tropical fruit,yogurt,onions,pork,citrus fruit,other vegetables,flour,pip fruit
pastry,whole milk,chocolate,sweet spreads,margarine,soda,canned fish,other vegetables,waffles,flour,long life bakery product,instant coffee
pastry,root vegetables,whole milk,bottled water,yogurt,napkins,soda,canned fish,hygiene articles,waffles,specialty chocolate,whipped/sour cream,bottled beer,dish cleaner,jam
domestic eggs,pastry,whole milk,newspapers,specialty cheese,whipped/sour cream,citrus fruit,soda,chewing gum,shopping bags,dog food,butter,hard cheese,coffee,candy,semi-finished bread
pork,root vegetables,sliced cheese,frozen vegetables,frozen potato products,mustard,bottled water,fruit/vegetable juice,napkins,shopping bags
whole milk,curd,yogurt,onions,soda,bottled beer,canned vegetables,shopping bags,other vegetables,whipped/sour cream,pip fruit
salty snack,pastry,sausage,meat spreads,specialty cheese,dessert,soda,liver loaf,canned fish,brown bread
whole milk,sausage,tropical fruit,hamburger meat,newspapers,yogurt,frozen fish,pork,chewing gum,soda,brown bread,hard cheese,frankfurter,white wine,herbs,sweet spreads
butter,sausage,canned beer,rum,soda,liver loaf,margarine,shopping bags,rolls/buns,white bread,hard cheese,other vegetables,frankfurter,nut snack
tidbits,whole milk,curd,chicken,oil,beverages,brown bread,waffles,frankfurter,dental care,butter milk,long life bakery product
root vegetables,bottled water,yogurt,soda,bottled beer,shopping bags,butter,whipped/sour cream,white wine,cat food
whole milk,root vegetables,tropical fruit,yogurt,shopping bags,rolls/buns,other vegetables,whipped/sour cream,fruit/vegetable juice,chewing gum,berries,long life bakery product
candy,whole milk,curd,bottled water,chocolate,canned beer,soda,butter,hard cheese,specialty chocolate,waffles,white wine
sausage,ham,citrus fruit,other vegetables,butter,hard cheese,curd cheese,domestic eggs,rolls/buns,brown bread,margarine,soda,candy
frozen vegetables,whole milk,hamburger meat,yogurt,onions,pork,oil,whipped/sour cream,fruit/vegetable juice,cat food
domestic eggs,beef,curd,root vegetables,frozen vegetables,pickled vegetables,yogurt,sliced cheese,canned beer,specialty vegetables,napkins,pork,female sanitary products,soda,pip fruit
frankfurter,other vegetables,yogurt,beverages,hard cheese,rolls/buns,canned fish,soda,canned beer,brandy,shopping bags
domestic eggs,salty snack,root vegetables,skin care,ham,yogurt,brandy,shopping bags,brown bread,other vegetables,waffles,frankfurter,pip fruit,herbs
sausage,yogurt,napkins,mustard,shopping bags,other vegetables,fruit/vegetable juice,organic products,pip fruit,dish cleaner
pastry,whole milk,tropical fruit,pasta,citrus fruit,soda,sauces,beverages,shopping bags,brown bread,specialty chocolate,butter milk
misc. beverages,sugar,soft cheese,cream cheese ,ice cream,beverages,rolls/buns,white bread,specialty chocolate,candy
flower (seeds),curd,chocolate marshmallow,ice cream,soda,shopping bags,hard cheese,whipped/sour cream,candy,pudding powder
bottled water,detergent,specialty bar,soda,bottled beer,oil,hygiene articles,other vegetables,whipped/sour cream,dental care,pip fruit,decalcifier
whole milk,bottled water,sausage,yogurt,dessert,chicken,shopping bags,UHT-milk,canned vegetables,other vegetables,waffles,pip fruit,bottled beer,butter milk
salty snack,misc. beverages,butter,sliced cheese,frozen dessert,ice cream,beverages,rolls/buns,waffles,fruit/vegetable juice
domestic eggs,flower (seeds),whole milk,curd,sausage,seasonal products,tropical fruit,newspapers,detergent,dessert,citrus fruit,margarine,rolls/buns,brown bread,frankfurter,pip fruit
salty snack,whole milk,bottled water,liquor (appetizer),yogurt,cream cheese ,chicken,chewing gum,oil,hygiene articles,other vegetables,specialty chocolate,bottled beer
sugar,baking powder,whole milk,bottled water,yogurt,pasta,citrus fruit,margarine,soda,rolls/buns,whipped/sour cream,hard cheese,flour,butter milk
whole milk,newspapers,cling film/bags,pork,specialty bar,beverages,UHT-milk,hygiene articles,canned fish,other vegetables,coffee,candy
whole milk,beef,frozen vegetables,bottled water,yogurt,rolls/buns,other vegetables,photo/film,dental care,candy,dish cleaner,sweet spreads
pastry,whole milk,tropical fruit,yogurt,candles,soda,citrus fruit,rolls/buns,other vegetables,frankfurter
sausage,bottled water,yogurt,canned beer,newspapers,flour,brown bread,other vegetables,whipped/sour cream,frankfurter,candy
frankfurter,whole milk,yogurt,processed cheese,ice cream,frozen dessert,rolls/buns,white bread,brown bread,sugar,coffee,bottled water,soda,bottled beer,candy
sugar,tropical fruit,specialty fat,chocolate,specialty bar,soda,citrus fruit,spread cheese,brown bread,rolls/buns,fruit/vegetable juice,cat food
pastry,beef,whole milk,root vegetables,bottled water,seasonal products,newspapers,cake bar,citrus fruit,beverages,rolls/buns,hygiene articles,coffee
beef,whole milk,root vegetables,whisky,napkins,rolls/buns,other vegetables,butter,fruit/vegetable juice,flour,white wine,meat
whole milk,hamburger meat,yogurt,sauces,dishes,rolls/buns,other vegetables,dish cleaner,pip fruit,artif. sweetener
specialty chocolate,canned beer,pork,margarine,soda,beverages,rolls/buns,flour,bottled beer,instant coffee
whole milk,root vegetables,bottled water,tropical fruit,yogurt,cream cheese ,napkins,soda,rolls/buns,berries,cat food
frankfurter,meat,berries,root vegetables,butter,whipped/sour cream,frozen vegetables,domestic eggs,rolls/buns,oil,specialty fat,spices,baking powder,bottled beer,waffles,napkins
whole milk,root vegetables,sugar,yogurt,newspapers,processed cheese,sauces,beverages,rolls/buns,other vegetables,pip fruit
sausage,bottled water,yogurt,newspapers,soda,rolls/buns,meat,frankfurter,pip fruit,long life bakery product
domestic eggs,beef,root vegetables,bottled water,margarine,oil,hygiene articles,other vegetables,waffles,whipped/sour cream,red/blush wine,dish cleaner
pastry,frozen vegetables,sausage,tropical fruit,pork,soda,processed cheese,spread cheese,rolls/buns,other vegetables,butter,pip fruit,meat
pastry,frozen vegetables,curd,sausage,hamburger meat,candles,pork,citrus fruit,shopping bags,rolls/buns
ham,frozen vegetables,whole milk,sugar,bottled water,yogurt,snack products,processed cheese,rolls/buns,other vegetables,whipped/sour cream,fruit/vegetable juice,candy,berries,packaged fruit/vegetables
sausage,pork,berries,other vegetables,whole milk,rolls/buns,brown bread,roll products ,margarine,sweet spreads,softener
salty snack,sugar,bottled water,soda,shopping bags,oil,rolls/buns,other vegetables,white bread,flour,coffee,bottled beer
misc. beverages,newspapers,canned beer,napkins,salt,shopping bags,rolls/buns,butter,frankfurter,semi-finished bread
pastry,bottled water,sausage,margarine,soda,UHT-milk,brown bread,rolls/buns,coffee,bottled beer
flower (seeds),root vegetables,whole milk,hamburger meat,yogurt,margarine,processed cheese,rolls/buns,other vegetables,coffee,pip fruit,zwieback
misc. beverages,whole milk,curd,beef,root vegetables,hamburger meat,yogurt,citrus fruit,brown bread,other vegetables,rolls/buns,bottled beer,herbs
whole milk,bottled water,sausage,tropical fruit,pasta,specialty bar,soda,rolls/buns,brown bread,butter,fruit/vegetable juice
condensed milk,domestic eggs,beef,whole milk,salty snack,pastry,sausage,newspapers,canned beer,sliced cheese,pork,soda,rolls/buns,waffles,fruit/vegetable juice,sparkling wine,long life bakery product
domestic eggs,ham,beef,pastry,bottled water,tropical fruit,cream cheese ,newspapers,citrus fruit,soda,UHT-milk,rolls/buns,other vegetables
whole milk,bottled water,tropical fruit,canned beer,frozen fish,onions,pork,soda,rolls/buns,other vegetables,butter,specialty chocolate
whole milk,curd,sausage,tropical fruit,hamburger meat,cream cheese ,salt,whipped/sour cream,fruit/vegetable juice,pip fruit
pastry,root vegetables,tropical fruit,hamburger meat,chocolate,citrus fruit,rolls/buns,other vegetables,roll products,coffee,pip fruit
beef,whole milk,root vegetables,yogurt,napkins,frozen potato products,rolls/buns,brown bread,other vegetables,chewing gum
ham,sausage,chocolate,snack products,turkey,cake bar,mustard,chicken,citrus fruit,shopping bags
pastry,sausage,yogurt,chocolate,frozen meals,frozen fish,pork,citrus fruit,soda,canned vegetables,other vegetables,hard cheese
domestic eggs,pastry,whole milk,sausage,hamburger meat,tropical fruit,cream cheese ,citrus fruit,soda,dishes,spread cheese,rolls/buns,other vegetables,frankfurter,herbs,meat
domestic eggs,whole milk,bottled water,tropical fruit,sausage,yogurt,specialty cheese,citrus fruit,margarine,other vegetables
misc. beverages,sugar,root vegetables,frozen vegetables,bottled water,yogurt,newspapers,onions,pip fruit,rolls/buns,pot plants,fruit/vegetable juice,flour,butter milk,red/blush wine,hair spray
condensed milk,domestic eggs,root vegetables,frozen vegetables,onions,Instant food products,bottled beer,shopping bags,rolls/buns,frankfurter,mayonnaise
beef,herbs,other vegetables,whole milk,dessert,yogurt,whipped/sour cream,mayonnaise,domestic eggs,brown bread,sweet spreads,cat food,soda,fruit/vegetable juice
bottled water,tropical fruit,sausage,chocolate,white wine,ice cream,soda,hygiene articles,bottled beer,cat food
misc. beverages,whole milk,pastry,frozen vegetables,yogurt,canned beer,cling film/bags,napkins,tea,shopping bags,bottled beer,herbs,red/blush wine
whole milk,curd,yogurt,shopping bags,white bread,other vegetables,butter,fruit/vegetable juice,frankfurter,pip fruit,meat
whole milk,liquor (appetizer),newspapers,canned beer,yogurt,chicken,soda,citrus fruit,hygiene articles,softener,candy
salty snack,whole milk,root vegetables,beef,candy,yogurt,napkins,margarine,processed cheese,spread cheese,white bread,whipped/sour cream,fruit/vegetable juice,flour,waffles,pip fruit
pastry,whole milk,bottled water,specialty chocolate,yogurt,canned beer,napkins,chewing gum,soda,rolls/buns,frankfurter,pip fruit
root vegetables,onions,other vegetables,whole milk,whipped/sour cream,specialty cheese,frozen meals,rolls/buns,white bread,pastry,canned vegetables,sweet spreads
liver loaf,ham,pip fruit,root vegetables,other vegetables,whole milk,curd,dessert,butter milk,yogurt,mayonnaise,white bread,pastry,rice,sugar,pet care,coffee,soda,fruit/vegetable juice,salty snack,long life bakery product,napkins
other vegetables,cream cheese ,white bread,jam,coffee,bottled water,soda,fruit/vegetable juice,canned beer,red/blush wine,cling film/bags
tropical fruit,whole milk,spread cheese,cat food,coffee,bottled water,soda,misc. beverages,fruit/vegetable juice,shopping bags
whole milk,sausage,house keeping products,chocolate,newspapers,cling film/bags,soda,oil,brown bread,rolls/buns,butter,hard cheese,pip fruit
pastry,whole milk,misc. beverages,bottled water,yogurt,specialty cheese,soda,shopping bags,white bread,other vegetables,whipped/sour cream,cat food
yogurt,sliced cheese,frozen fish,napkins,frozen dessert,ice cream,pork,hygiene articles,white bread,whipped/sour cream
yogurt,ketchup,tea,shopping bags,hard cheese,fruit/vegetable juice,whipped/sour cream,bottled beer,butter milk,red/blush wine
misc. beverages,whole milk,pastry,yogurt,citrus fruit,dishes,rolls/buns,other vegetables,butter,coffee,zwieback,jam
condensed milk,pastry,root vegetables,snack products,citrus fruit,oil,rolls/buns,other vegetables,frankfurter,coffee,photo/film
ham,root vegetables,pastry,sausage,yogurt,cream cheese ,beverages,other vegetables,flour,pip fruit,bottled beer,herbs
sausage,beef,hamburger meat,yogurt,soft cheese,cream cheese ,domestic eggs,rolls/buns,pastry,instant coffee
whole milk,frozen vegetables,bottled water,nut snack,citrus fruit,spread cheese,fruit/vegetable juice,frankfurter,pip fruit,meat
ham,root vegetables,whole milk,sugar,bottled water,tropical fruit,canned beer,chicken,citrus fruit,other vegetables,butter,white wine
domestic eggs,beef,sugar,yogurt,newspapers,napkins,dishes,UHT-milk,rolls/buns,fruit/vegetable juice,cat food
domestic eggs,ham,bottled water,seasonal products,newspapers,chocolate marshmallow,napkins,dishes,rolls/buns,brown bread,zwieback
pastry,whole milk,tropical fruit,specialty fat,yogurt,napkins,specialty bar,salt,citrus fruit,margarine,rolls/buns,cat food,bottled beer,semi-finished bread,dish cleaner
pastry,whole milk,yogurt,cream cheese ,rolls/buns,other vegetables,honey,hard cheese,frankfurter,coffee,candy,cat food
frankfurter,sausage,chicken,other vegetables,frozen meals,salt,sugar,soups,coffee,chewing gum,male cosmetics,hygiene articles,napkins,light bulbs
beef,whole milk,bottled water,newspapers,onions,cake bar,soda,dishes,beverages,rolls/buns,white wine,meat
pastry,whole milk,curd,newspapers,napkins,margarine,shopping bags,UHT-milk,rolls/buns,brown bread,hard cheese,beverages,frankfurter,white bread,mayonnaise
sausage,pork,beef,root vegetables,butter,yogurt,spread cheese,rolls/buns,brown bread,pastry,oil,canned fish
pastry,whole milk,sausage,tropical fruit,margarine,soda,chewing gum,shopping bags,rolls/buns,other vegetables,pip fruit,meat
frankfurter,citrus fruit,tropical fruit,pip fruit,other vegetables,whole milk,curd,yogurt,whipped/sour cream,domestic eggs,sugar,bottled water,salty snack,candy,hygiene articles
pip fruit,other vegetables,whole milk,butter,curd,rolls/buns,margarine,baking powder,bottled water,bottled beer,canned beer,cooking chocolate,napkins
root vegetables,bottled water,tropical fruit,newspapers,onions,pork,bottled beer,shopping bags,other vegetables,white wine
domestic eggs,whole milk,curd,dessert,soda,shopping bags,hygiene articles,brown bread,fruit/vegetable juice,photo/film,candy
pastry,whole milk,tropical fruit,yogurt,salt,UHT-milk,brown bread,other vegetables,rolls/buns,pip fruit
chicken,beef,tropical fruit,root vegetables,onions,other vegetables,pickled vegetables,canned fish,bottled water,misc. beverages,fruit/vegetable juice,napkins
whole milk,yogurt,canned beer,chocolate,newspapers,citrus fruit,soda,spread cheese,rolls/buns,other vegetables
condensed milk,root vegetables,pickled vegetables,liquor (appetizer),canned beer,rolls/buns,photo/film,coffee,pip fruit,nuts/prunes
root vegetables,whole milk,curd,frozen vegetables,tropical fruit,yogurt,other vegetables,butter,frankfurter,white wine,red/blush wine
organic sausage,chicken,citrus fruit,grapes,other vegetables,butter,yogurt,whipped/sour cream,rolls/buns,seasonal products,hygiene articles
whole milk,root vegetables,soft cheese,bottled water,liquor (appetizer),newspapers,chocolate,candles,pork,whipped/sour cream,soda,coffee,hard cheese,waffles,meat
sausage,citrus fruit,pip fruit,whole milk,cream cheese ,tidbits,domestic eggs,pastry,sugar,fruit/vegetable juice,chocolate,chocolate marshmallow
misc. beverages,whole milk,curd,yogurt,frozen meals,margarine,rolls/buns,fruit/vegetable juice,coffee,finished products
whole milk,curd,tropical fruit,yogurt,soda,oil,brown bread,whipped/sour cream,bottled beer,herbs
frankfurter,pip fruit,root vegetables,other vegetables,whole milk,soft cheese,cream cheese ,frozen vegetables,salt,specialty fat,sugar,jam,canned fish,coffee,fruit/vegetable juice,long life bakery product,waffles,chocolate,shopping bags
frankfurter,root vegetables,whole milk,frozen vegetables,coffee,soda,long life bakery product,napkins,house keeping products,newspapers,shopping bags
pastry,beef,whole milk,yogurt,candles,margarine,citrus fruit,UHT-milk,rolls/buns,other vegetables,butter,long life bakery product
pastry,whole milk,sausage,yogurt,canned beer,pasta,citrus fruit,beverages,waffles,specialty chocolate
sausage,citrus fruit,other vegetables,hard cheese,cream cheese ,frozen dessert,artif. sweetener,coffee,cling film/bags,newspapers
misc. beverages,whole milk,bottled water,yogurt,canned beer,specialty cheese,soda,other vegetables,fruit/vegetable juice,specialty chocolate,finished products
domestic eggs,beef,whole milk,root vegetables,canned beer,specialty bar,pork,hygiene articles,other vegetables,rolls/buns
ham,sugar,whole milk,root vegetables,tropical fruit,canned beer,napkins,chicken,citrus fruit,whipped/sour cream,photo/film,bottled beer
pork,hamburger meat,pip fruit,herbs,other vegetables,whole milk,butter,sliced cheese,processed cheese,rolls/buns,pastry,roll products ,margarine
sausage,ham,pip fruit,whole milk,butter milk,yogurt,hard cheese,spread cheese,rolls/buns,pastry,margarine,salty snack,shopping bags
beef,whole milk,citrus fruit,chicken,rolls/buns,brown bread,white bread,hard cheese,frankfurter,coffee,bottled beer,semi-finished bread,long life bakery product
pastry,sugar,whole milk,tropical fruit,newspapers,frozen meals,pork,mustard,shopping bags,rolls/buns,bottled beer
domestic eggs,pastry,whole milk,hamburger meat,chocolate,napkins,rolls/buns,other vegetables,hard cheese,candy,pip fruit
domestic eggs,root vegetables,whole milk,curd,frozen vegetables,hamburger meat,frozen fish,soda,rolls/buns,hard cheese,berries
domestic eggs,pastry,whole milk,sugar,frozen vegetables,bottled water,sausage,yogurt,dessert,soda,rolls/buns,pip fruit
pastry,root vegetables,whole milk,beef,yogurt,napkins,onions,liver loaf,shopping bags,rolls/buns,specialty chocolate
pastry,whole milk,chicken,soda,canned fish,rolls/buns,other vegetables,coffee,butter milk,pip fruit
domestic eggs,ham,whole milk,curd,soft cheese,hamburger meat,specialty cheese,onions,margarine,rolls/buns,other vegetables,butter milk,mayonnaise
whole milk,curd,frozen vegetables,yogurt,dessert,chicken,shopping bags,other vegetables,coffee,bottled beer,red/blush wine
domestic eggs,frankfurter,whole milk,curd,root vegetables,bottled water,tropical fruit,hamburger meat,detergent,Instant food products,citrus fruit,bottled beer,shopping bags,whipped/sour cream,specialty chocolate,pip fruit
baking powder,whole milk,bottled water,tropical fruit,specialty bar,citrus fruit,soda,popcorn,brown bread,other vegetables,butter,cat food
pastry,whole milk,canned beer,frozen fish,onions,chicken,soda,citrus fruit,shopping bags,brown bread,other vegetables,rolls/buns,pot plants,white wine
pork,tropical fruit,whole milk,curd,frozen meals,domestic eggs,margarine,pickled vegetables,soda,bottled beer,pot plants
pastry,whole milk,frozen vegetables,newspapers,kitchen towels,soda,brown bread,rolls/buns,waffles,fruit/vegetable juice,chewing gum
pastry,whole milk,frozen vegetables,misc. beverages,pork,citrus fruit,rolls/buns,other vegetables,flour,mayonnaise
liquor (appetizer),newspapers,canned beer,napkins,soda,chewing gum,dishes,beverages,photo/film,bottled beer
sausage,pork,beef,hamburger meat,grapes,root vegetables,other vegetables,dessert,rolls/buns,dog food,napkins
salty snack,pickled vegetables,sausage,tropical fruit,canned beer,UHT-milk,rolls/buns,grapes,coffee,bottled beer,dish cleaner,jam
root vegetables,whole milk,sausage,bottled water,yogurt,frozen fish,pork,citrus fruit,soda,rolls/buns,other vegetables,hard cheese,frankfurter,berries
root vegetables,whole milk,bottled water,sausage,cream cheese ,newspapers,napkins,canned beer,soda,shopping bags,rolls/buns,waffles,butter milk,herbs
flower (seeds),root vegetables,whole milk,bottled water,sausage,brandy,mustard,rolls/buns,other vegetables,butter
whole milk,male cosmetics,hamburger meat,tropical fruit,yogurt,canned beer,white wine,soda,fruit/vegetable juice,candy,meat
pastry,whole milk,newspapers,margarine,soda,shopping bags,white bread,other vegetables,fruit/vegetable juice,frankfurter
condensed milk,ham,whole milk,salty snack,tropical fruit,yogurt,canned beer,citrus fruit,soda,whipped/sour cream,coffee
pastry,root vegetables,spices,sugar,onions,cream cheese,pork,soda,margarine,other vegetables
citrus fruit,pip fruit,root vegetables,onions,herbs,other vegetables,whole milk,butter,processed cheese,frozen vegetables,bottled water,red/blush wine,long life bakery product,chocolate,rubbing alcohol,hygiene articles,napkins
yogurt,chocolate,cream cheese ,meat,specialty bar,soda,shopping bags,rolls/buns,white bread,fruit/vegetable juice,finished products,long life bakery product
domestic eggs,bottled water,sausage,yogurt,canned beer,soda,margarine,shopping bags,other vegetables,whipped/sour cream
pastry,root vegetables,canned beer,soda,rolls/buns,other vegetables,photo/film,coffee,chewing gum,red/blush wine
pastry,sausage,yogurt,chocolate,soda,rolls/buns,dog food,other vegetables,frankfurter,pip fruit,sweet spreads
ham,whole milk,frozen vegetables,liquor,yogurt,rum,pork,shopping bags,rolls/buns,other vegetables,brown bread,frankfurter
chicken,citrus fruit,tropical fruit,other vegetables,whole milk,whipped/sour cream,rolls/buns,pastry,flour,specialty chocolate
frankfurter,sausage,citrus fruit,root vegetables,other vegetables,whole milk,yogurt,whipped/sour cream,frozen vegetables,white bread,brown bread,pasta,vinegar,soda,salty snack,detergent
beef,root vegetables,other vegetables,whole milk,dessert,yogurt,rolls/buns,margarine,jam,soda,liquor (appetizer),waffles,chocolate marshmallow,candy,bathroom cleaner,light bulbs
pastry,beef,male cosmetics,sausage,bottled water,turkey,Instant food products,citrus fruit,margarine,rolls/buns,flour,dental care,herbs
domestic eggs,ham,whole milk,pastry,beef,bottled water,root vegetables,tropical fruit,soda,tea,rolls/buns,bottled beer
finished products,chicken,pork,beef,hamburger meat,berries,butter,domestic eggs,rolls/buns,brown bread,pastry,flour,Instant food products,soda,salty snack,chocolate,specialty chocolate,hygiene articles,flower (seeds)
misc. beverages,salty snack,sausage,bottled water,canned beer,dessert,ice cream,soda,liver loaf,shopping bags,beverages,rolls/buns,fruit/vegetable juice,bottled beer
misc. beverages,whole milk,frozen vegetables,canned beer,chocolate,citrus fruit,soda,shopping bags,specialty chocolate,candy
cream,root vegetables,whole milk,curd,sausage,yogurt,mustard,margarine,oil,dishes,shopping bags,waffles,fruit/vegetable juice
bottled water,tropical fruit,yogurt,chocolate,meat spreads,dessert,pork,soda,shopping bags,rolls/buns,other vegetables,organic sausage,coffee
hamburger meat,root vegetables,frozen vegetables,rolls/buns,brown bread,margarine,soda,fruit/vegetable juice,white wine,kitchen towels,newspapers
citrus fruit,tropical fruit,pip fruit,grapes,berries,root vegetables,other vegetables,beverages,Instant food products,long life bakery product
condensed milk,ham,salty snack,domestic eggs,canned fruit,canned beer,beverages,rolls/buns,other vegetables,waffles
pastry,whole milk,sausage,chocolate,snack products,canned beer,frozen dessert,margarine,sauces,brown bread,frankfurter
frankfurter,sausage,other vegetables,whole milk,butter,curd,dessert,yogurt,brown bread,pastry,waffles,chocolate,dishes
condensed milk,domestic eggs,sugar,yogurt,oil,beverages,dishes,whipped/sour cream,flour,bottled beer
chicken,beef,pip fruit,berries,other vegetables,whole milk,whipped/sour cream,frozen fruits,frozen meals,domestic eggs,salty snack
whole milk,sausage,bottled water,rolls/buns,other vegetables,whipped/sour cream,brown bread,coffee,pip fruit,long life bakery product
domestic eggs,frozen vegetables,pickled vegetables,sausage,tropical fruit,newspapers,sliced cheese,napkins,ice cream,chicken,shopping bags,UHT-milk,rolls/buns,other vegetables,butter,brown bread,bottled beer
pork,yogurt,beverages,frozen vegetables,frozen meals,rolls/buns,potato products,bottled beer,chocolate marshmallow,kitchen towels
domestic eggs,pastry,ham,root vegetables,pasta,soda,citrus fruit,margarine,dishes,shopping bags,rolls/buns,fruit/vegetable juice,specialty chocolate
condensed milk,whole milk,tropical fruit,newspapers,shopping bags,rolls/buns,other vegetables,whipped/sour cream,waffles,nuts/prunes
pork,tropical fruit,root vegetables,whipped/sour cream,UHT-milk,frozen vegetables,roll products ,oil,bottled water,candy
flower (seeds),sugar,pastry,mustard,soda,shopping bags,rolls/buns,cookware,frankfurter,chewing gum,berries
whole milk,curd,frozen vegetables,bottled water,detergent,shopping bags,pot plants,butter,photo/film,bottled beer
candy,sugar,baking powder,sausage,hamburger meat,cream cheese ,sliced cheese,specialty bar,margarine,shopping bags,other vegetables,waffles,fruit/vegetable juice,chewing gum,sweet spreads
whole milk,frozen vegetables,sugar,canned beer,specialty cheese,ice cream,chicken,brown bread,dog food,other vegetables,chewing gum
pork,tropical fruit,root vegetables,herbs,whole milk,butter,domestic eggs,rolls/buns,baking powder,bottled water,rum,salty snack,chocolate,hygiene articles
pastry,whole milk,yogurt,frozen meals,pasta,salt,citrus fruit,other vegetables,butter,pip fruit
ham,flower (seeds),soft cheese,hamburger meat,tropical fruit,pasta,specialty cheese,chicken,canned vegetables,hard cheese,meat,berries,long life bakery product
misc. beverages,root vegetables,sparkling wine,specialty chocolate,canned beer,frozen meals,soda,shopping bags,frankfurter,chewing gum
tropical fruit,onions,spread cheese,coffee,canned beer,liquor (appetizer),red/blush wine,dental care,light bulbs,newspapers
sausage,meat,pork,root vegetables,other vegetables,sliced cheese,margarine,cat food,coffee,dental care
pastry,bottled water,yogurt,chocolate,frozen meals,pork,soda,shopping bags,brown bread,rolls/buns
frozen vegetables,whole milk,pickled vegetables,hamburger meat,frozen meals,rolls/buns,other vegetables,waffles,fruit/vegetable juice,pip fruit,bottled beer,cat food
domestic eggs,ham,whole milk,seasonal products,napkins,shopping bags,beverages,pot plants,butter,fruit/vegetable juice,whipped/sour cream,long life bakery product
bottled water,newspapers,bags,dessert,soda,brown bread,rolls/buns,fruit/vegetable juice,photo/film,bottled beer
salty snack,beef,root vegetables,soft cheese,newspapers,kitchen towels,dessert,margarine,rolls/buns,other vegetables,waffles,specialty chocolate
domestic eggs,pastry,salty snack,misc. beverages,whole milk,sausage,sugar,newspapers,chocolate,soda,beverages,canned fish,rolls/buns,finished products
misc. beverages,liquor,sausage,tropical fruit,canned beer,frozen meals,frozen dessert,citrus fruit,rolls/buns,bottled beer,red/blush wine
pastry,whole milk,newspapers,cake bar,specialty bar,shopping bags,waffles,frankfurter,pip fruit,bottled beer
misc. beverages,whole milk,beef,chocolate,napkins,margarine,soda,citrus fruit,brown bread,frankfurter,candy
ham,tropical fruit,pip fruit,grapes,berries,other vegetables,curd,dessert,yogurt,rolls/buns,margarine,honey,specialty chocolate,detergent,napkins,cling film/bags
salty snack,cake bar,specialty bar,bottled beer,white bread,rolls/buns,waffles,brown bread,frankfurter,pip fruit,zwieback
root vegetables,liquor,whole milk,sausage,cake bar,pork,salt,margarine,soda,shopping bags,brown bread,rolls/buns,long life bakery product
domestic eggs,whole milk,tropical fruit,newspapers,yogurt,specialty bar,beverages,rolls/buns,waffles,specialty chocolate
chicken,citrus fruit,root vegetables,other vegetables,beverages,ice cream,rice,Instant food products,sweet spreads,canned fish,soda,fruit/vegetable juice,red/blush wine,newspapers,shopping bags
beef,root vegetables,liquor,bottled beer,shopping bags,whipped/sour cream,candy,white wine,long life bakery product,red/blush wine
salty snack,root vegetables,whole milk,yogurt,detergent,dessert,specialty bar,citrus fruit,soda,other vegetables,waffles,meat
whole milk,hamburger meat,detergent,sliced cheese,fish,rolls/buns,pot plants,photo/film,candy,hair spray,long life bakery product
whole milk,beef,seasonal products,yogurt,sliced cheese,frozen meals,dessert,soda,rolls/buns,bottled beer
ham,whole milk,frozen vegetables,yogurt,frozen meals,pasta,canned fish,rolls/buns,candy,coffee,pip fruit,decalcifier,instant coffee
canned fruit,canned beer,frozen meals,female sanitary products,frozen potato products,pork,ice cream,margarine,shopping bags,rolls/buns,coffee
tropical fruit,root vegetables,other vegetables,butter,dessert,sliced cheese,frozen vegetables,ice cream,frozen dessert,rolls/buns,Instant food products,baking powder,canned fish,fruit/vegetable juice,newspapers,shopping bags
pastry,sugar,whole milk,sausage,bottled water,cereals,napkins,soda,rolls/buns,hygiene articles
whole milk,curd,tropical fruit,frozen potato products,dessert,pork,specialty bar,soda,white bread,specialty chocolate,bottled beer
misc. beverages,curd,canned beer,onions,shopping bags,spread cheese,other vegetables,waffles,frankfurter,white wine,semi-finished bread
beef,curd,canned beer,specialty cheese,pork,shopping bags,white bread,other vegetables,whipped/sour cream,dental care
whole milk,female sanitary products,pork,salt,soda,other vegetables,organic products,bottled beer,berries,cat food
root vegetables,whole milk,finished products,frozen potato products,soda,bottled beer,shopping bags,hard cheese,candy,frankfurter,pip fruit
misc. beverages,whole milk,bottled water,hamburger meat,canned beer,soda,margarine,canned vegetables,shopping bags,coffee,bottled beer,instant coffee
root vegetables,curd,pickled vegetables,whole milk,yogurt,specialty vegetables,onions,frozen fish,other vegetables,whipped/sour cream,waffles
salty snack,whole milk,canned beer,frozen fish,pork,soda,beverages,pot plants,fruit/vegetable juice,pip fruit
sausage,hamburger meat,citrus fruit,other vegetables,dessert,yogurt,frozen meals,frozen potato products,white bread,fruit/vegetable juice,long life bakery product,chocolate,candy,house keeping products
sugar,whole milk,liquor,yogurt,newspapers,soda,beverages,pot plants,hard cheese,bottled beer,red/blush wine
misc. beverages,whole milk,frozen vegetables,soft cheese,roll products ,tropical fruit,newspapers,frozen fish,frozen meals,pork,ice cream,margarine,whipped/sour cream,frankfurter
meat,turkey,tropical fruit,root vegetables,onions,other vegetables,whole milk,butter,yogurt,whipped/sour cream,sliced cheese,hard cheese,frozen meals,frozen dessert,domestic eggs,white bread,salt,rice,oil,margarine,mustard,baking powder,dog food,bottled water,fruit/vegetable juice,rum,long life bakery product,chocolate,cooking chocolate
pastry,bottled water,canned beer,napkins,frozen potato products,soda,oil,rolls/buns,hygiene articles,butter milk
pastry,whole milk,flower (seeds),canned beer,pork,soda,margarine,other vegetables,frankfurter,coffee
frankfurter,pork,beef,hamburger meat,other vegetables,whole milk,butter,curd,yogurt,whipped/sour cream,cream cheese ,frozen vegetables,domestic eggs,rolls/buns,sugar,mustard,ketchup,meat spreads,canned fish,bottled beer,chewing gum,decalcifier,hygiene articles
salty snack,whole milk,bottled water,newspapers,kitchen towels,ice cream,margarine,soda,other vegetables,butter,fruit/vegetable juice,dental care
frankfurter,pork,pip fruit,root vegetables,other vegetables,whole milk,butter milk,yogurt,cream cheese ,rolls/buns,brown bread,soda
frankfurter,tropical fruit,root vegetables,whole milk,curd,dessert,frozen vegetables,pastry,instant coffee,tea,newspapers
liquor,pickled vegetables,cereals,canned beer,chicken,processed cheese,soda,shopping bags,other vegetables,hard cheese,meat,specialty chocolate,white wine,long life bakery product
whole milk,newspapers,cereals,dessert,soda,processed cheese,white bread,other vegetables,rolls/buns,butter milk,pip fruit
whole milk,frozen vegetables,root vegetables,bottled water,yogurt,dessert,soda,shopping bags,UHT-milk,rolls/buns,butter milk
hamburger meat,pip fruit,other vegetables,whole milk,yogurt,cream cheese ,margarine,sugar,baking powder,meat spreads,bottled water,chewing gum
root vegetables,other vegetables,whole milk,butter,dessert,frozen meals,frozen fish,rice,bottled water,fruit/vegetable juice,long life bakery product,chocolate
salty snack,whole milk,sausage,cat food,newspapers,chocolate,rolls/buns,other vegetables,butter,waffles,long life bakery product
beef,hamburger meat,tropical fruit,root vegetables,onions,other vegetables,whole milk,butter,yogurt,whipped/sour cream,sliced cheese,mayonnaise,frozen vegetables,frozen potato products,rolls/buns,white bread,rice,oil,specialty fat,specialty vegetables,canned fish,coffee,instant coffee,bottled beer,liquor (appetizer),long life bakery product,chocolate,napkins,house keeping products
salty snack,whole milk,pastry,beef,sausage,female sanitary products,pork,rolls/buns,bottled beer,packaged fruit/vegetables,meat
whole milk,baking powder,bottled water,tropical fruit,yogurt,chocolate,newspapers,napkins,mustard,light bulbs,soda,rolls/buns,other vegetables,frankfurter,bottled beer,skin care,long life bakery product
chicken,citrus fruit,curd,yogurt,domestic eggs,rolls/buns,spices,bottled water,waffles,chocolate,shopping bags
citrus fruit,tropical fruit,other vegetables,whole milk,butter,whipped/sour cream,domestic eggs,sugar,salty snack,long life bakery product,napkins,shopping bags
root vegetables,frozen vegetables,bottled water,tropical fruit,napkins,onions,cake bar,chicken,soda,citrus fruit,brown bread,other vegetables,waffles,bottled beer
berries,root vegetables,herbs,other vegetables,whole milk,curd,cream cheese ,cereals,long life bakery product,waffles,shopping bags
cookware,salty snack,beef,frozen vegetables,whole milk,hamburger meat,cream cheese ,frozen meals,napkins,pork,margarine,potato products,frankfurter
whole milk,root vegetables,pickled vegetables,bottled water,tropical fruit,napkins,flour,shopping bags,dishes,rolls/buns,roll products ,frankfurter,bottled beer,meat
citrus fruit,tropical fruit,root vegetables,other vegetables,whole milk,yogurt,sliced cheese,hard cheese,specialty cheese,dog food,bottled water,newspapers
bottled water,white wine,oil,dishes,rolls/buns,other vegetables,softener,fruit/vegetable juice,butter milk,bottled beer
frankfurter,beef,pip fruit,whole milk,yogurt,whipped/sour cream,cream cheese ,frozen vegetables,flour,margarine,canned vegetables,pickled vegetables,coffee,bottled water,soda,misc. beverages,fruit/vegetable juice,salty snack,waffles,pot plants
citrus fruit,root vegetables,other vegetables,whole milk,whipped/sour cream,soft cheese,frozen vegetables,white bread,flour,margarine,baking powder,waffles,hygiene articles
salty snack,whole milk,candy,cream cheese ,candles,cake bar,soda,other vegetables,fruit/vegetable juice,pip fruit
tropical fruit,other vegetables,whole milk,curd,butter milk,yogurt,whipped/sour cream,cream cheese ,rolls/buns,pastry
root vegetables,whole milk,yogurt,newspapers,canned beer,frozen fruits,onions,rolls/buns,other vegetables,flour
tropical fruit,pip fruit,other vegetables,frozen vegetables,ice cream,brown bread,pastry,flour,pickled vegetables,coffee,soda,misc. beverages,fruit/vegetable juice
curd,flower soil/fertilizer,cream cheese ,canned beer,pasta,cake bar,snack products,dessert,soda,shopping bags,butter,candy
curd,bottled water,yogurt,newspapers,candles,cling film/bags,dessert,abrasive cleaner,shopping bags,UHT-milk,brown bread,other vegetables,dishes,candy
pork,root vegetables,other vegetables,whole milk,butter,whipped/sour cream,processed cheese,domestic eggs,rolls/buns,white bread,pastry,jam,soda,waffles,candy,napkins
ham,misc. beverages,salty snack,beef,bottled water,sausage,brandy,specialty bar,shopping bags,other vegetables,grapes
pip fruit,grapes,whole milk,yogurt,spread cheese,brown bread,semi-finished bread,rice,pickled vegetables,bottled beer,newspapers,pot plants
sausage,beef,citrus fruit,tropical fruit,nuts/prunes,root vegetables,other vegetables,whole milk,mayonnaise,oil,baking powder,pickled vegetables,chocolate,newspapers
frankfurter,pip fruit,nuts/prunes,onions,specialty cheese,brown bread,soda,fruit/vegetable juice,salty snack,chocolate,male cosmetics,shopping bags
frozen vegetables,whole milk,sugar,soft cheese,bottled water,pork,chicken,soda,citrus fruit,rice,margarine,soups
citrus fruit,tropical fruit,other vegetables,whole milk,butter,yogurt,whipped/sour cream,soft cheese,sliced cheese,hard cheese,roll products ,margarine,soda,misc. beverages,fruit/vegetable juice,chocolate,newspapers
finished products,tropical fruit,pip fruit,other vegetables,whole milk,frozen fish,pastry,canned fish,seasonal products,dental care,hygiene articles,pot plants
salty snack,curd,cream cheese ,chicken,margarine,soda,dishes,UHT-milk,rolls/buns,waffles,frankfurter,coffee
chicken,other vegetables,whole milk,domestic eggs,oil,margarine,sugar,coffee,bottled beer,specialty bar,candy
pastry,whole milk,beef,sausage,frozen meals,margarine,soda,pot plants,other vegetables,specialty chocolate
sausage,root vegetables,onions,herbs,other vegetables,UHT-milk,hard cheese,cream cheese ,frozen vegetables,rolls/buns,bottled water,soda,bottled beer,red/blush wine
misc. beverages,spices,pickled vegetables,sausage,tropical fruit,bottled water,oil,frankfurter,dental care,zwieback,long life bakery product
sugar,baking powder,tropical fruit,chicken,soda,whipped/sour cream,frankfurter,pip fruit,curd cheese,instant coffee
whole milk,baking powder,pickled vegetables,bottled water,frozen fish,napkins,brandy,soda,whipped/sour cream,semi-finished bread
chicken,pork,other vegetables,whole milk,butter,curd,margarine,pickled vegetables,waffles,specialty chocolate,hygiene articles
beef,root vegetables,herbs,packaged fruit/vegetables,whipped/sour cream,cream cheese ,vinegar,oil,margarine,soups,pickled vegetables,meat spreads,canned fish,fruit/vegetable juice,candles
root vegetables,whole milk,semi-finished bread,cat food,fruit/vegetable juice,canned beer,liquor (appetizer),waffles,hygiene articles,newspapers,shopping bags
whole milk,pickled vegetables,soft cheese,seasonal products,rum,dessert,citrus fruit,processed cheese,soda,white bread,butter,dental care
whole milk,frozen vegetables,bottled water,sausage,specialty cheese,citrus fruit,tea,UHT-milk,fruit/vegetable juice,sparkling wine
whole milk,curd,bottled water,sparkling wine,white wine,mustard,margarine,processed cheese,soda,shopping bags,UHT-milk,bottled beer,coffee,mayonnaise,cat food
frankfurter,pork,tropical fruit,root vegetables,other vegetables,whole milk,curd,butter milk,yogurt,frozen dessert,chewing gum
sugar,tropical fruit,chocolate,candles,bottled beer,processed cheese,tea,coffee,other vegetables,fruit/vegetable juice,butter milk,curd cheese
tropical fruit,pip fruit,other vegetables,butter milk,yogurt,whipped/sour cream,UHT-milk,margarine,sugar,waffles
pastry,root vegetables,sausage,waffles,canned beer,dessert,specialty bar,spread cheese,white bread,UHT-milk,butter,frankfurter,coffee,semi-finished bread
pip fruit,other vegetables,whole milk,butter milk,yogurt,cream cheese ,pasta,fruit/vegetable juice,dental care,hygiene articles,kitchen towels,photo/film
tidbits,soft cheese,canned beer,specialty bar,soda,bottled beer,oil,white bread,whipped/sour cream,pip fruit
pastry,yogurt,cake bar,dessert,light bulbs,soda,brown bread,hygiene articles,bottled beer,long life bakery product
domestic eggs,frankfurter,sausage,cream cheese ,cereals,canned beer,soda,shopping bags,other vegetables,pot plants,specialty chocolate
misc. beverages,baking powder,bottled water,specialty chocolate,yogurt,cream cheese ,chicken,soda,spread cheese,brown bread,long life bakery product,whipped/sour cream,UHT-milk,rolls/buns,mayonnaise,berries,meat
citrus fruit,pip fruit,root vegetables,other vegetables,butter,UHT-milk,frozen vegetables,pastry,margarine,sugar,soups,soda,bottled beer,long life bakery product,softener
bottled water,canned beer,meat spreads,specialty bar,soda,oil,UHT-milk,brown bread,rolls/buns,frankfurter
pork,citrus fruit,pip fruit,root vegetables,other vegetables,dessert,butter milk,sliced cheese,processed cheese,fruit/vegetable juice,chocolate,shopping bags
misc. beverages,yogurt,canned beer,napkins,soda,rolls/buns,hygiene articles,hard cheese,specialty chocolate,sweet spreads
domestic eggs,pastry,curd,bottled water,sausage,newspapers,citrus fruit,other vegetables,herbs,decalcifier
ham,beef,baking powder,sausage,bottled water,chocolate,UHT-milk,butter,fruit/vegetable juice,mayonnaise,meat
domestic eggs,finished products,hamburger meat,newspapers,ketchup,margarine,bottled beer,soda,chewing gum,white bread,other vegetables,fruit/vegetable juice,pip fruit,mayonnaise
whole milk,sparkling wine,newspapers,canned beer,chocolate,dessert,soda,chicken,other vegetables,pot plants,bottled beer
ham,root vegetables,other vegetables,dessert,brown bread,pasta,margarine,bottled water,fruit/vegetable juice,red/blush wine
domestic eggs,liquor,tropical fruit,yogurt,canned beer,cling film/bags,mustard,citrus fruit,canned fish,UHT-milk,dog food
domestic eggs,beef,root vegetables,bottled water,tropical fruit,yogurt,dessert,citrus fruit,soda,oil,pot plants,fruit/vegetable juice
misc. beverages,salty snack,sausage,chicken,bottled beer,spread cheese,rolls/buns,UHT-milk,butter,fruit/vegetable juice,photo/film,waffles,chewing gum
beef,whole milk,root vegetables,yogurt,newspapers,abrasive cleaner,soda,rolls/buns,white bread,butter,other vegetables,specialty chocolate,candy,meat
ham,meat,berries,other vegetables,whole milk,butter,yogurt,processed cheese,specialty cheese,white bread,margarine,specialty bar
domestic eggs,ham,frozen vegetables,sausage,roll products ,yogurt,newspapers,brown bread,other vegetables,rolls/buns,dish cleaner,coffee,semi-finished bread,meat
